{"type":"FeatureCollection","features":[{"type":"Feature","id":1,"geometry":{"type":"Point","coordinates":[49.594082000000071,-15.232812999999965]},"properties":{"OBJECTID":1,"ID":"CM001","Date":"2020-11-09","Fokontany":"Andaparaty","Habitat":"Hunting zone","Genus":"Rattus","Species":"Rattus rattus","Sex":"F","Number_of_Fleas":0,"X__cheopis_Count":0,"X__brasiliensis_Count":0,"S__fonquerniei_Count":0,"C__felis_Count":0,"E__gallinacea_Count":0,"F1_RDT":"neg","Bacteriology":"neg","qPCR":"neg","Serology":"neg","Source":"Ramasindrazana et al. 2025. PLoS Negl Trop Dis 19(11):e0013710 (journal_pntd_0013710_s001.xlsx)","Longitude":49.594082,"Latitude":-15.232813}},{"type":"Feature","id":2,"geometry":{"type":"Point","coordinates":[49.593569000000059,-15.232818999999949]},"properties":{"OBJECTID":2,"ID":"CM002","Date":"2020-11-09","Fokontany":"Andaparaty","Habitat":"Hunting zone","Genus":"Rattus","Species":"Rattus rattus","Sex":"M","Number_of_Fleas":0,"X__cheopis_Count":0,"X__brasiliensis_Count":0,"S__fonquerniei_Count":0,"C__felis_Count":0,"E__gallinacea_Count":0,"F1_RDT":"neg","Bacteriology":"neg","qPCR":"neg","Serology":"neg","Source":"Ramasindrazana et al. 2025. PLoS Negl Trop Dis 19(11):e0013710 (journal_pntd_0013710_s001.xlsx)","Longitude":49.593569000000002,"Latitude":-15.232818999999999}},{"type":"Feature","id":3,"geometry":{"type":"Point","coordinates":[49.593416000000047,-15.232712999999933]},"properties":{"OBJECTID":3,"ID":"CM003","Date":"2020-11-09","Fokontany":"Andaparaty","Habitat":"Hunting zone","Genus":"Eliurus","Species":"Eilurus webbi","Sex":"M","Number_of_Fleas":0,"X__cheopis_Count":0,"X__brasiliensis_Count":0,"S__fonquerniei_Count":0,"C__felis_Count":0,"E__gallinacea_Count":0,"F1_RDT":"neg","Bacteriology":"neg","qPCR":"neg","Serology":"neg","Source":"Ramasindrazana et al. 2025. PLoS Negl Trop Dis 19(11):e0013710 (journal_pntd_0013710_s001.xlsx)","Longitude":49.593415999999998,"Latitude":-15.232713}},{"type":"Feature","id":4,"geometry":{"type":"Point","coordinates":[49.611913000000072,-15.23294599999997]},"properties":{"OBJECTID":4,"ID":"CM004","Date":"2020-11-14","Fokontany":"Andaparaty","Habitat":"Village","Genus":"Rattus","Species":"Rattus rattus","Sex":"F","Number_of_Fleas":0,"X__cheopis_Count":0,"X__brasiliensis_Count":0,"S__fonquerniei_Count":0,"C__felis_Count":0,"E__gallinacea_Count":0,"F1_RDT":"neg","Bacteriology":"neg","qPCR":"neg","Serology":"neg","Source":"Ramasindrazana et al. 2025. PLoS Negl Trop Dis 19(11):e0013710 (journal_pntd_0013710_s001.xlsx)","Longitude":49.611913000000001,"Latitude":-15.232946}},{"type":"Feature","id":5,"geometry":{"type":"Point","coordinates":[49.613176000000067,-15.230681999999945]},"properties":{"OBJECTID":5,"ID":"CM005","Date":"2020-11-14","Fokontany":"Andaparaty","Habitat":"Village","Genus":"Rattus","Species":"Rattus rattus","Sex":"M","Number_of_Fleas":8,"X__cheopis_Count":0,"X__brasiliensis_Count":0,"S__fonquerniei_Count":0,"C__felis_Count":0,"E__gallinacea_Count":8,"F1_RDT":"neg","Bacteriology":"neg","qPCR":"neg","Serology":"neg","Source":"Ramasindrazana et al. 2025. PLoS Negl Trop Dis 19(11):e0013710 (journal_pntd_0013710_s001.xlsx)","Longitude":49.613176000000003,"Latitude":-15.230682}},{"type":"Feature","id":6,"geometry":{"type":"Point","coordinates":[49.612364000000071,-15.23229699999996]},"properties":{"OBJECTID":6,"ID":"CM006","Date":"2020-11-15","Fokontany":"Andaparaty","Habitat":"Village","Genus":"Rattus","Species":"Rattus rattus","Sex":"M","Number_of_Fleas":2,"X__cheopis_Count":2,"X__brasiliensis_Count":0,"S__fonquerniei_Count":0,"C__felis_Count":0,"E__gallinacea_Count":0,"F1_RDT":"neg","Bacteriology":"neg","qPCR":"neg","Serology":"neg","Source":"Ramasindrazana et al. 2025. PLoS Negl Trop Dis 19(11):e0013710 (journal_pntd_0013710_s001.xlsx)","Longitude":49.612363999999999,"Latitude":-15.232297000000001}},{"type":"Feature","id":7,"geometry":{"type":"Point","coordinates":[49.612712000000045,-15.233302999999978]},"properties":{"OBJECTID":7,"ID":"CM007","Date":"2020-11-15","Fokontany":"Andaparaty","Habitat":"Village","Genus":"Rattus","Species":"Rattus rattus","Sex":"F","Number_of_Fleas":0,"X__cheopis_Count":0,"X__brasiliensis_Count":0,"S__fonquerniei_Count":0,"C__felis_Count":0,"E__gallinacea_Count":0,"F1_RDT":"neg","Bacteriology":"neg","qPCR":"neg","Serology":"neg","Source":"Ramasindrazana et al. 2025. PLoS Negl Trop Dis 19(11):e0013710 (journal_pntd_0013710_s001.xlsx)","Longitude":49.612712000000002,"Latitude":-15.233302999999999}},{"type":"Feature","id":8,"geometry":{"type":"Point","coordinates":[49.611695000000054,-15.232802999999933]},"properties":{"OBJECTID":8,"ID":"CM008","Date":"2020-11-15","Fokontany":"Andaparaty","Habitat":"Village","Genus":"Rattus","Species":"Rattus rattus","Sex":"F","Number_of_Fleas":3,"X__cheopis_Count":3,"X__brasiliensis_Count":0,"S__fonquerniei_Count":0,"C__felis_Count":0,"E__gallinacea_Count":0,"F1_RDT":"neg","Bacteriology":"neg","qPCR":"neg","Serology":"neg","Source":"Ramasindrazana et al. 2025. PLoS Negl Trop Dis 19(11):e0013710 (journal_pntd_0013710_s001.xlsx)","Longitude":49.611694999999997,"Latitude":-15.232803000000001}},{"type":"Feature","id":9,"geometry":{"type":"Point","coordinates":[49.612055000000055,-15.232451999999967]},"properties":{"OBJECTID":9,"ID":"CM009","Date":"2020-11-15","Fokontany":"Andaparaty","Habitat":"Village","Genus":"Rattus","Species":"Rattus rattus","Sex":"F","Number_of_Fleas":0,"X__cheopis_Count":0,"X__brasiliensis_Count":0,"S__fonquerniei_Count":0,"C__felis_Count":0,"E__gallinacea_Count":0,"F1_RDT":"neg","Bacteriology":"neg","qPCR":"neg","Serology":"neg","Source":"Ramasindrazana et al. 2025. PLoS Negl Trop Dis 19(11):e0013710 (journal_pntd_0013710_s001.xlsx)","Longitude":49.612054999999998,"Latitude":-15.232452}},{"type":"Feature","id":10,"geometry":{"type":"Point","coordinates":[49.612624000000039,-15.231994999999927]},"properties":{"OBJECTID":10,"ID":"CM010","Date":"2020-11-15","Fokontany":"Andaparaty","Habitat":"Village","Genus":"Rattus","Species":"Rattus rattus","Sex":"F","Number_of_Fleas":1,"X__cheopis_Count":0,"X__brasiliensis_Count":0,"S__fonquerniei_Count":0,"C__felis_Count":0,"E__gallinacea_Count":1,"F1_RDT":"neg","Bacteriology":"neg","qPCR":"neg","Serology":"neg","Source":"Ramasindrazana et al. 2025. PLoS Negl Trop Dis 19(11):e0013710 (journal_pntd_0013710_s001.xlsx)","Longitude":49.612623999999997,"Latitude":-15.231995}},{"type":"Feature","id":11,"geometry":{"type":"Point","coordinates":[49.613176000000067,-15.230681999999945]},"properties":{"OBJECTID":11,"ID":"CM011","Date":"2020-11-15","Fokontany":"Andaparaty","Habitat":"Village","Genus":"Rattus","Species":"Rattus rattus","Sex":"F","Number_of_Fleas":0,"X__cheopis_Count":0,"X__brasiliensis_Count":0,"S__fonquerniei_Count":0,"C__felis_Count":0,"E__gallinacea_Count":0,"F1_RDT":"neg","Bacteriology":"neg","qPCR":"neg","Serology":"neg","Source":"Ramasindrazana et al. 2025. PLoS Negl Trop Dis 19(11):e0013710 (journal_pntd_0013710_s001.xlsx)","Longitude":49.613176000000003,"Latitude":-15.230682}},{"type":"Feature","id":12,"geometry":{"type":"Point","coordinates":[49.61339600000008,-15.231244999999944]},"properties":{"OBJECTID":12,"ID":"CM012","Date":"2020-11-15","Fokontany":"Andaparaty","Habitat":"Village","Genus":"Rattus","Species":"Rattus rattus","Sex":"F","Number_of_Fleas":0,"X__cheopis_Count":0,"X__brasiliensis_Count":0,"S__fonquerniei_Count":0,"C__felis_Count":0,"E__gallinacea_Count":0,"F1_RDT":"neg","Bacteriology":"neg","qPCR":"neg","Serology":"neg","Source":"Ramasindrazana et al. 2025. PLoS Negl Trop Dis 19(11):e0013710 (journal_pntd_0013710_s001.xlsx)","Longitude":49.613396000000002,"Latitude":-15.231244999999999}},{"type":"Feature","id":13,"geometry":{"type":"Point","coordinates":[49.612055000000055,-15.232451999999967]},"properties":{"OBJECTID":13,"ID":"CM013","Date":"2020-11-16","Fokontany":"Andaparaty","Habitat":"Village","Genus":"Rattus","Species":"Rattus rattus","Sex":"F","Number_of_Fleas":0,"X__cheopis_Count":0,"X__brasiliensis_Count":0,"S__fonquerniei_Count":0,"C__felis_Count":0,"E__gallinacea_Count":0,"F1_RDT":"neg","Bacteriology":"neg","qPCR":"neg","Serology":"neg","Source":"Ramasindrazana et al. 2025. PLoS Negl Trop Dis 19(11):e0013710 (journal_pntd_0013710_s001.xlsx)","Longitude":49.612054999999998,"Latitude":-15.232452}},{"type":"Feature","id":14,"geometry":{"type":"Point","coordinates":[49.612359000000026,-15.233111999999949]},"properties":{"OBJECTID":14,"ID":"CM014","Date":"2020-11-16","Fokontany":"Andaparaty","Habitat":"Village","Genus":"Rattus","Species":"Rattus rattus","Sex":"F","Number_of_Fleas":0,"X__cheopis_Count":0,"X__brasiliensis_Count":0,"S__fonquerniei_Count":0,"C__felis_Count":0,"E__gallinacea_Count":0,"F1_RDT":"neg","Bacteriology":"neg","qPCR":"neg","Serology":"neg","Source":"Ramasindrazana et al. 2025. PLoS Negl Trop Dis 19(11):e0013710 (journal_pntd_0013710_s001.xlsx)","Longitude":49.612358999999998,"Latitude":-15.233112}},{"type":"Feature","id":15,"geometry":{"type":"Point","coordinates":[49.612284000000045,-15.232319999999959]},"properties":{"OBJECTID":15,"ID":"CM015","Date":"2020-11-16","Fokontany":"Andaparaty","Habitat":"Village","Genus":"Rattus","Species":"Rattus rattus","Sex":"M","Number_of_Fleas":0,"X__cheopis_Count":0,"X__brasiliensis_Count":0,"S__fonquerniei_Count":0,"C__felis_Count":0,"E__gallinacea_Count":0,"F1_RDT":"neg","Bacteriology":"neg","qPCR":"neg","Serology":"neg","Source":"Ramasindrazana et al. 2025. PLoS Negl Trop Dis 19(11):e0013710 (journal_pntd_0013710_s001.xlsx)","Longitude":49.612284000000002,"Latitude":-15.23232}},{"type":"Feature","id":16,"geometry":{"type":"Point","coordinates":[49.612342000000069,-15.232188999999948]},"properties":{"OBJECTID":16,"ID":"CM016","Date":"2020-11-16","Fokontany":"Andaparaty","Habitat":"Village","Genus":"Rattus","Species":"Rattus rattus","Sex":"F","Number_of_Fleas":1,"X__cheopis_Count":1,"X__brasiliensis_Count":0,"S__fonquerniei_Count":0,"C__felis_Count":0,"E__gallinacea_Count":0,"F1_RDT":"neg","Bacteriology":"neg","qPCR":"neg","Serology":"neg","Source":"Ramasindrazana et al. 2025. PLoS Negl Trop Dis 19(11):e0013710 (journal_pntd_0013710_s001.xlsx)","Longitude":49.612341999999998,"Latitude":-15.232189}},{"type":"Feature","id":17,"geometry":{"type":"Point","coordinates":[49.612427000000082,-15.232186999999954]},"properties":{"OBJECTID":17,"ID":"CM017","Date":"2020-11-16","Fokontany":"Andaparaty","Habitat":"Village","Genus":"Rattus","Species":"Rattus rattus","Sex":"M","Number_of_Fleas":1,"X__cheopis_Count":1,"X__brasiliensis_Count":0,"S__fonquerniei_Count":0,"C__felis_Count":0,"E__gallinacea_Count":0,"F1_RDT":"neg","Bacteriology":"neg","qPCR":"neg","Serology":"neg","Source":"Ramasindrazana et al. 2025. PLoS Negl Trop Dis 19(11):e0013710 (journal_pntd_0013710_s001.xlsx)","Longitude":49.612426999999997,"Latitude":-15.232187}},{"type":"Feature","id":18,"geometry":{"type":"Point","coordinates":[49.61339600000008,-15.231244999999944]},"properties":{"OBJECTID":18,"ID":"CM018","Date":"2020-11-16","Fokontany":"Andaparaty","Habitat":"Village","Genus":"Rattus","Species":"Rattus rattus","Sex":"M","Number_of_Fleas":0,"X__cheopis_Count":0,"X__brasiliensis_Count":0,"S__fonquerniei_Count":0,"C__felis_Count":0,"E__gallinacea_Count":0,"F1_RDT":"neg","Bacteriology":"neg","qPCR":"neg","Serology":"neg","Source":"Ramasindrazana et al. 2025. PLoS Negl Trop Dis 19(11):e0013710 (journal_pntd_0013710_s001.xlsx)","Longitude":49.613396000000002,"Latitude":-15.231244999999999}},{"type":"Feature","id":19,"geometry":{"type":"Point","coordinates":[49.613192000000026,-15.229482999999959]},"properties":{"OBJECTID":19,"ID":"CM019","Date":"2020-11-16","Fokontany":"Andaparaty","Habitat":"Village","Genus":"Rattus","Species":"Rattus rattus","Sex":"M","Number_of_Fleas":0,"X__cheopis_Count":0,"X__brasiliensis_Count":0,"S__fonquerniei_Count":0,"C__felis_Count":0,"E__gallinacea_Count":0,"F1_RDT":"neg","Bacteriology":"neg","qPCR":"neg","Serology":"neg","Source":"Ramasindrazana et al. 2025. PLoS Negl Trop Dis 19(11):e0013710 (journal_pntd_0013710_s001.xlsx)","Longitude":49.613191999999998,"Latitude":-15.229483}},{"type":"Feature","id":20,"geometry":{"type":"Point","coordinates":[49.611440000000073,-15.23246899999998]},"properties":{"OBJECTID":20,"ID":"CM020","Date":"2020-11-17","Fokontany":"Andaparaty","Habitat":"Village","Genus":"Rattus","Species":"Rattus rattus","Sex":"F","Number_of_Fleas":0,"X__cheopis_Count":0,"X__brasiliensis_Count":0,"S__fonquerniei_Count":0,"C__felis_Count":0,"E__gallinacea_Count":0,"F1_RDT":"neg","Bacteriology":"neg","qPCR":"neg","Serology":"neg","Source":"Ramasindrazana et al. 2025. PLoS Negl Trop Dis 19(11):e0013710 (journal_pntd_0013710_s001.xlsx)","Longitude":49.611440000000002,"Latitude":-15.232469}},{"type":"Feature","id":21,"geometry":{"type":"Point","coordinates":[49.611822000000075,-15.232387999999958]},"properties":{"OBJECTID":21,"ID":"CM021","Date":"2020-11-17","Fokontany":"Andaparaty","Habitat":"Village","Genus":"Rattus","Species":"Rattus rattus","Sex":"F","Number_of_Fleas":0,"X__cheopis_Count":0,"X__brasiliensis_Count":0,"S__fonquerniei_Count":0,"C__felis_Count":0,"E__gallinacea_Count":0,"F1_RDT":"neg","Bacteriology":"neg","qPCR":"neg","Serology":"neg","Source":"Ramasindrazana et al. 2025. PLoS Negl Trop Dis 19(11):e0013710 (journal_pntd_0013710_s001.xlsx)","Longitude":49.611821999999997,"Latitude":-15.232388}},{"type":"Feature","id":22,"geometry":{"type":"Point","coordinates":[49.612284000000045,-15.232319999999959]},"properties":{"OBJECTID":22,"ID":"CM022","Date":"2020-11-17","Fokontany":"Andaparaty","Habitat":"Village","Genus":"Rattus","Species":"Rattus rattus","Sex":"F","Number_of_Fleas":0,"X__cheopis_Count":0,"X__brasiliensis_Count":0,"S__fonquerniei_Count":0,"C__felis_Count":0,"E__gallinacea_Count":0,"F1_RDT":"neg","Bacteriology":"neg","qPCR":"neg","Serology":"neg","Source":"Ramasindrazana et al. 2025. PLoS Negl Trop Dis 19(11):e0013710 (journal_pntd_0013710_s001.xlsx)","Longitude":49.612284000000002,"Latitude":-15.23232}},{"type":"Feature","id":23,"geometry":{"type":"Point","coordinates":[49.613176000000067,-15.230681999999945]},"properties":{"OBJECTID":23,"ID":"CM023","Date":"2020-11-17","Fokontany":"Andaparaty","Habitat":"Village","Genus":"Rattus","Species":"Rattus rattus","Sex":"M","Number_of_Fleas":0,"X__cheopis_Count":0,"X__brasiliensis_Count":0,"S__fonquerniei_Count":0,"C__felis_Count":0,"E__gallinacea_Count":0,"F1_RDT":"neg","Bacteriology":"neg","qPCR":"neg","Serology":"neg","Source":"Ramasindrazana et al. 2025. PLoS Negl Trop Dis 19(11):e0013710 (journal_pntd_0013710_s001.xlsx)","Longitude":49.613176000000003,"Latitude":-15.230682}},{"type":"Feature","id":24,"geometry":{"type":"Point","coordinates":[49.612131000000034,-15.232751999999948]},"properties":{"OBJECTID":24,"ID":"CM024","Date":"2020-11-17","Fokontany":"Andaparaty","Habitat":"Village","Genus":"Suncus","Species":"Suncus murinus","Sex":"F","Number_of_Fleas":1,"X__cheopis_Count":1,"X__brasiliensis_Count":0,"S__fonquerniei_Count":0,"C__felis_Count":0,"E__gallinacea_Count":0,"F1_RDT":"neg","Bacteriology":"neg","qPCR":"neg","Serology":"neg","Source":"Ramasindrazana et al. 2025. PLoS Negl Trop Dis 19(11):e0013710 (journal_pntd_0013710_s001.xlsx)","Longitude":49.612130999999998,"Latitude":-15.232752}},{"type":"Feature","id":25,"geometry":{"type":"Point","coordinates":[49.546009000000026,-15.358503999999982]},"properties":{"OBJECTID":25,"ID":"CM028","Date":"2020-12-13","Fokontany":"Ambalamahogo","Habitat":"Hunting zone","Genus":"Rattus","Species":"Rattus rattus","Sex":"M","Number_of_Fleas":0,"X__cheopis_Count":0,"X__brasiliensis_Count":0,"S__fonquerniei_Count":0,"C__felis_Count":0,"E__gallinacea_Count":0,"F1_RDT":"neg","Bacteriology":"neg","qPCR":"neg","Serology":"neg","Source":"Ramasindrazana et al. 2025. PLoS Negl Trop Dis 19(11):e0013710 (journal_pntd_0013710_s001.xlsx)","Longitude":49.546008999999998,"Latitude":-15.358504}},{"type":"Feature","id":26,"geometry":{"type":"Point","coordinates":[49.546009000000026,-15.358503999999982]},"properties":{"OBJECTID":26,"ID":"CM029","Date":"2020-12-13","Fokontany":"Ambalamahogo","Habitat":"Hunting zone","Genus":"Rattus","Species":"Rattus rattus","Sex":"F","Number_of_Fleas":0,"X__cheopis_Count":0,"X__brasiliensis_Count":0,"S__fonquerniei_Count":0,"C__felis_Count":0,"E__gallinacea_Count":0,"F1_RDT":"neg","Bacteriology":"neg","qPCR":"neg","Serology":"neg","Source":"Ramasindrazana et al. 2025. PLoS Negl Trop Dis 19(11):e0013710 (journal_pntd_0013710_s001.xlsx)","Longitude":49.546008999999998,"Latitude":-15.358504}},{"type":"Feature","id":27,"geometry":{"type":"Point","coordinates":[49.546009000000026,-15.358503999999982]},"properties":{"OBJECTID":27,"ID":"CM030","Date":"2020-12-13","Fokontany":"Ambalamahogo","Habitat":"Hunting zone","Genus":"Suncus","Species":"Suncus murinus","Sex":"F","Number_of_Fleas":0,"X__cheopis_Count":0,"X__brasiliensis_Count":0,"S__fonquerniei_Count":0,"C__felis_Count":0,"E__gallinacea_Count":0,"F1_RDT":"neg","Bacteriology":"neg","qPCR":"neg","Serology":"neg","Source":"Ramasindrazana et al. 2025. PLoS Negl Trop Dis 19(11):e0013710 (journal_pntd_0013710_s001.xlsx)","Longitude":49.546008999999998,"Latitude":-15.358504}},{"type":"Feature","id":28,"geometry":{"type":"Point","coordinates":[49.546462000000076,-15.357993999999962]},"properties":{"OBJECTID":28,"ID":"CM031","Date":"2020-12-13","Fokontany":"Ambalamahogo","Habitat":"Hunting zone","Genus":"Rattus","Species":"Rattus rattus","Sex":"M","Number_of_Fleas":0,"X__cheopis_Count":0,"X__brasiliensis_Count":0,"S__fonquerniei_Count":0,"C__felis_Count":0,"E__gallinacea_Count":0,"F1_RDT":"neg","Bacteriology":"neg","qPCR":"neg","Serology":"neg","Source":"Ramasindrazana et al. 2025. PLoS Negl Trop Dis 19(11):e0013710 (journal_pntd_0013710_s001.xlsx)","Longitude":49.546461999999998,"Latitude":-15.357994}},{"type":"Feature","id":29,"geometry":{"type":"Point","coordinates":[49.546625000000063,-15.357339999999965]},"properties":{"OBJECTID":29,"ID":"CM032","Date":"2020-12-13","Fokontany":"Ambalamahogo","Habitat":"Hunting zone","Genus":"Rattus","Species":"Rattus rattus","Sex":"M","Number_of_Fleas":0,"X__cheopis_Count":0,"X__brasiliensis_Count":0,"S__fonquerniei_Count":0,"C__felis_Count":0,"E__gallinacea_Count":0,"F1_RDT":"neg","Bacteriology":"neg","qPCR":"neg","Serology":"neg","Source":"Ramasindrazana et al. 2025. PLoS Negl Trop Dis 19(11):e0013710 (journal_pntd_0013710_s001.xlsx)","Longitude":49.546624999999999,"Latitude":-15.357340000000001}},{"type":"Feature","id":30,"geometry":{"type":"Point","coordinates":[49.546608000000049,-15.357238999999936]},"properties":{"OBJECTID":30,"ID":"CM034","Date":"2020-12-14","Fokontany":"Ambalamahogo","Habitat":"Hunting zone","Genus":"Tenrec","Species":"Tenrec eucadatus","Sex":"F","Number_of_Fleas":0,"X__cheopis_Count":0,"X__brasiliensis_Count":0,"S__fonquerniei_Count":0,"C__felis_Count":0,"E__gallinacea_Count":0,"F1_RDT":"neg","Bacteriology":"neg","qPCR":"neg","Serology":"neg","Source":"Ramasindrazana et al. 2025. PLoS Negl Trop Dis 19(11):e0013710 (journal_pntd_0013710_s001.xlsx)","Longitude":49.546607999999999,"Latitude":-15.357239}},{"type":"Feature","id":31,"geometry":{"type":"Point","coordinates":[49.546122000000025,-15.357444999999927]},"properties":{"OBJECTID":31,"ID":"CM035","Date":"2020-12-14","Fokontany":"Ambalamahogo","Habitat":"Hunting zone","Genus":"Rattus","Species":"Rattus rattus","Sex":"M","Number_of_Fleas":2,"X__cheopis_Count":0,"X__brasiliensis_Count":0,"S__fonquerniei_Count":2,"C__felis_Count":0,"E__gallinacea_Count":0,"F1_RDT":"neg","Bacteriology":"neg","qPCR":"neg","Serology":"neg","Source":"Ramasindrazana et al. 2025. PLoS Negl Trop Dis 19(11):e0013710 (journal_pntd_0013710_s001.xlsx)","Longitude":49.546121999999997,"Latitude":-15.357445}},{"type":"Feature","id":32,"geometry":{"type":"Point","coordinates":[49.546299000000033,-15.357982999999933]},"properties":{"OBJECTID":32,"ID":"CM036","Date":"2020-12-14","Fokontany":"Ambalamahogo","Habitat":"Hunting zone","Genus":"Suncus","Species":"Suncus murinus","Sex":"M","Number_of_Fleas":0,"X__cheopis_Count":0,"X__brasiliensis_Count":0,"S__fonquerniei_Count":0,"C__felis_Count":0,"E__gallinacea_Count":0,"F1_RDT":"neg","Bacteriology":"neg","qPCR":"neg","Serology":"neg","Source":"Ramasindrazana et al. 2025. PLoS Negl Trop Dis 19(11):e0013710 (journal_pntd_0013710_s001.xlsx)","Longitude":49.546298999999998,"Latitude":-15.357983000000001}},{"type":"Feature","id":33,"geometry":{"type":"Point","coordinates":[49.546501000000035,-15.357047999999963]},"properties":{"OBJECTID":33,"ID":"CM037","Date":"2020-12-14","Fokontany":"Ambalamahogo","Habitat":"Hunting zone","Genus":"Rattus","Species":"Rattus rattus","Sex":"F","Number_of_Fleas":0,"X__cheopis_Count":0,"X__brasiliensis_Count":0,"S__fonquerniei_Count":0,"C__felis_Count":0,"E__gallinacea_Count":0,"F1_RDT":"neg","Bacteriology":"neg","qPCR":"neg","Serology":"neg","Source":"Ramasindrazana et al. 2025. PLoS Negl Trop Dis 19(11):e0013710 (journal_pntd_0013710_s001.xlsx)","Longitude":49.546500999999999,"Latitude":-15.357048000000001}},{"type":"Feature","id":34,"geometry":{"type":"Point","coordinates":[49.546662000000026,-15.357587999999964]},"properties":{"OBJECTID":34,"ID":"CM038","Date":"2020-12-15","Fokontany":"Ambalamahogo","Habitat":"Hunting zone","Genus":"Setifer","Species":"Setifer setosus","Sex":"M","Number_of_Fleas":0,"X__cheopis_Count":0,"X__brasiliensis_Count":0,"S__fonquerniei_Count":0,"C__felis_Count":0,"E__gallinacea_Count":0,"F1_RDT":"neg","Bacteriology":"neg","qPCR":"neg","Serology":"neg","Source":"Ramasindrazana et al. 2025. PLoS Negl Trop Dis 19(11):e0013710 (journal_pntd_0013710_s001.xlsx)","Longitude":49.546661999999998,"Latitude":-15.357588}},{"type":"Feature","id":35,"geometry":{"type":"Point","coordinates":[49.546608000000049,-15.357238999999936]},"properties":{"OBJECTID":35,"ID":"CM039","Date":"2020-12-15","Fokontany":"Ambalamahogo","Habitat":"Hunting zone","Genus":"Setifer","Species":"Setifer setosus","Sex":"F","Number_of_Fleas":0,"X__cheopis_Count":0,"X__brasiliensis_Count":0,"S__fonquerniei_Count":0,"C__felis_Count":0,"E__gallinacea_Count":0,"F1_RDT":"neg","Bacteriology":"neg","qPCR":"neg","Serology":"neg","Source":"Ramasindrazana et al. 2025. PLoS Negl Trop Dis 19(11):e0013710 (journal_pntd_0013710_s001.xlsx)","Longitude":49.546607999999999,"Latitude":-15.357239}},{"type":"Feature","id":36,"geometry":{"type":"Point","coordinates":[49.546316000000047,-15.357717999999977]},"properties":{"OBJECTID":36,"ID":"CM040","Date":"2020-12-15","Fokontany":"Ambalamahogo","Habitat":"Hunting zone","Genus":"Setifer","Species":"Setifer setosus","Sex":"F","Number_of_Fleas":0,"X__cheopis_Count":0,"X__brasiliensis_Count":0,"S__fonquerniei_Count":0,"C__felis_Count":0,"E__gallinacea_Count":0,"F1_RDT":null,"Bacteriology":null,"qPCR":"neg","Serology":"neg","Source":"Ramasindrazana et al. 2025. PLoS Negl Trop Dis 19(11):e0013710 (journal_pntd_0013710_s001.xlsx)","Longitude":49.546315999999997,"Latitude":-15.357718}},{"type":"Feature","id":37,"geometry":{"type":"Point","coordinates":[49.546574000000078,-15.357717999999977]},"properties":{"OBJECTID":37,"ID":"CM041","Date":"2020-12-16","Fokontany":"Ambalamahogo","Habitat":"Hunting zone","Genus":"Rattus","Species":"Rattus rattus","Sex":"M","Number_of_Fleas":0,"X__cheopis_Count":0,"X__brasiliensis_Count":0,"S__fonquerniei_Count":0,"C__felis_Count":0,"E__gallinacea_Count":0,"F1_RDT":"neg","Bacteriology":"neg","qPCR":"neg","Serology":"neg","Source":"Ramasindrazana et al. 2025. PLoS Negl Trop Dis 19(11):e0013710 (journal_pntd_0013710_s001.xlsx)","Longitude":49.546574,"Latitude":-15.357718}},{"type":"Feature","id":38,"geometry":{"type":"Point","coordinates":[49.546609000000046,-15.357640999999944]},"properties":{"OBJECTID":38,"ID":"CM042","Date":"2020-12-18","Fokontany":"Ambalamahogo","Habitat":"Village","Genus":"Rattus","Species":"Rattus rattus","Sex":"M","Number_of_Fleas":1,"X__cheopis_Count":1,"X__brasiliensis_Count":0,"S__fonquerniei_Count":0,"C__felis_Count":0,"E__gallinacea_Count":0,"F1_RDT":"neg","Bacteriology":"neg","qPCR":"neg","Serology":"neg","Source":"Ramasindrazana et al. 2025. PLoS Negl Trop Dis 19(11):e0013710 (journal_pntd_0013710_s001.xlsx)","Longitude":49.546608999999997,"Latitude":-15.357640999999999}},{"type":"Feature","id":39,"geometry":{"type":"Point","coordinates":[49.546625000000063,-15.357339999999965]},"properties":{"OBJECTID":39,"ID":"CM043","Date":"2020-12-18","Fokontany":"Ambalamahogo","Habitat":"Village","Genus":"Rattus","Species":"Rattus rattus","Sex":"M","Number_of_Fleas":0,"X__cheopis_Count":0,"X__brasiliensis_Count":0,"S__fonquerniei_Count":0,"C__felis_Count":0,"E__gallinacea_Count":0,"F1_RDT":"neg","Bacteriology":"neg","qPCR":"neg","Serology":"neg","Source":"Ramasindrazana et al. 2025. PLoS Negl Trop Dis 19(11):e0013710 (journal_pntd_0013710_s001.xlsx)","Longitude":49.546624999999999,"Latitude":-15.357340000000001}},{"type":"Feature","id":40,"geometry":{"type":"Point","coordinates":[49.557148000000041,-15.355481999999938]},"properties":{"OBJECTID":40,"ID":"CM044","Date":"2020-12-18","Fokontany":"Ambalamahogo","Habitat":"Village","Genus":"Rattus","Species":"Rattus rattus","Sex":"F","Number_of_Fleas":0,"X__cheopis_Count":0,"X__brasiliensis_Count":0,"S__fonquerniei_Count":0,"C__felis_Count":0,"E__gallinacea_Count":0,"F1_RDT":"neg","Bacteriology":"neg","qPCR":"neg","Serology":"neg","Source":"Ramasindrazana et al. 2025. PLoS Negl Trop Dis 19(11):e0013710 (journal_pntd_0013710_s001.xlsx)","Longitude":49.557147999999998,"Latitude":-15.355482}},{"type":"Feature","id":41,"geometry":{"type":"Point","coordinates":[49.555266000000074,-15.355239999999981]},"properties":{"OBJECTID":41,"ID":"CM045","Date":"2020-12-18","Fokontany":"Ambalamahogo","Habitat":"Village","Genus":"Rattus","Species":"Rattus rattus","Sex":"M","Number_of_Fleas":0,"X__cheopis_Count":0,"X__brasiliensis_Count":0,"S__fonquerniei_Count":0,"C__felis_Count":0,"E__gallinacea_Count":0,"F1_RDT":"neg","Bacteriology":"neg","qPCR":"neg","Serology":"neg","Source":"Ramasindrazana et al. 2025. PLoS Negl Trop Dis 19(11):e0013710 (journal_pntd_0013710_s001.xlsx)","Longitude":49.555266000000003,"Latitude":-15.35524}},{"type":"Feature","id":42,"geometry":{"type":"Point","coordinates":[49.557186000000058,-15.355256999999938]},"properties":{"OBJECTID":42,"ID":"CM046","Date":"2020-12-18","Fokontany":"Ambalamahogo","Habitat":"Village","Genus":"Rattus","Species":"Rattus rattus","Sex":"F","Number_of_Fleas":2,"X__cheopis_Count":2,"X__brasiliensis_Count":0,"S__fonquerniei_Count":0,"C__felis_Count":0,"E__gallinacea_Count":0,"F1_RDT":"neg","Bacteriology":"neg","qPCR":"neg","Serology":"neg","Source":"Ramasindrazana et al. 2025. PLoS Negl Trop Dis 19(11):e0013710 (journal_pntd_0013710_s001.xlsx)","Longitude":49.557186000000002,"Latitude":-15.355257}},{"type":"Feature","id":43,"geometry":{"type":"Point","coordinates":[49.557540000000074,-15.355569999999943]},"properties":{"OBJECTID":43,"ID":"CM047","Date":"2020-12-18","Fokontany":"Ambalamahogo","Habitat":"Village","Genus":"Rattus","Species":"Rattus rattus","Sex":"M","Number_of_Fleas":0,"X__cheopis_Count":0,"X__brasiliensis_Count":0,"S__fonquerniei_Count":0,"C__felis_Count":0,"E__gallinacea_Count":0,"F1_RDT":"neg","Bacteriology":"neg","qPCR":"neg","Serology":"neg","Source":"Ramasindrazana et al. 2025. PLoS Negl Trop Dis 19(11):e0013710 (journal_pntd_0013710_s001.xlsx)","Longitude":49.557540000000003,"Latitude":-15.35557}},{"type":"Feature","id":44,"geometry":{"type":"Point","coordinates":[49.557620000000043,-15.355332999999973]},"properties":{"OBJECTID":44,"ID":"CM048","Date":"2020-12-18","Fokontany":"Ambalamahogo","Habitat":"Village","Genus":"Rattus","Species":"Rattus rattus","Sex":"F","Number_of_Fleas":0,"X__cheopis_Count":0,"X__brasiliensis_Count":0,"S__fonquerniei_Count":0,"C__felis_Count":0,"E__gallinacea_Count":0,"F1_RDT":"neg","Bacteriology":"neg","qPCR":"neg","Serology":"neg","Source":"Ramasindrazana et al. 2025. PLoS Negl Trop Dis 19(11):e0013710 (journal_pntd_0013710_s001.xlsx)","Longitude":49.55762,"Latitude":-15.355333}},{"type":"Feature","id":45,"geometry":{"type":"Point","coordinates":[49.55785000000003,-15.355045999999959]},"properties":{"OBJECTID":45,"ID":"CM049","Date":"2020-12-19","Fokontany":"Ambalamahogo","Habitat":"Village","Genus":"Rattus","Species":"Rattus rattus","Sex":"M","Number_of_Fleas":0,"X__cheopis_Count":0,"X__brasiliensis_Count":0,"S__fonquerniei_Count":0,"C__felis_Count":0,"E__gallinacea_Count":0,"F1_RDT":"neg","Bacteriology":"neg","qPCR":"neg","Serology":"neg","Source":"Ramasindrazana et al. 2025. PLoS Negl Trop Dis 19(11):e0013710 (journal_pntd_0013710_s001.xlsx)","Longitude":49.557850000000002,"Latitude":-15.355046}},{"type":"Feature","id":46,"geometry":{"type":"Point","coordinates":[49.557826000000034,-15.354776999999956]},"properties":{"OBJECTID":46,"ID":"CM050","Date":"2020-12-19","Fokontany":"Ambalamahogo","Habitat":"Village","Genus":"Rattus","Species":"Rattus rattus","Sex":"F","Number_of_Fleas":0,"X__cheopis_Count":0,"X__brasiliensis_Count":0,"S__fonquerniei_Count":0,"C__felis_Count":0,"E__gallinacea_Count":0,"F1_RDT":"neg","Bacteriology":"neg","qPCR":"neg","Serology":"neg","Source":"Ramasindrazana et al. 2025. PLoS Negl Trop Dis 19(11):e0013710 (journal_pntd_0013710_s001.xlsx)","Longitude":49.557825999999999,"Latitude":-15.354777}},{"type":"Feature","id":47,"geometry":{"type":"Point","coordinates":[49.555235000000039,-15.35521499999993]},"properties":{"OBJECTID":47,"ID":"CM051","Date":"2020-12-19","Fokontany":"Ambalamahogo","Habitat":"Village","Genus":"Rattus","Species":"Rattus rattus","Sex":"F","Number_of_Fleas":0,"X__cheopis_Count":0,"X__brasiliensis_Count":0,"S__fonquerniei_Count":0,"C__felis_Count":0,"E__gallinacea_Count":0,"F1_RDT":"neg","Bacteriology":"neg","qPCR":"neg","Serology":"neg","Source":"Ramasindrazana et al. 2025. PLoS Negl Trop Dis 19(11):e0013710 (journal_pntd_0013710_s001.xlsx)","Longitude":49.555235000000003,"Latitude":-15.355214999999999}},{"type":"Feature","id":48,"geometry":{"type":"Point","coordinates":[49.556692000000055,-15.35549199999997]},"properties":{"OBJECTID":48,"ID":"CM052","Date":"2020-12-19","Fokontany":"Ambalamahogo","Habitat":"Village","Genus":"Rattus","Species":"Rattus rattus","Sex":"M","Number_of_Fleas":0,"X__cheopis_Count":0,"X__brasiliensis_Count":0,"S__fonquerniei_Count":0,"C__felis_Count":0,"E__gallinacea_Count":0,"F1_RDT":"neg","Bacteriology":"neg","qPCR":"neg","Serology":"neg","Source":"Ramasindrazana et al. 2025. PLoS Negl Trop Dis 19(11):e0013710 (journal_pntd_0013710_s001.xlsx)","Longitude":49.556691999999998,"Latitude":-15.355492}},{"type":"Feature","id":49,"geometry":{"type":"Point","coordinates":[49.557186000000058,-15.355256999999938]},"properties":{"OBJECTID":49,"ID":"CM053","Date":"2020-12-19","Fokontany":"Ambalamahogo","Habitat":"Village","Genus":"Rattus","Species":"Rattus rattus","Sex":"F","Number_of_Fleas":0,"X__cheopis_Count":0,"X__brasiliensis_Count":0,"S__fonquerniei_Count":0,"C__felis_Count":0,"E__gallinacea_Count":0,"F1_RDT":"neg","Bacteriology":"neg","qPCR":"neg","Serology":"neg","Source":"Ramasindrazana et al. 2025. PLoS Negl Trop Dis 19(11):e0013710 (journal_pntd_0013710_s001.xlsx)","Longitude":49.557186000000002,"Latitude":-15.355257}},{"type":"Feature","id":50,"geometry":{"type":"Point","coordinates":[49.557620000000043,-15.355332999999973]},"properties":{"OBJECTID":50,"ID":"CM054","Date":"2020-12-20","Fokontany":"Ambalamahogo","Habitat":"Village","Genus":"Rattus","Species":"Rattus rattus","Sex":"M","Number_of_Fleas":4,"X__cheopis_Count":4,"X__brasiliensis_Count":0,"S__fonquerniei_Count":0,"C__felis_Count":0,"E__gallinacea_Count":0,"F1_RDT":"neg","Bacteriology":"neg","qPCR":"neg","Serology":"neg","Source":"Ramasindrazana et al. 2025. PLoS Negl Trop Dis 19(11):e0013710 (journal_pntd_0013710_s001.xlsx)","Longitude":49.55762,"Latitude":-15.355333}},{"type":"Feature","id":51,"geometry":{"type":"Point","coordinates":[49.557650000000081,-15.354926999999975]},"properties":{"OBJECTID":51,"ID":"CM055","Date":"2020-12-20","Fokontany":"Ambalamahogo","Habitat":"Village","Genus":"Rattus","Species":"Rattus rattus","Sex":"M","Number_of_Fleas":0,"X__cheopis_Count":0,"X__brasiliensis_Count":0,"S__fonquerniei_Count":0,"C__felis_Count":0,"E__gallinacea_Count":0,"F1_RDT":"neg","Bacteriology":"neg","qPCR":"neg","Serology":"neg","Source":"Ramasindrazana et al. 2025. PLoS Negl Trop Dis 19(11):e0013710 (journal_pntd_0013710_s001.xlsx)","Longitude":49.557650000000002,"Latitude":-15.354927}},{"type":"Feature","id":52,"geometry":{"type":"Point","coordinates":[49.556532000000061,-15.355570999999941]},"properties":{"OBJECTID":52,"ID":"CM056","Date":"2020-12-20","Fokontany":"Ambalamahogo","Habitat":"Village","Genus":"Rattus","Species":"Rattus rattus","Sex":"F","Number_of_Fleas":1,"X__cheopis_Count":1,"X__brasiliensis_Count":0,"S__fonquerniei_Count":0,"C__felis_Count":0,"E__gallinacea_Count":0,"F1_RDT":"neg","Bacteriology":"neg","qPCR":"neg","Serology":"neg","Source":"Ramasindrazana et al. 2025. PLoS Negl Trop Dis 19(11):e0013710 (journal_pntd_0013710_s001.xlsx)","Longitude":49.556531999999997,"Latitude":-15.355570999999999}},{"type":"Feature","id":53,"geometry":{"type":"Point","coordinates":[49.556532000000061,-15.355570999999941]},"properties":{"OBJECTID":53,"ID":"CM057","Date":"2020-12-20","Fokontany":"Ambalamahogo","Habitat":"Village","Genus":"Rattus","Species":"Rattus rattus","Sex":"M","Number_of_Fleas":1,"X__cheopis_Count":1,"X__brasiliensis_Count":0,"S__fonquerniei_Count":0,"C__felis_Count":0,"E__gallinacea_Count":0,"F1_RDT":"neg","Bacteriology":"neg","qPCR":"neg","Serology":"neg","Source":"Ramasindrazana et al. 2025. PLoS Negl Trop Dis 19(11):e0013710 (journal_pntd_0013710_s001.xlsx)","Longitude":49.556531999999997,"Latitude":-15.355570999999999}},{"type":"Feature","id":54,"geometry":{"type":"Point","coordinates":[49.557660000000055,-15.354942999999935]},"properties":{"OBJECTID":54,"ID":"CM058","Date":"2020-12-20","Fokontany":"Ambalamahogo","Habitat":"Village","Genus":"Rattus","Species":"Rattus rattus","Sex":"M","Number_of_Fleas":1,"X__cheopis_Count":1,"X__brasiliensis_Count":0,"S__fonquerniei_Count":0,"C__felis_Count":0,"E__gallinacea_Count":0,"F1_RDT":"neg","Bacteriology":"neg","qPCR":"neg","Serology":"neg","Source":"Ramasindrazana et al. 2025. PLoS Negl Trop Dis 19(11):e0013710 (journal_pntd_0013710_s001.xlsx)","Longitude":49.557659999999998,"Latitude":-15.354943}},{"type":"Feature","id":55,"geometry":{"type":"Point","coordinates":[49.556519000000037,-15.355316999999957]},"properties":{"OBJECTID":55,"ID":"CM059","Date":"2020-12-20","Fokontany":"Ambalamahogo","Habitat":"Village","Genus":"Rattus","Species":"Rattus rattus","Sex":"M","Number_of_Fleas":0,"X__cheopis_Count":0,"X__brasiliensis_Count":0,"S__fonquerniei_Count":0,"C__felis_Count":0,"E__gallinacea_Count":0,"F1_RDT":"neg","Bacteriology":"neg","qPCR":"neg","Serology":"neg","Source":"Ramasindrazana et al. 2025. PLoS Negl Trop Dis 19(11):e0013710 (journal_pntd_0013710_s001.xlsx)","Longitude":49.556519000000002,"Latitude":-15.355316999999999}},{"type":"Feature","id":56,"geometry":{"type":"Point","coordinates":[49.556738000000053,-15.355542999999955]},"properties":{"OBJECTID":56,"ID":"CM060","Date":"2020-12-20","Fokontany":"Ambalamahogo","Habitat":"Village","Genus":"Rattus","Species":"Rattus rattus","Sex":"M","Number_of_Fleas":0,"X__cheopis_Count":0,"X__brasiliensis_Count":0,"S__fonquerniei_Count":0,"C__felis_Count":0,"E__gallinacea_Count":0,"F1_RDT":"neg","Bacteriology":"neg","qPCR":"neg","Serology":"neg","Source":"Ramasindrazana et al. 2025. PLoS Negl Trop Dis 19(11):e0013710 (journal_pntd_0013710_s001.xlsx)","Longitude":49.556738000000003,"Latitude":-15.355543000000001}},{"type":"Feature","id":57,"geometry":{"type":"Point","coordinates":[49.557151000000033,-15.355472999999961]},"properties":{"OBJECTID":57,"ID":"CM061","Date":"2020-12-20","Fokontany":"Ambalamahogo","Habitat":"Village","Genus":"Rattus","Species":"Rattus rattus","Sex":"F","Number_of_Fleas":0,"X__cheopis_Count":0,"X__brasiliensis_Count":0,"S__fonquerniei_Count":0,"C__felis_Count":0,"E__gallinacea_Count":0,"F1_RDT":"neg","Bacteriology":"neg","qPCR":"neg","Serology":"neg","Source":"Ramasindrazana et al. 2025. PLoS Negl Trop Dis 19(11):e0013710 (journal_pntd_0013710_s001.xlsx)","Longitude":49.557150999999998,"Latitude":-15.355473}},{"type":"Feature","id":58,"geometry":{"type":"Point","coordinates":[49.557070000000067,-15.355563999999958]},"properties":{"OBJECTID":58,"ID":"CM062","Date":"2020-12-20","Fokontany":"Ambalamahogo","Habitat":"Village","Genus":"Rattus","Species":"Rattus rattus","Sex":"F","Number_of_Fleas":7,"X__cheopis_Count":7,"X__brasiliensis_Count":0,"S__fonquerniei_Count":0,"C__felis_Count":0,"E__gallinacea_Count":0,"F1_RDT":"neg","Bacteriology":"neg","qPCR":"neg","Serology":"neg","Source":"Ramasindrazana et al. 2025. PLoS Negl Trop Dis 19(11):e0013710 (journal_pntd_0013710_s001.xlsx)","Longitude":49.557070000000003,"Latitude":-15.355563999999999}},{"type":"Feature","id":59,"geometry":{"type":"Point","coordinates":[49.557186000000058,-15.355256999999938]},"properties":{"OBJECTID":59,"ID":"CM063","Date":"2020-12-20","Fokontany":"Ambalamahogo","Habitat":"Village","Genus":"Rattus","Species":"Rattus rattus","Sex":"M","Number_of_Fleas":1,"X__cheopis_Count":1,"X__brasiliensis_Count":0,"S__fonquerniei_Count":0,"C__felis_Count":0,"E__gallinacea_Count":0,"F1_RDT":"neg","Bacteriology":"neg","qPCR":"neg","Serology":"neg","Source":"Ramasindrazana et al. 2025. PLoS Negl Trop Dis 19(11):e0013710 (journal_pntd_0013710_s001.xlsx)","Longitude":49.557186000000002,"Latitude":-15.355257}},{"type":"Feature","id":60,"geometry":{"type":"Point","coordinates":[49.557620000000043,-15.355332999999973]},"properties":{"OBJECTID":60,"ID":"CM064","Date":"2020-12-20","Fokontany":"Ambalamahogo","Habitat":"Village","Genus":"Rattus","Species":"Rattus rattus","Sex":"M","Number_of_Fleas":0,"X__cheopis_Count":0,"X__brasiliensis_Count":0,"S__fonquerniei_Count":0,"C__felis_Count":0,"E__gallinacea_Count":0,"F1_RDT":"neg","Bacteriology":"neg","qPCR":"neg","Serology":"neg","Source":"Ramasindrazana et al. 2025. PLoS Negl Trop Dis 19(11):e0013710 (journal_pntd_0013710_s001.xlsx)","Longitude":49.55762,"Latitude":-15.355333}},{"type":"Feature","id":61,"geometry":{"type":"Point","coordinates":[49.557635000000062,-15.355320999999947]},"properties":{"OBJECTID":61,"ID":"CM065","Date":"2020-12-20","Fokontany":"Ambalamahogo","Habitat":"Village","Genus":"Rattus","Species":"Rattus rattus","Sex":"M","Number_of_Fleas":0,"X__cheopis_Count":0,"X__brasiliensis_Count":0,"S__fonquerniei_Count":0,"C__felis_Count":0,"E__gallinacea_Count":0,"F1_RDT":"neg","Bacteriology":"neg","qPCR":"neg","Serology":"neg","Source":"Ramasindrazana et al. 2025. PLoS Negl Trop Dis 19(11):e0013710 (journal_pntd_0013710_s001.xlsx)","Longitude":49.557634999999998,"Latitude":-15.355321}},{"type":"Feature","id":62,"geometry":{"type":"Point","coordinates":[49.557650000000081,-15.354926999999975]},"properties":{"OBJECTID":62,"ID":"CM066","Date":"2020-12-21","Fokontany":"Ambalamahogo","Habitat":"Village","Genus":"Rattus","Species":"Rattus rattus","Sex":"F","Number_of_Fleas":1,"X__cheopis_Count":1,"X__brasiliensis_Count":0,"S__fonquerniei_Count":0,"C__felis_Count":0,"E__gallinacea_Count":0,"F1_RDT":"neg","Bacteriology":"neg","qPCR":"neg","Serology":"neg","Source":"Ramasindrazana et al. 2025. PLoS Negl Trop Dis 19(11):e0013710 (journal_pntd_0013710_s001.xlsx)","Longitude":49.557650000000002,"Latitude":-15.354927}},{"type":"Feature","id":63,"geometry":{"type":"Point","coordinates":[49.557650000000081,-15.355117999999948]},"properties":{"OBJECTID":63,"ID":"CM067","Date":"2020-12-21","Fokontany":"Ambalamahogo","Habitat":"Village","Genus":"Rattus","Species":"Rattus rattus","Sex":"F","Number_of_Fleas":0,"X__cheopis_Count":0,"X__brasiliensis_Count":0,"S__fonquerniei_Count":0,"C__felis_Count":0,"E__gallinacea_Count":0,"F1_RDT":"neg","Bacteriology":"neg","qPCR":"neg","Serology":"neg","Source":"Ramasindrazana et al. 2025. PLoS Negl Trop Dis 19(11):e0013710 (journal_pntd_0013710_s001.xlsx)","Longitude":49.557650000000002,"Latitude":-15.355117999999999}},{"type":"Feature","id":64,"geometry":{"type":"Point","coordinates":[49.556532000000061,-15.355570999999941]},"properties":{"OBJECTID":64,"ID":"CM068","Date":"2020-12-21","Fokontany":"Ambalamahogo","Habitat":"Village","Genus":"Rattus","Species":"Rattus rattus","Sex":"M","Number_of_Fleas":0,"X__cheopis_Count":0,"X__brasiliensis_Count":0,"S__fonquerniei_Count":0,"C__felis_Count":0,"E__gallinacea_Count":0,"F1_RDT":"neg","Bacteriology":"neg","qPCR":"neg","Serology":"neg","Source":"Ramasindrazana et al. 2025. PLoS Negl Trop Dis 19(11):e0013710 (journal_pntd_0013710_s001.xlsx)","Longitude":49.556531999999997,"Latitude":-15.355570999999999}},{"type":"Feature","id":65,"geometry":{"type":"Point","coordinates":[49.556244000000049,-15.354796999999962]},"properties":{"OBJECTID":65,"ID":"CM069","Date":"2020-12-21","Fokontany":"Ambalamahogo","Habitat":"Village","Genus":"Rattus","Species":"Rattus rattus","Sex":"F","Number_of_Fleas":0,"X__cheopis_Count":0,"X__brasiliensis_Count":0,"S__fonquerniei_Count":0,"C__felis_Count":0,"E__gallinacea_Count":0,"F1_RDT":"neg","Bacteriology":"neg","qPCR":"neg","Serology":"neg","Source":"Ramasindrazana et al. 2025. PLoS Negl Trop Dis 19(11):e0013710 (journal_pntd_0013710_s001.xlsx)","Longitude":49.556244,"Latitude":-15.354797}},{"type":"Feature","id":66,"geometry":{"type":"Point","coordinates":[49.555518000000063,-15.355377999999973]},"properties":{"OBJECTID":66,"ID":"CM070","Date":"2020-12-22","Fokontany":"Ambalamahogo","Habitat":"Village","Genus":"Rattus","Species":"Rattus rattus","Sex":"F","Number_of_Fleas":0,"X__cheopis_Count":0,"X__brasiliensis_Count":0,"S__fonquerniei_Count":0,"C__felis_Count":0,"E__gallinacea_Count":0,"F1_RDT":"neg","Bacteriology":"neg","qPCR":"neg","Serology":"neg","Source":"Ramasindrazana et al. 2025. PLoS Negl Trop Dis 19(11):e0013710 (journal_pntd_0013710_s001.xlsx)","Longitude":49.555517999999999,"Latitude":-15.355378}},{"type":"Feature","id":67,"geometry":{"type":"Point","coordinates":[49.557451000000071,-15.355132999999967]},"properties":{"OBJECTID":67,"ID":"CM071","Date":"2020-12-22","Fokontany":"Ambalamahogo","Habitat":"Village","Genus":"Rattus","Species":"Rattus rattus","Sex":"M","Number_of_Fleas":0,"X__cheopis_Count":0,"X__brasiliensis_Count":0,"S__fonquerniei_Count":0,"C__felis_Count":0,"E__gallinacea_Count":0,"F1_RDT":"neg","Bacteriology":"neg","qPCR":"neg","Serology":"neg","Source":"Ramasindrazana et al. 2025. PLoS Negl Trop Dis 19(11):e0013710 (journal_pntd_0013710_s001.xlsx)","Longitude":49.557451,"Latitude":-15.355133}},{"type":"Feature","id":68,"geometry":{"type":"Point","coordinates":[49.557188000000053,-15.355240999999978]},"properties":{"OBJECTID":68,"ID":"CM072","Date":"2020-12-22","Fokontany":"Ambalamahogo","Habitat":"Village","Genus":"Rattus","Species":"Rattus rattus","Sex":"M","Number_of_Fleas":0,"X__cheopis_Count":0,"X__brasiliensis_Count":0,"S__fonquerniei_Count":0,"C__felis_Count":0,"E__gallinacea_Count":0,"F1_RDT":"neg","Bacteriology":"neg","qPCR":"neg","Serology":"neg","Source":"Ramasindrazana et al. 2025. PLoS Negl Trop Dis 19(11):e0013710 (journal_pntd_0013710_s001.xlsx)","Longitude":49.557187999999996,"Latitude":-15.355240999999999}},{"type":"Feature","id":69,"geometry":{"type":"Point","coordinates":[49.556532000000061,-15.355570999999941]},"properties":{"OBJECTID":69,"ID":"CM073","Date":"2020-12-22","Fokontany":"Ambalamahogo","Habitat":"Village","Genus":"Suncus","Species":"Suncus murinus","Sex":"F","Number_of_Fleas":0,"X__cheopis_Count":0,"X__brasiliensis_Count":0,"S__fonquerniei_Count":0,"C__felis_Count":0,"E__gallinacea_Count":0,"F1_RDT":"neg","Bacteriology":"neg","qPCR":"neg","Serology":"neg","Source":"Ramasindrazana et al. 2025. PLoS Negl Trop Dis 19(11):e0013710 (journal_pntd_0013710_s001.xlsx)","Longitude":49.556531999999997,"Latitude":-15.355570999999999}},{"type":"Feature","id":70,"geometry":{"type":"Point","coordinates":[49.558032000000026,-15.355080999999927]},"properties":{"OBJECTID":70,"ID":"CM074","Date":"2020-12-22","Fokontany":"Ambalamahogo","Habitat":"Village","Genus":"Suncus","Species":"Suncus murinus","Sex":"F","Number_of_Fleas":0,"X__cheopis_Count":0,"X__brasiliensis_Count":0,"S__fonquerniei_Count":0,"C__felis_Count":0,"E__gallinacea_Count":0,"F1_RDT":"neg","Bacteriology":"neg","qPCR":"neg","Serology":"neg","Source":"Ramasindrazana et al. 2025. PLoS Negl Trop Dis 19(11):e0013710 (journal_pntd_0013710_s001.xlsx)","Longitude":49.558031999999997,"Latitude":-15.355081}},{"type":"Feature","id":71,"geometry":{"type":"Point","coordinates":[49.558080000000075,-15.35502299999996]},"properties":{"OBJECTID":71,"ID":"CM075","Date":"2020-12-22","Fokontany":"Ambalamahogo","Habitat":"Village","Genus":"Rattus","Species":"Rattus rattus","Sex":"M","Number_of_Fleas":0,"X__cheopis_Count":0,"X__brasiliensis_Count":0,"S__fonquerniei_Count":0,"C__felis_Count":0,"E__gallinacea_Count":0,"F1_RDT":"neg","Bacteriology":"neg","qPCR":"neg","Serology":"neg","Source":"Ramasindrazana et al. 2025. PLoS Negl Trop Dis 19(11):e0013710 (journal_pntd_0013710_s001.xlsx)","Longitude":49.558079999999997,"Latitude":-15.355022999999999}},{"type":"Feature","id":72,"geometry":{"type":"Point","coordinates":[49.558093000000042,-15.354913999999951]},"properties":{"OBJECTID":72,"ID":"CM076","Date":"2020-12-22","Fokontany":"Ambalamahogo","Habitat":"Village","Genus":"Suncus","Species":"Suncus murinus","Sex":"F","Number_of_Fleas":0,"X__cheopis_Count":0,"X__brasiliensis_Count":0,"S__fonquerniei_Count":0,"C__felis_Count":0,"E__gallinacea_Count":0,"F1_RDT":"neg","Bacteriology":"neg","qPCR":"neg","Serology":"neg","Source":"Ramasindrazana et al. 2025. PLoS Negl Trop Dis 19(11):e0013710 (journal_pntd_0013710_s001.xlsx)","Longitude":49.558093,"Latitude":-15.354914000000001}},{"type":"Feature","id":73,"geometry":{"type":"Point","coordinates":[49.556840000000079,-15.356147999999962]},"properties":{"OBJECTID":73,"ID":"CM077","Date":"2020-12-22","Fokontany":"Ambalamahogo","Habitat":"Village","Genus":"Rattus","Species":"Rattus rattus","Sex":"M","Number_of_Fleas":1,"X__cheopis_Count":1,"X__brasiliensis_Count":0,"S__fonquerniei_Count":0,"C__felis_Count":0,"E__gallinacea_Count":0,"F1_RDT":"neg","Bacteriology":"neg","qPCR":"neg","Serology":"neg","Source":"Ramasindrazana et al. 2025. PLoS Negl Trop Dis 19(11):e0013710 (journal_pntd_0013710_s001.xlsx)","Longitude":49.556840000000001,"Latitude":-15.356147999999999}},{"type":"Feature","id":74,"geometry":{"type":"Point","coordinates":[49.557288000000028,-15.356061999999952]},"properties":{"OBJECTID":74,"ID":"CM078","Date":"2020-12-22","Fokontany":"Ambalamahogo","Habitat":"Village","Genus":"Rattus","Species":"Rattus rattus","Sex":"F","Number_of_Fleas":0,"X__cheopis_Count":0,"X__brasiliensis_Count":0,"S__fonquerniei_Count":0,"C__felis_Count":0,"E__gallinacea_Count":0,"F1_RDT":"neg","Bacteriology":"neg","qPCR":"neg","Serology":"neg","Source":"Ramasindrazana et al. 2025. PLoS Negl Trop Dis 19(11):e0013710 (journal_pntd_0013710_s001.xlsx)","Longitude":49.557288,"Latitude":-15.356062}},{"type":"Feature","id":75,"geometry":{"type":"Point","coordinates":[49.558672000000058,-15.355093999999951]},"properties":{"OBJECTID":75,"ID":"CM079","Date":"2020-12-23","Fokontany":"Ambalamahogo","Habitat":"Village","Genus":"Suncus","Species":"Suncus murinus","Sex":"M","Number_of_Fleas":0,"X__cheopis_Count":0,"X__brasiliensis_Count":0,"S__fonquerniei_Count":0,"C__felis_Count":0,"E__gallinacea_Count":0,"F1_RDT":"neg","Bacteriology":"neg","qPCR":"neg","Serology":"neg","Source":"Ramasindrazana et al. 2025. PLoS Negl Trop Dis 19(11):e0013710 (journal_pntd_0013710_s001.xlsx)","Longitude":49.558672000000001,"Latitude":-15.355093999999999}},{"type":"Feature","id":76,"geometry":{"type":"Point","coordinates":[49.558609000000047,-15.35496999999998]},"properties":{"OBJECTID":76,"ID":"CM080","Date":"2020-12-23","Fokontany":"Ambalamahogo","Habitat":"Village","Genus":"Rattus","Species":"Rattus rattus","Sex":"F","Number_of_Fleas":0,"X__cheopis_Count":0,"X__brasiliensis_Count":0,"S__fonquerniei_Count":0,"C__felis_Count":0,"E__gallinacea_Count":0,"F1_RDT":"neg","Bacteriology":"neg","qPCR":"neg","Serology":"neg","Source":"Ramasindrazana et al. 2025. PLoS Negl Trop Dis 19(11):e0013710 (journal_pntd_0013710_s001.xlsx)","Longitude":49.558608999999997,"Latitude":-15.35497}},{"type":"Feature","id":77,"geometry":{"type":"Point","coordinates":[49.558093000000042,-15.354913999999951]},"properties":{"OBJECTID":77,"ID":"CM081","Date":"2020-12-23","Fokontany":"Ambalamahogo","Habitat":"Village","Genus":"Rattus","Species":"Rattus rattus","Sex":"F","Number_of_Fleas":0,"X__cheopis_Count":0,"X__brasiliensis_Count":0,"S__fonquerniei_Count":0,"C__felis_Count":0,"E__gallinacea_Count":0,"F1_RDT":"neg","Bacteriology":"neg","qPCR":"neg","Serology":"neg","Source":"Ramasindrazana et al. 2025. PLoS Negl Trop Dis 19(11):e0013710 (journal_pntd_0013710_s001.xlsx)","Longitude":49.558093,"Latitude":-15.354914000000001}},{"type":"Feature","id":78,"geometry":{"type":"Point","coordinates":[49.558609000000047,-15.35496999999998]},"properties":{"OBJECTID":78,"ID":"CM082","Date":"2020-12-24","Fokontany":"Ambalamahogo","Habitat":"Village","Genus":"Rattus","Species":"Rattus rattus","Sex":"M","Number_of_Fleas":0,"X__cheopis_Count":0,"X__brasiliensis_Count":0,"S__fonquerniei_Count":0,"C__felis_Count":0,"E__gallinacea_Count":0,"F1_RDT":"neg","Bacteriology":"neg","qPCR":"neg","Serology":"neg","Source":"Ramasindrazana et al. 2025. PLoS Negl Trop Dis 19(11):e0013710 (journal_pntd_0013710_s001.xlsx)","Longitude":49.558608999999997,"Latitude":-15.35497}},{"type":"Feature","id":79,"geometry":{"type":"Point","coordinates":[49.557135000000073,-15.35655799999995]},"properties":{"OBJECTID":79,"ID":"CM083","Date":"2020-12-24","Fokontany":"Ambalamahogo","Habitat":"Village","Genus":"Rattus","Species":"Rattus rattus","Sex":"F","Number_of_Fleas":0,"X__cheopis_Count":0,"X__brasiliensis_Count":0,"S__fonquerniei_Count":0,"C__felis_Count":0,"E__gallinacea_Count":0,"F1_RDT":"neg","Bacteriology":"neg","qPCR":"neg","Serology":"neg","Source":"Ramasindrazana et al. 2025. PLoS Negl Trop Dis 19(11):e0013710 (journal_pntd_0013710_s001.xlsx)","Longitude":49.557135000000002,"Latitude":-15.356558}},{"type":"Feature","id":80,"geometry":{"type":"Point","coordinates":[49.557010000000048,-15.356337999999937]},"properties":{"OBJECTID":80,"ID":"CM084","Date":"2020-12-24","Fokontany":"Ambalamahogo","Habitat":"Village","Genus":"Suncus","Species":"Suncus murinus","Sex":"M","Number_of_Fleas":0,"X__cheopis_Count":0,"X__brasiliensis_Count":0,"S__fonquerniei_Count":0,"C__felis_Count":0,"E__gallinacea_Count":0,"F1_RDT":"neg","Bacteriology":"neg","qPCR":"neg","Serology":"neg","Source":"Ramasindrazana et al. 2025. PLoS Negl Trop Dis 19(11):e0013710 (journal_pntd_0013710_s001.xlsx)","Longitude":49.557009999999998,"Latitude":-15.356337999999999}},{"type":"Feature","id":81,"geometry":{"type":"Point","coordinates":[49.558032000000026,-15.355080999999927]},"properties":{"OBJECTID":81,"ID":"CM085","Date":"2020-12-24","Fokontany":"Ambalamahogo","Habitat":"Village","Genus":"Rattus","Species":"Rattus rattus","Sex":"F","Number_of_Fleas":0,"X__cheopis_Count":0,"X__brasiliensis_Count":0,"S__fonquerniei_Count":0,"C__felis_Count":0,"E__gallinacea_Count":0,"F1_RDT":"neg","Bacteriology":"neg","qPCR":"neg","Serology":"neg","Source":"Ramasindrazana et al. 2025. PLoS Negl Trop Dis 19(11):e0013710 (journal_pntd_0013710_s001.xlsx)","Longitude":49.558031999999997,"Latitude":-15.355081}},{"type":"Feature","id":82,"geometry":{"type":"Point","coordinates":[49.558080000000075,-15.35502299999996]},"properties":{"OBJECTID":82,"ID":"CM086","Date":"2020-12-24","Fokontany":"Ambalamahogo","Habitat":"Village","Genus":"Rattus","Species":"Rattus rattus","Sex":"F","Number_of_Fleas":0,"X__cheopis_Count":0,"X__brasiliensis_Count":0,"S__fonquerniei_Count":0,"C__felis_Count":0,"E__gallinacea_Count":0,"F1_RDT":"neg","Bacteriology":"neg","qPCR":"neg","Serology":"neg","Source":"Ramasindrazana et al. 2025. PLoS Negl Trop Dis 19(11):e0013710 (journal_pntd_0013710_s001.xlsx)","Longitude":49.558079999999997,"Latitude":-15.355022999999999}},{"type":"Feature","id":83,"geometry":{"type":"Point","coordinates":[49.558276000000035,-15.354958999999951]},"properties":{"OBJECTID":83,"ID":"CM087","Date":"2020-12-24","Fokontany":"Ambalamahogo","Habitat":"Village","Genus":"Rattus","Species":"Rattus rattus","Sex":"F","Number_of_Fleas":0,"X__cheopis_Count":0,"X__brasiliensis_Count":0,"S__fonquerniei_Count":0,"C__felis_Count":0,"E__gallinacea_Count":0,"F1_RDT":"neg","Bacteriology":"neg","qPCR":"neg","Serology":"neg","Source":"Ramasindrazana et al. 2025. PLoS Negl Trop Dis 19(11):e0013710 (journal_pntd_0013710_s001.xlsx)","Longitude":49.558275999999999,"Latitude":-15.354958999999999}},{"type":"Feature","id":84,"geometry":{"type":"Point","coordinates":[49.55724900000007,-15.355371999999932]},"properties":{"OBJECTID":84,"ID":"CM088","Date":"2021-01-24","Fokontany":"Ambalarano","Habitat":"Hunting zone","Genus":"Rattus","Species":"Rattus rattus","Sex":"M","Number_of_Fleas":0,"X__cheopis_Count":0,"X__brasiliensis_Count":0,"S__fonquerniei_Count":0,"C__felis_Count":0,"E__gallinacea_Count":0,"F1_RDT":"neg","Bacteriology":"neg","qPCR":"neg","Serology":"neg","Source":"Ramasindrazana et al. 2025. PLoS Negl Trop Dis 19(11):e0013710 (journal_pntd_0013710_s001.xlsx)","Longitude":49.557248999999999,"Latitude":-15.355371999999999}},{"type":"Feature","id":85,"geometry":{"type":"Point","coordinates":[49.558791000000042,-15.355386999999951]},"properties":{"OBJECTID":85,"ID":"CM089","Date":"2021-01-24","Fokontany":"Ambalarano","Habitat":"Hunting zone","Genus":"Rattus","Species":"Rattus rattus","Sex":"M","Number_of_Fleas":0,"X__cheopis_Count":0,"X__brasiliensis_Count":0,"S__fonquerniei_Count":0,"C__felis_Count":0,"E__gallinacea_Count":0,"F1_RDT":"neg","Bacteriology":"neg","qPCR":"neg","Serology":"neg","Source":"Ramasindrazana et al. 2025. PLoS Negl Trop Dis 19(11):e0013710 (journal_pntd_0013710_s001.xlsx)","Longitude":49.558790999999999,"Latitude":-15.355387}},{"type":"Feature","id":86,"geometry":{"type":"Point","coordinates":[49.606474000000048,-15.421023999999932]},"properties":{"OBJECTID":86,"ID":"CM090","Date":"2021-01-26","Fokontany":"Ambalarano","Habitat":"Hunting zone","Genus":"Eliurus","Species":"Eilurus webbi","Sex":"F","Number_of_Fleas":0,"X__cheopis_Count":0,"X__brasiliensis_Count":0,"S__fonquerniei_Count":0,"C__felis_Count":0,"E__gallinacea_Count":0,"F1_RDT":"neg","Bacteriology":"neg","qPCR":"neg","Serology":"neg","Source":"Ramasindrazana et al. 2025. PLoS Negl Trop Dis 19(11):e0013710 (journal_pntd_0013710_s001.xlsx)","Longitude":49.606473999999999,"Latitude":-15.421023999999999}},{"type":"Feature","id":87,"geometry":{"type":"Point","coordinates":[49.606131000000062,-15.420098999999936]},"properties":{"OBJECTID":87,"ID":"CM091","Date":"2021-01-27","Fokontany":"Ambalarano","Habitat":"Hunting zone","Genus":"Rattus","Species":"Rattus rattus","Sex":"M","Number_of_Fleas":0,"X__cheopis_Count":0,"X__brasiliensis_Count":0,"S__fonquerniei_Count":0,"C__felis_Count":0,"E__gallinacea_Count":0,"F1_RDT":"neg","Bacteriology":"neg","qPCR":"neg","Serology":"neg","Source":"Ramasindrazana et al. 2025. PLoS Negl Trop Dis 19(11):e0013710 (journal_pntd_0013710_s001.xlsx)","Longitude":49.606130999999998,"Latitude":-15.420099}},{"type":"Feature","id":88,"geometry":{"type":"Point","coordinates":[49.606279000000029,-15.421091999999931]},"properties":{"OBJECTID":88,"ID":"CM092","Date":"2021-01-27","Fokontany":"Ambalarano","Habitat":"Hunting zone","Genus":"Eliurus","Species":"Eilurus webbi","Sex":"F","Number_of_Fleas":0,"X__cheopis_Count":0,"X__brasiliensis_Count":0,"S__fonquerniei_Count":0,"C__felis_Count":0,"E__gallinacea_Count":0,"F1_RDT":"neg","Bacteriology":"neg","qPCR":"neg","Serology":"neg","Source":"Ramasindrazana et al. 2025. PLoS Negl Trop Dis 19(11):e0013710 (journal_pntd_0013710_s001.xlsx)","Longitude":49.606279000000001,"Latitude":-15.421092}},{"type":"Feature","id":89,"geometry":{"type":"Point","coordinates":[49.625233000000037,-15.436174999999935]},"properties":{"OBJECTID":89,"ID":"CM093","Date":"2021-01-29","Fokontany":"Ambalarano","Habitat":"Village","Genus":"Rattus","Species":"Rattus rattus","Sex":"F","Number_of_Fleas":0,"X__cheopis_Count":0,"X__brasiliensis_Count":0,"S__fonquerniei_Count":0,"C__felis_Count":0,"E__gallinacea_Count":0,"F1_RDT":"neg","Bacteriology":"neg","qPCR":"neg","Serology":"neg","Source":"Ramasindrazana et al. 2025. PLoS Negl Trop Dis 19(11):e0013710 (journal_pntd_0013710_s001.xlsx)","Longitude":49.625233000000001,"Latitude":-15.436175}},{"type":"Feature","id":90,"geometry":{"type":"Point","coordinates":[49.606458000000032,-15.420971999999949]},"properties":{"OBJECTID":90,"ID":"CM094","Date":"2021-01-29","Fokontany":"Ambalarano","Habitat":"Village","Genus":"Rattus","Species":"Rattus rattus","Sex":"F","Number_of_Fleas":0,"X__cheopis_Count":0,"X__brasiliensis_Count":0,"S__fonquerniei_Count":0,"C__felis_Count":0,"E__gallinacea_Count":0,"F1_RDT":"neg","Bacteriology":"neg","qPCR":"neg","Serology":"neg","Source":"Ramasindrazana et al. 2025. PLoS Negl Trop Dis 19(11):e0013710 (journal_pntd_0013710_s001.xlsx)","Longitude":49.606458000000003,"Latitude":-15.420972000000001}},{"type":"Feature","id":91,"geometry":{"type":"Point","coordinates":[49.624449000000027,-15.436501999999962]},"properties":{"OBJECTID":91,"ID":"CM095","Date":"2021-01-29","Fokontany":"Ambalarano","Habitat":"Village","Genus":"Rattus","Species":"Rattus rattus","Sex":"F","Number_of_Fleas":0,"X__cheopis_Count":0,"X__brasiliensis_Count":0,"S__fonquerniei_Count":0,"C__felis_Count":0,"E__gallinacea_Count":0,"F1_RDT":"neg","Bacteriology":"neg","qPCR":"neg","Serology":"neg","Source":"Ramasindrazana et al. 2025. PLoS Negl Trop Dis 19(11):e0013710 (journal_pntd_0013710_s001.xlsx)","Longitude":49.624448999999998,"Latitude":-15.436502000000001}},{"type":"Feature","id":92,"geometry":{"type":"Point","coordinates":[49.62475500000005,-15.436453999999969]},"properties":{"OBJECTID":92,"ID":"CM096","Date":"2021-01-29","Fokontany":"Ambalarano","Habitat":"Village","Genus":"Rattus","Species":"Rattus rattus","Sex":"M","Number_of_Fleas":0,"X__cheopis_Count":0,"X__brasiliensis_Count":0,"S__fonquerniei_Count":0,"C__felis_Count":0,"E__gallinacea_Count":0,"F1_RDT":"neg","Bacteriology":"neg","qPCR":"neg","Serology":"neg","Source":"Ramasindrazana et al. 2025. PLoS Negl Trop Dis 19(11):e0013710 (journal_pntd_0013710_s001.xlsx)","Longitude":49.624755,"Latitude":-15.436453999999999}},{"type":"Feature","id":93,"geometry":{"type":"Point","coordinates":[49.624965000000032,-15.436281999999949]},"properties":{"OBJECTID":93,"ID":"CM097","Date":"2021-01-30","Fokontany":"Ambalarano","Habitat":"Village","Genus":"Rattus","Species":"Rattus rattus","Sex":"F","Number_of_Fleas":0,"X__cheopis_Count":0,"X__brasiliensis_Count":0,"S__fonquerniei_Count":0,"C__felis_Count":0,"E__gallinacea_Count":0,"F1_RDT":"neg","Bacteriology":"neg","qPCR":"neg","Serology":"neg","Source":"Ramasindrazana et al. 2025. PLoS Negl Trop Dis 19(11):e0013710 (journal_pntd_0013710_s001.xlsx)","Longitude":49.624965000000003,"Latitude":-15.436282}},{"type":"Feature","id":94,"geometry":{"type":"Point","coordinates":[49.626113000000032,-15.436222999999927]},"properties":{"OBJECTID":94,"ID":"CM098","Date":"2021-01-30","Fokontany":"Ambalarano","Habitat":"Village","Genus":"Rattus","Species":"Rattus rattus","Sex":"M","Number_of_Fleas":0,"X__cheopis_Count":0,"X__brasiliensis_Count":0,"S__fonquerniei_Count":0,"C__felis_Count":0,"E__gallinacea_Count":0,"F1_RDT":"neg","Bacteriology":"neg","qPCR":"neg","Serology":"neg","Source":"Ramasindrazana et al. 2025. PLoS Negl Trop Dis 19(11):e0013710 (journal_pntd_0013710_s001.xlsx)","Longitude":49.626112999999997,"Latitude":-15.436223}},{"type":"Feature","id":95,"geometry":{"type":"Point","coordinates":[49.624677000000077,-15.436402999999927]},"properties":{"OBJECTID":95,"ID":"CM099","Date":"2021-01-30","Fokontany":"Ambalarano","Habitat":"Village","Genus":"Rattus","Species":"Rattus rattus","Sex":"M","Number_of_Fleas":0,"X__cheopis_Count":0,"X__brasiliensis_Count":0,"S__fonquerniei_Count":0,"C__felis_Count":0,"E__gallinacea_Count":0,"F1_RDT":"neg","Bacteriology":"neg","qPCR":"neg","Serology":"neg","Source":"Ramasindrazana et al. 2025. PLoS Negl Trop Dis 19(11):e0013710 (journal_pntd_0013710_s001.xlsx)","Longitude":49.624676999999998,"Latitude":-15.436403}},{"type":"Feature","id":96,"geometry":{"type":"Point","coordinates":[49.606279000000029,-15.421091999999931]},"properties":{"OBJECTID":96,"ID":"CM100","Date":"2021-01-30","Fokontany":"Ambalarano","Habitat":"Village","Genus":"Rattus","Species":"Rattus norvegicus","Sex":"M","Number_of_Fleas":0,"X__cheopis_Count":0,"X__brasiliensis_Count":0,"S__fonquerniei_Count":0,"C__felis_Count":0,"E__gallinacea_Count":0,"F1_RDT":"neg","Bacteriology":"neg","qPCR":"neg","Serology":"neg","Source":"Ramasindrazana et al. 2025. PLoS Negl Trop Dis 19(11):e0013710 (journal_pntd_0013710_s001.xlsx)","Longitude":49.606279000000001,"Latitude":-15.421092}},{"type":"Feature","id":97,"geometry":{"type":"Point","coordinates":[49.625009000000034,-15.43658499999998]},"properties":{"OBJECTID":97,"ID":"CM101","Date":"2021-01-30","Fokontany":"Ambalarano","Habitat":"Village","Genus":"Rattus","Species":"Rattus rattus","Sex":"F","Number_of_Fleas":0,"X__cheopis_Count":0,"X__brasiliensis_Count":0,"S__fonquerniei_Count":0,"C__felis_Count":0,"E__gallinacea_Count":0,"F1_RDT":"neg","Bacteriology":"neg","qPCR":"neg","Serology":"neg","Source":"Ramasindrazana et al. 2025. PLoS Negl Trop Dis 19(11):e0013710 (journal_pntd_0013710_s001.xlsx)","Longitude":49.625008999999999,"Latitude":-15.436584999999999}},{"type":"Feature","id":98,"geometry":{"type":"Point","coordinates":[49.62484500000005,-15.436815999999965]},"properties":{"OBJECTID":98,"ID":"CM102","Date":"2021-01-30","Fokontany":"Ambalarano","Habitat":"Village","Genus":"Rattus","Species":"Rattus rattus","Sex":"M","Number_of_Fleas":0,"X__cheopis_Count":0,"X__brasiliensis_Count":0,"S__fonquerniei_Count":0,"C__felis_Count":0,"E__gallinacea_Count":0,"F1_RDT":"neg","Bacteriology":"neg","qPCR":"neg","Serology":"neg","Source":"Ramasindrazana et al. 2025. PLoS Negl Trop Dis 19(11):e0013710 (journal_pntd_0013710_s001.xlsx)","Longitude":49.624845000000001,"Latitude":-15.436816}},{"type":"Feature","id":99,"geometry":{"type":"Point","coordinates":[49.624899000000028,-15.436950999999965]},"properties":{"OBJECTID":99,"ID":"CM103","Date":"2021-01-30","Fokontany":"Ambalarano","Habitat":"Village","Genus":"Rattus","Species":"Rattus rattus","Sex":"M","Number_of_Fleas":0,"X__cheopis_Count":0,"X__brasiliensis_Count":0,"S__fonquerniei_Count":0,"C__felis_Count":0,"E__gallinacea_Count":0,"F1_RDT":"neg","Bacteriology":"neg","qPCR":"neg","Serology":"neg","Source":"Ramasindrazana et al. 2025. PLoS Negl Trop Dis 19(11):e0013710 (journal_pntd_0013710_s001.xlsx)","Longitude":49.624898999999999,"Latitude":-15.436951000000001}},{"type":"Feature","id":100,"geometry":{"type":"Point","coordinates":[49.624453000000074,-15.436937999999941]},"properties":{"OBJECTID":100,"ID":"CM104","Date":"2021-01-31","Fokontany":"Ambalarano","Habitat":"Village","Genus":"Rattus","Species":"Rattus rattus","Sex":"F","Number_of_Fleas":0,"X__cheopis_Count":0,"X__brasiliensis_Count":0,"S__fonquerniei_Count":0,"C__felis_Count":0,"E__gallinacea_Count":0,"F1_RDT":"neg","Bacteriology":"neg","qPCR":"neg","Serology":"neg","Source":"Ramasindrazana et al. 2025. PLoS Negl Trop Dis 19(11):e0013710 (journal_pntd_0013710_s001.xlsx)","Longitude":49.624453000000003,"Latitude":-15.436938}},{"type":"Feature","id":101,"geometry":{"type":"Point","coordinates":[49.62453000000005,-15.436900999999978]},"properties":{"OBJECTID":101,"ID":"CM105","Date":"2021-01-31","Fokontany":"Ambalarano","Habitat":"Village","Genus":"Rattus","Species":"Rattus rattus","Sex":"M","Number_of_Fleas":0,"X__cheopis_Count":0,"X__brasiliensis_Count":0,"S__fonquerniei_Count":0,"C__felis_Count":0,"E__gallinacea_Count":0,"F1_RDT":"neg","Bacteriology":"neg","qPCR":"neg","Serology":"neg","Source":"Ramasindrazana et al. 2025. PLoS Negl Trop Dis 19(11):e0013710 (journal_pntd_0013710_s001.xlsx)","Longitude":49.62453,"Latitude":-15.436901000000001}},{"type":"Feature","id":102,"geometry":{"type":"Point","coordinates":[49.624677000000077,-15.436402999999927]},"properties":{"OBJECTID":102,"ID":"CM106","Date":"2021-01-31","Fokontany":"Ambalarano","Habitat":"Village","Genus":"Rattus","Species":"Rattus rattus","Sex":"F","Number_of_Fleas":0,"X__cheopis_Count":0,"X__brasiliensis_Count":0,"S__fonquerniei_Count":0,"C__felis_Count":0,"E__gallinacea_Count":0,"F1_RDT":"neg","Bacteriology":"neg","qPCR":"neg","Serology":"neg","Source":"Ramasindrazana et al. 2025. PLoS Negl Trop Dis 19(11):e0013710 (journal_pntd_0013710_s001.xlsx)","Longitude":49.624676999999998,"Latitude":-15.436403}},{"type":"Feature","id":103,"geometry":{"type":"Point","coordinates":[49.624449000000027,-15.436501999999962]},"properties":{"OBJECTID":103,"ID":"CM107","Date":"2021-01-31","Fokontany":"Ambalarano","Habitat":"Village","Genus":"Rattus","Species":"Rattus rattus","Sex":"F","Number_of_Fleas":0,"X__cheopis_Count":0,"X__brasiliensis_Count":0,"S__fonquerniei_Count":0,"C__felis_Count":0,"E__gallinacea_Count":0,"F1_RDT":"neg","Bacteriology":"neg","qPCR":"neg","Serology":"neg","Source":"Ramasindrazana et al. 2025. PLoS Negl Trop Dis 19(11):e0013710 (journal_pntd_0013710_s001.xlsx)","Longitude":49.624448999999998,"Latitude":-15.436502000000001}},{"type":"Feature","id":104,"geometry":{"type":"Point","coordinates":[49.625589000000048,-15.436276999999961]},"properties":{"OBJECTID":104,"ID":"CM108","Date":"2021-01-31","Fokontany":"Ambalarano","Habitat":"Village","Genus":"Rattus","Species":"Rattus rattus","Sex":"M","Number_of_Fleas":0,"X__cheopis_Count":0,"X__brasiliensis_Count":0,"S__fonquerniei_Count":0,"C__felis_Count":0,"E__gallinacea_Count":0,"F1_RDT":"neg","Bacteriology":"neg","qPCR":"neg","Serology":"neg","Source":"Ramasindrazana et al. 2025. PLoS Negl Trop Dis 19(11):e0013710 (journal_pntd_0013710_s001.xlsx)","Longitude":49.625588999999998,"Latitude":-15.436277}},{"type":"Feature","id":105,"geometry":{"type":"Point","coordinates":[49.625233000000037,-15.436174999999935]},"properties":{"OBJECTID":105,"ID":"CM109","Date":"2021-01-31","Fokontany":"Ambalarano","Habitat":"Village","Genus":"Rattus","Species":"Rattus rattus","Sex":"M","Number_of_Fleas":0,"X__cheopis_Count":0,"X__brasiliensis_Count":0,"S__fonquerniei_Count":0,"C__felis_Count":0,"E__gallinacea_Count":0,"F1_RDT":"neg","Bacteriology":"neg","qPCR":"neg","Serology":"neg","Source":"Ramasindrazana et al. 2025. PLoS Negl Trop Dis 19(11):e0013710 (journal_pntd_0013710_s001.xlsx)","Longitude":49.625233000000001,"Latitude":-15.436175}},{"type":"Feature","id":106,"geometry":{"type":"Point","coordinates":[49.625262000000077,-15.435975999999982]},"properties":{"OBJECTID":106,"ID":"CM110","Date":"2021-01-31","Fokontany":"Ambalarano","Habitat":"Village","Genus":"Rattus","Species":"Rattus rattus","Sex":"F","Number_of_Fleas":0,"X__cheopis_Count":0,"X__brasiliensis_Count":0,"S__fonquerniei_Count":0,"C__felis_Count":0,"E__gallinacea_Count":0,"F1_RDT":"neg","Bacteriology":"neg","qPCR":"neg","Serology":"neg","Source":"Ramasindrazana et al. 2025. PLoS Negl Trop Dis 19(11):e0013710 (journal_pntd_0013710_s001.xlsx)","Longitude":49.625261999999999,"Latitude":-15.435976}},{"type":"Feature","id":107,"geometry":{"type":"Point","coordinates":[49.625161000000048,-15.436182999999971]},"properties":{"OBJECTID":107,"ID":"CM111","Date":"2021-01-31","Fokontany":"Ambalarano","Habitat":"Village","Genus":"Rattus","Species":"Rattus rattus","Sex":"F","Number_of_Fleas":0,"X__cheopis_Count":0,"X__brasiliensis_Count":0,"S__fonquerniei_Count":0,"C__felis_Count":0,"E__gallinacea_Count":0,"F1_RDT":"neg","Bacteriology":"neg","qPCR":"neg","Serology":"neg","Source":"Ramasindrazana et al. 2025. PLoS Negl Trop Dis 19(11):e0013710 (journal_pntd_0013710_s001.xlsx)","Longitude":49.625160999999999,"Latitude":-15.436183}},{"type":"Feature","id":108,"geometry":{"type":"Point","coordinates":[49.625009000000034,-15.43658499999998]},"properties":{"OBJECTID":108,"ID":"CM112","Date":"2021-02-01","Fokontany":"Ambalarano","Habitat":"Village","Genus":"Rattus","Species":"Rattus rattus","Sex":"M","Number_of_Fleas":0,"X__cheopis_Count":0,"X__brasiliensis_Count":0,"S__fonquerniei_Count":0,"C__felis_Count":0,"E__gallinacea_Count":0,"F1_RDT":"neg","Bacteriology":"neg","qPCR":"neg","Serology":"neg","Source":"Ramasindrazana et al. 2025. PLoS Negl Trop Dis 19(11):e0013710 (journal_pntd_0013710_s001.xlsx)","Longitude":49.625008999999999,"Latitude":-15.436584999999999}},{"type":"Feature","id":109,"geometry":{"type":"Point","coordinates":[49.62484500000005,-15.436815999999965]},"properties":{"OBJECTID":109,"ID":"CM113","Date":"2021-02-01","Fokontany":"Ambalarano","Habitat":"Village","Genus":"Rattus","Species":"Rattus rattus","Sex":"F","Number_of_Fleas":0,"X__cheopis_Count":0,"X__brasiliensis_Count":0,"S__fonquerniei_Count":0,"C__felis_Count":0,"E__gallinacea_Count":0,"F1_RDT":"neg","Bacteriology":"neg","qPCR":"neg","Serology":"neg","Source":"Ramasindrazana et al. 2025. PLoS Negl Trop Dis 19(11):e0013710 (journal_pntd_0013710_s001.xlsx)","Longitude":49.624845000000001,"Latitude":-15.436816}},{"type":"Feature","id":110,"geometry":{"type":"Point","coordinates":[49.625172000000077,-15.436390999999958]},"properties":{"OBJECTID":110,"ID":"CM114","Date":"2021-02-01","Fokontany":"Ambalarano","Habitat":"Village","Genus":"Rattus","Species":"Rattus rattus","Sex":"M","Number_of_Fleas":0,"X__cheopis_Count":0,"X__brasiliensis_Count":0,"S__fonquerniei_Count":0,"C__felis_Count":0,"E__gallinacea_Count":0,"F1_RDT":"neg","Bacteriology":"neg","qPCR":"neg","Serology":"neg","Source":"Ramasindrazana et al. 2025. PLoS Negl Trop Dis 19(11):e0013710 (journal_pntd_0013710_s001.xlsx)","Longitude":49.625171999999999,"Latitude":-15.436391}},{"type":"Feature","id":111,"geometry":{"type":"Point","coordinates":[49.625233000000037,-15.436174999999935]},"properties":{"OBJECTID":111,"ID":"CM115","Date":"2021-02-01","Fokontany":"Ambalarano","Habitat":"Village","Genus":"Rattus","Species":"Rattus norvegicus","Sex":"M","Number_of_Fleas":0,"X__cheopis_Count":0,"X__brasiliensis_Count":0,"S__fonquerniei_Count":0,"C__felis_Count":0,"E__gallinacea_Count":0,"F1_RDT":"neg","Bacteriology":"neg","qPCR":"neg","Serology":"neg","Source":"Ramasindrazana et al. 2025. PLoS Negl Trop Dis 19(11):e0013710 (journal_pntd_0013710_s001.xlsx)","Longitude":49.625233000000001,"Latitude":-15.436175}},{"type":"Feature","id":112,"geometry":{"type":"Point","coordinates":[49.624453000000074,-15.436937999999941]},"properties":{"OBJECTID":112,"ID":"CM116","Date":"2021-02-01","Fokontany":"Ambalarano","Habitat":"Village","Genus":"Rattus","Species":"Rattus rattus","Sex":"M","Number_of_Fleas":0,"X__cheopis_Count":0,"X__brasiliensis_Count":0,"S__fonquerniei_Count":0,"C__felis_Count":0,"E__gallinacea_Count":0,"F1_RDT":"neg","Bacteriology":"neg","qPCR":"neg","Serology":"neg","Source":"Ramasindrazana et al. 2025. PLoS Negl Trop Dis 19(11):e0013710 (journal_pntd_0013710_s001.xlsx)","Longitude":49.624453000000003,"Latitude":-15.436938}},{"type":"Feature","id":113,"geometry":{"type":"Point","coordinates":[49.624496000000079,-15.436888999999951]},"properties":{"OBJECTID":113,"ID":"CM117","Date":"2021-02-01","Fokontany":"Ambalarano","Habitat":"Village","Genus":"Rattus","Species":"Rattus rattus","Sex":"F","Number_of_Fleas":0,"X__cheopis_Count":0,"X__brasiliensis_Count":0,"S__fonquerniei_Count":0,"C__felis_Count":0,"E__gallinacea_Count":0,"F1_RDT":"neg","Bacteriology":"neg","qPCR":"neg","Serology":"neg","Source":"Ramasindrazana et al. 2025. PLoS Negl Trop Dis 19(11):e0013710 (journal_pntd_0013710_s001.xlsx)","Longitude":49.624496000000001,"Latitude":-15.436889000000001}},{"type":"Feature","id":114,"geometry":{"type":"Point","coordinates":[49.625230000000045,-15.435992999999939]},"properties":{"OBJECTID":114,"ID":"CM118","Date":"2021-02-01","Fokontany":"Ambalarano","Habitat":"Village","Genus":"Rattus","Species":"Rattus rattus","Sex":"M","Number_of_Fleas":0,"X__cheopis_Count":0,"X__brasiliensis_Count":0,"S__fonquerniei_Count":0,"C__felis_Count":0,"E__gallinacea_Count":0,"F1_RDT":"neg","Bacteriology":"neg","qPCR":"neg","Serology":"neg","Source":"Ramasindrazana et al. 2025. PLoS Negl Trop Dis 19(11):e0013710 (journal_pntd_0013710_s001.xlsx)","Longitude":49.625230000000002,"Latitude":-15.435993}},{"type":"Feature","id":115,"geometry":{"type":"Point","coordinates":[49.624449000000027,-15.436501999999962]},"properties":{"OBJECTID":115,"ID":"CM119","Date":"2021-02-01","Fokontany":"Ambalarano","Habitat":"Village","Genus":"Suncus","Species":"Suncus murinus","Sex":"F","Number_of_Fleas":0,"X__cheopis_Count":0,"X__brasiliensis_Count":0,"S__fonquerniei_Count":0,"C__felis_Count":0,"E__gallinacea_Count":0,"F1_RDT":"neg","Bacteriology":"neg","qPCR":"neg","Serology":"neg","Source":"Ramasindrazana et al. 2025. PLoS Negl Trop Dis 19(11):e0013710 (journal_pntd_0013710_s001.xlsx)","Longitude":49.624448999999998,"Latitude":-15.436502000000001}},{"type":"Feature","id":116,"geometry":{"type":"Point","coordinates":[49.625262000000077,-15.435975999999982]},"properties":{"OBJECTID":116,"ID":"CM120","Date":"2021-02-01","Fokontany":"Ambalarano","Habitat":"Village","Genus":"Suncus","Species":"Suncus murinus","Sex":"M","Number_of_Fleas":0,"X__cheopis_Count":0,"X__brasiliensis_Count":0,"S__fonquerniei_Count":0,"C__felis_Count":0,"E__gallinacea_Count":0,"F1_RDT":"neg","Bacteriology":"neg","qPCR":"neg","Serology":"neg","Source":"Ramasindrazana et al. 2025. PLoS Negl Trop Dis 19(11):e0013710 (journal_pntd_0013710_s001.xlsx)","Longitude":49.625261999999999,"Latitude":-15.435976}},{"type":"Feature","id":117,"geometry":{"type":"Point","coordinates":[49.624561000000028,-15.436556999999937]},"properties":{"OBJECTID":117,"ID":"CM121","Date":"2021-02-07","Fokontany":"Ambodivoangy","Habitat":"Hunting zone","Genus":"Rattus","Species":"Rattus norvegicus","Sex":"F","Number_of_Fleas":0,"X__cheopis_Count":0,"X__brasiliensis_Count":0,"S__fonquerniei_Count":0,"C__felis_Count":0,"E__gallinacea_Count":0,"F1_RDT":"neg","Bacteriology":"neg","qPCR":"neg","Serology":"neg","Source":"Ramasindrazana et al. 2025. PLoS Negl Trop Dis 19(11):e0013710 (journal_pntd_0013710_s001.xlsx)","Longitude":49.624561,"Latitude":-15.436557000000001}},{"type":"Feature","id":118,"geometry":{"type":"Point","coordinates":[49.624561000000028,-15.436556999999937]},"properties":{"OBJECTID":118,"ID":"CM122","Date":"2021-02-07","Fokontany":"Ambodivoangy","Habitat":"Hunting zone","Genus":"Rattus","Species":"Rattus rattus","Sex":"M","Number_of_Fleas":0,"X__cheopis_Count":0,"X__brasiliensis_Count":0,"S__fonquerniei_Count":0,"C__felis_Count":0,"E__gallinacea_Count":0,"F1_RDT":"neg","Bacteriology":"neg","qPCR":"neg","Serology":"neg","Source":"Ramasindrazana et al. 2025. PLoS Negl Trop Dis 19(11):e0013710 (journal_pntd_0013710_s001.xlsx)","Longitude":49.624561,"Latitude":-15.436557000000001}},{"type":"Feature","id":119,"geometry":{"type":"Point","coordinates":[49.602231000000074,-15.271262999999976]},"properties":{"OBJECTID":119,"ID":"CM123","Date":"2021-02-07","Fokontany":"Ambodivoangy","Habitat":"Hunting zone","Genus":"Rattus","Species":"Rattus rattus","Sex":"F","Number_of_Fleas":0,"X__cheopis_Count":0,"X__brasiliensis_Count":0,"S__fonquerniei_Count":0,"C__felis_Count":0,"E__gallinacea_Count":0,"F1_RDT":"neg","Bacteriology":"neg","qPCR":"neg","Serology":"neg","Source":"Ramasindrazana et al. 2025. PLoS Negl Trop Dis 19(11):e0013710 (journal_pntd_0013710_s001.xlsx)","Longitude":49.602231000000003,"Latitude":-15.271262999999999}},{"type":"Feature","id":120,"geometry":{"type":"Point","coordinates":[49.602849000000049,-15.270445999999936]},"properties":{"OBJECTID":120,"ID":"CM124","Date":"2021-02-07","Fokontany":"Ambodivoangy","Habitat":"Hunting zone","Genus":"Rattus","Species":"Rattus rattus","Sex":"F","Number_of_Fleas":0,"X__cheopis_Count":0,"X__brasiliensis_Count":0,"S__fonquerniei_Count":0,"C__felis_Count":0,"E__gallinacea_Count":0,"F1_RDT":"neg","Bacteriology":"neg","qPCR":"neg","Serology":"neg","Source":"Ramasindrazana et al. 2025. PLoS Negl Trop Dis 19(11):e0013710 (journal_pntd_0013710_s001.xlsx)","Longitude":49.602848999999999,"Latitude":-15.270446}},{"type":"Feature","id":121,"geometry":{"type":"Point","coordinates":[49.602006000000074,-15.270230999999967]},"properties":{"OBJECTID":121,"ID":"CM125","Date":"2021-02-08","Fokontany":"Ambodivoangy","Habitat":"Hunting zone","Genus":"Setifer","Species":"Setifer setosus","Sex":"M","Number_of_Fleas":0,"X__cheopis_Count":0,"X__brasiliensis_Count":0,"S__fonquerniei_Count":0,"C__felis_Count":0,"E__gallinacea_Count":0,"F1_RDT":"neg","Bacteriology":"neg","qPCR":"neg","Serology":"neg","Source":"Ramasindrazana et al. 2025. PLoS Negl Trop Dis 19(11):e0013710 (journal_pntd_0013710_s001.xlsx)","Longitude":49.602006000000003,"Latitude":-15.270231000000001}},{"type":"Feature","id":122,"geometry":{"type":"Point","coordinates":[49.602839000000074,-15.271386999999947]},"properties":{"OBJECTID":122,"ID":"CM126","Date":"2021-02-09","Fokontany":"Ambodivoangy","Habitat":"Hunting zone","Genus":"Rattus","Species":"Rattus rattus","Sex":"M","Number_of_Fleas":0,"X__cheopis_Count":0,"X__brasiliensis_Count":0,"S__fonquerniei_Count":0,"C__felis_Count":0,"E__gallinacea_Count":0,"F1_RDT":"neg","Bacteriology":"neg","qPCR":"neg","Serology":"neg","Source":"Ramasindrazana et al. 2025. PLoS Negl Trop Dis 19(11):e0013710 (journal_pntd_0013710_s001.xlsx)","Longitude":49.602839000000003,"Latitude":-15.271387000000001}},{"type":"Feature","id":123,"geometry":{"type":"Point","coordinates":[49.602603000000045,-15.270223999999928]},"properties":{"OBJECTID":123,"ID":"CM127","Date":"2021-02-09","Fokontany":"Ambodivoangy","Habitat":"Hunting zone","Genus":"Rattus","Species":"Rattus rattus","Sex":"F","Number_of_Fleas":0,"X__cheopis_Count":0,"X__brasiliensis_Count":0,"S__fonquerniei_Count":0,"C__felis_Count":0,"E__gallinacea_Count":0,"F1_RDT":"neg","Bacteriology":"neg","qPCR":"neg","Serology":"neg","Source":"Ramasindrazana et al. 2025. PLoS Negl Trop Dis 19(11):e0013710 (journal_pntd_0013710_s001.xlsx)","Longitude":49.602603000000002,"Latitude":-15.270224000000001}},{"type":"Feature","id":124,"geometry":{"type":"Point","coordinates":[49.602839000000074,-15.271386999999947]},"properties":{"OBJECTID":124,"ID":"CM128","Date":"2021-02-09","Fokontany":"Ambodivoangy","Habitat":"Hunting zone","Genus":"Setifer","Species":"Setifer setosus","Sex":"M","Number_of_Fleas":0,"X__cheopis_Count":0,"X__brasiliensis_Count":0,"S__fonquerniei_Count":0,"C__felis_Count":0,"E__gallinacea_Count":0,"F1_RDT":"neg","Bacteriology":"neg","qPCR":"neg","Serology":"neg","Source":"Ramasindrazana et al. 2025. PLoS Negl Trop Dis 19(11):e0013710 (journal_pntd_0013710_s001.xlsx)","Longitude":49.602839000000003,"Latitude":-15.271387000000001}},{"type":"Feature","id":125,"geometry":{"type":"Point","coordinates":[49.602006000000074,-15.270230999999967]},"properties":{"OBJECTID":125,"ID":"CM129","Date":"2021-02-12","Fokontany":"Ambodivoangy","Habitat":"Village","Genus":"Rattus","Species":"Rattus rattus","Sex":"F","Number_of_Fleas":0,"X__cheopis_Count":0,"X__brasiliensis_Count":0,"S__fonquerniei_Count":0,"C__felis_Count":0,"E__gallinacea_Count":0,"F1_RDT":"neg","Bacteriology":"neg","qPCR":"neg","Serology":"neg","Source":"Ramasindrazana et al. 2025. PLoS Negl Trop Dis 19(11):e0013710 (journal_pntd_0013710_s001.xlsx)","Longitude":49.602006000000003,"Latitude":-15.270231000000001}},{"type":"Feature","id":126,"geometry":{"type":"Point","coordinates":[49.602625000000046,-15.271456999999941]},"properties":{"OBJECTID":126,"ID":"CM130","Date":"2021-02-12","Fokontany":"Ambodivoangy","Habitat":"Village","Genus":"Rattus","Species":"Rattus rattus","Sex":"F","Number_of_Fleas":0,"X__cheopis_Count":0,"X__brasiliensis_Count":0,"S__fonquerniei_Count":0,"C__felis_Count":0,"E__gallinacea_Count":0,"F1_RDT":"neg","Bacteriology":"neg","qPCR":"neg","Serology":"neg","Source":"Ramasindrazana et al. 2025. PLoS Negl Trop Dis 19(11):e0013710 (journal_pntd_0013710_s001.xlsx)","Longitude":49.602625000000003,"Latitude":-15.271457}},{"type":"Feature","id":127,"geometry":{"type":"Point","coordinates":[49.613245000000063,-15.296086999999943]},"properties":{"OBJECTID":127,"ID":"CM131","Date":"2021-02-12","Fokontany":"Ambodivoangy","Habitat":"Village","Genus":"Rattus","Species":"Rattus rattus","Sex":"M","Number_of_Fleas":0,"X__cheopis_Count":0,"X__brasiliensis_Count":0,"S__fonquerniei_Count":0,"C__felis_Count":0,"E__gallinacea_Count":0,"F1_RDT":"neg","Bacteriology":"neg","qPCR":"neg","Serology":"neg","Source":"Ramasindrazana et al. 2025. PLoS Negl Trop Dis 19(11):e0013710 (journal_pntd_0013710_s001.xlsx)","Longitude":49.613244999999999,"Latitude":-15.296087}},{"type":"Feature","id":128,"geometry":{"type":"Point","coordinates":[49.612562000000025,-15.296534999999949]},"properties":{"OBJECTID":128,"ID":"CM132","Date":"2021-02-12","Fokontany":"Ambodivoangy","Habitat":"Village","Genus":"Rattus","Species":"Rattus rattus","Sex":"M","Number_of_Fleas":0,"X__cheopis_Count":0,"X__brasiliensis_Count":0,"S__fonquerniei_Count":0,"C__felis_Count":0,"E__gallinacea_Count":0,"F1_RDT":"neg","Bacteriology":"neg","qPCR":"neg","Serology":"neg","Source":"Ramasindrazana et al. 2025. PLoS Negl Trop Dis 19(11):e0013710 (journal_pntd_0013710_s001.xlsx)","Longitude":49.612561999999997,"Latitude":-15.296535}},{"type":"Feature","id":129,"geometry":{"type":"Point","coordinates":[49.611711000000071,-15.296669999999949]},"properties":{"OBJECTID":129,"ID":"CM133","Date":"2021-02-13","Fokontany":"Ambodivoangy","Habitat":"Village","Genus":"Rattus","Species":"Rattus rattus","Sex":"F","Number_of_Fleas":0,"X__cheopis_Count":0,"X__brasiliensis_Count":0,"S__fonquerniei_Count":0,"C__felis_Count":0,"E__gallinacea_Count":0,"F1_RDT":"neg","Bacteriology":"neg","qPCR":"neg","Serology":"neg","Source":"Ramasindrazana et al. 2025. PLoS Negl Trop Dis 19(11):e0013710 (journal_pntd_0013710_s001.xlsx)","Longitude":49.611711,"Latitude":-15.296670000000001}},{"type":"Feature","id":130,"geometry":{"type":"Point","coordinates":[49.613102000000026,-15.297857999999962]},"properties":{"OBJECTID":130,"ID":"CM134","Date":"2021-02-13","Fokontany":"Ambodivoangy","Habitat":"Village","Genus":"Rattus","Species":"Rattus rattus","Sex":"F","Number_of_Fleas":0,"X__cheopis_Count":0,"X__brasiliensis_Count":0,"S__fonquerniei_Count":0,"C__felis_Count":0,"E__gallinacea_Count":0,"F1_RDT":"neg","Bacteriology":"neg","qPCR":"neg","Serology":"neg","Source":"Ramasindrazana et al. 2025. PLoS Negl Trop Dis 19(11):e0013710 (journal_pntd_0013710_s001.xlsx)","Longitude":49.613101999999998,"Latitude":-15.297858}},{"type":"Feature","id":131,"geometry":{"type":"Point","coordinates":[49.612682000000063,-15.296712999999954]},"properties":{"OBJECTID":131,"ID":"CM135","Date":"2021-02-13","Fokontany":"Ambodivoangy","Habitat":"Village","Genus":"Rattus","Species":"Rattus norvegicus","Sex":"M","Number_of_Fleas":0,"X__cheopis_Count":0,"X__brasiliensis_Count":0,"S__fonquerniei_Count":0,"C__felis_Count":0,"E__gallinacea_Count":0,"F1_RDT":"neg","Bacteriology":"neg","qPCR":"neg","Serology":"neg","Source":"Ramasindrazana et al. 2025. PLoS Negl Trop Dis 19(11):e0013710 (journal_pntd_0013710_s001.xlsx)","Longitude":49.612682,"Latitude":-15.296713}},{"type":"Feature","id":132,"geometry":{"type":"Point","coordinates":[49.612181000000078,-15.296958999999958]},"properties":{"OBJECTID":132,"ID":"CM136","Date":"2021-02-14","Fokontany":"Ambodivoangy","Habitat":"Village","Genus":"Rattus","Species":"Rattus rattus","Sex":"F","Number_of_Fleas":0,"X__cheopis_Count":0,"X__brasiliensis_Count":0,"S__fonquerniei_Count":0,"C__felis_Count":0,"E__gallinacea_Count":0,"F1_RDT":"neg","Bacteriology":"neg","qPCR":"neg","Serology":"neg","Source":"Ramasindrazana et al. 2025. PLoS Negl Trop Dis 19(11):e0013710 (journal_pntd_0013710_s001.xlsx)","Longitude":49.612181,"Latitude":-15.296958999999999}},{"type":"Feature","id":133,"geometry":{"type":"Point","coordinates":[49.611736000000064,-15.296766999999932]},"properties":{"OBJECTID":133,"ID":"CM137","Date":"2021-02-14","Fokontany":"Ambodivoangy","Habitat":"Village","Genus":"Rattus","Species":"Rattus norvegicus","Sex":"M","Number_of_Fleas":0,"X__cheopis_Count":0,"X__brasiliensis_Count":0,"S__fonquerniei_Count":0,"C__felis_Count":0,"E__gallinacea_Count":0,"F1_RDT":"neg","Bacteriology":"neg","qPCR":"neg","Serology":"neg","Source":"Ramasindrazana et al. 2025. PLoS Negl Trop Dis 19(11):e0013710 (journal_pntd_0013710_s001.xlsx)","Longitude":49.611736000000001,"Latitude":-15.296766999999999}},{"type":"Feature","id":134,"geometry":{"type":"Point","coordinates":[49.614030000000071,-15.295397999999977]},"properties":{"OBJECTID":134,"ID":"CM138","Date":"2021-02-14","Fokontany":"Ambodivoangy","Habitat":"Village","Genus":"Rattus","Species":"Rattus rattus","Sex":"M","Number_of_Fleas":0,"X__cheopis_Count":0,"X__brasiliensis_Count":0,"S__fonquerniei_Count":0,"C__felis_Count":0,"E__gallinacea_Count":0,"F1_RDT":"neg","Bacteriology":"neg","qPCR":"neg","Serology":"neg","Source":"Ramasindrazana et al. 2025. PLoS Negl Trop Dis 19(11):e0013710 (journal_pntd_0013710_s001.xlsx)","Longitude":49.61403,"Latitude":-15.295398}},{"type":"Feature","id":135,"geometry":{"type":"Point","coordinates":[49.613890000000026,-15.295681999999942]},"properties":{"OBJECTID":135,"ID":"CM139","Date":"2021-02-14","Fokontany":"Ambodivoangy","Habitat":"Village","Genus":"Rattus","Species":"Rattus rattus","Sex":"F","Number_of_Fleas":0,"X__cheopis_Count":0,"X__brasiliensis_Count":0,"S__fonquerniei_Count":0,"C__felis_Count":0,"E__gallinacea_Count":0,"F1_RDT":"neg","Bacteriology":"neg","qPCR":"neg","Serology":"neg","Source":"Ramasindrazana et al. 2025. PLoS Negl Trop Dis 19(11):e0013710 (journal_pntd_0013710_s001.xlsx)","Longitude":49.613889999999998,"Latitude":-15.295681999999999}},{"type":"Feature","id":136,"geometry":{"type":"Point","coordinates":[49.612682000000063,-15.296712999999954]},"properties":{"OBJECTID":136,"ID":"CM140","Date":"2021-02-14","Fokontany":"Ambodivoangy","Habitat":"Village","Genus":"Rattus","Species":"Rattus rattus","Sex":"M","Number_of_Fleas":0,"X__cheopis_Count":0,"X__brasiliensis_Count":0,"S__fonquerniei_Count":0,"C__felis_Count":0,"E__gallinacea_Count":0,"F1_RDT":"neg","Bacteriology":"neg","qPCR":"neg","Serology":"neg","Source":"Ramasindrazana et al. 2025. PLoS Negl Trop Dis 19(11):e0013710 (journal_pntd_0013710_s001.xlsx)","Longitude":49.612682,"Latitude":-15.296713}},{"type":"Feature","id":137,"geometry":{"type":"Point","coordinates":[49.613165000000038,-15.296570999999972]},"properties":{"OBJECTID":137,"ID":"CM141","Date":"2021-02-14","Fokontany":"Ambodivoangy","Habitat":"Village","Genus":"Rattus","Species":"Rattus rattus","Sex":"M","Number_of_Fleas":0,"X__cheopis_Count":0,"X__brasiliensis_Count":0,"S__fonquerniei_Count":0,"C__felis_Count":0,"E__gallinacea_Count":0,"F1_RDT":"neg","Bacteriology":"neg","qPCR":"neg","Serology":"neg","Source":"Ramasindrazana et al. 2025. PLoS Negl Trop Dis 19(11):e0013710 (journal_pntd_0013710_s001.xlsx)","Longitude":49.613165000000002,"Latitude":-15.296571}},{"type":"Feature","id":138,"geometry":{"type":"Point","coordinates":[49.612562000000025,-15.296534999999949]},"properties":{"OBJECTID":138,"ID":"CM142","Date":"2021-02-14","Fokontany":"Ambodivoangy","Habitat":"Village","Genus":"Rattus","Species":"Rattus rattus","Sex":"F","Number_of_Fleas":0,"X__cheopis_Count":0,"X__brasiliensis_Count":0,"S__fonquerniei_Count":0,"C__felis_Count":0,"E__gallinacea_Count":0,"F1_RDT":"neg","Bacteriology":"neg","qPCR":"neg","Serology":"neg","Source":"Ramasindrazana et al. 2025. PLoS Negl Trop Dis 19(11):e0013710 (journal_pntd_0013710_s001.xlsx)","Longitude":49.612561999999997,"Latitude":-15.296535}},{"type":"Feature","id":139,"geometry":{"type":"Point","coordinates":[49.612819000000059,-15.296746999999982]},"properties":{"OBJECTID":139,"ID":"CM143","Date":"2021-02-14","Fokontany":"Ambodivoangy","Habitat":"Village","Genus":"Rattus","Species":"Rattus rattus","Sex":"M","Number_of_Fleas":0,"X__cheopis_Count":0,"X__brasiliensis_Count":0,"S__fonquerniei_Count":0,"C__felis_Count":0,"E__gallinacea_Count":0,"F1_RDT":"neg","Bacteriology":"neg","qPCR":"neg","Serology":"neg","Source":"Ramasindrazana et al. 2025. PLoS Negl Trop Dis 19(11):e0013710 (journal_pntd_0013710_s001.xlsx)","Longitude":49.612819000000002,"Latitude":-15.296747}},{"type":"Feature","id":140,"geometry":{"type":"Point","coordinates":[49.612682000000063,-15.296712999999954]},"properties":{"OBJECTID":140,"ID":"CM144","Date":"2021-02-14","Fokontany":"Ambodivoangy","Habitat":"Village","Genus":"Rattus","Species":"Rattus norvegicus","Sex":"F","Number_of_Fleas":0,"X__cheopis_Count":0,"X__brasiliensis_Count":0,"S__fonquerniei_Count":0,"C__felis_Count":0,"E__gallinacea_Count":0,"F1_RDT":"neg","Bacteriology":"neg","qPCR":"neg","Serology":"neg","Source":"Ramasindrazana et al. 2025. PLoS Negl Trop Dis 19(11):e0013710 (journal_pntd_0013710_s001.xlsx)","Longitude":49.612682,"Latitude":-15.296713}},{"type":"Feature","id":141,"geometry":{"type":"Point","coordinates":[49.61353900000006,-15.296153999999945]},"properties":{"OBJECTID":141,"ID":"CM145","Date":"2021-02-15","Fokontany":"Ambodivoangy","Habitat":"Village","Genus":"Suncus","Species":"Suncus murinus","Sex":"F","Number_of_Fleas":0,"X__cheopis_Count":0,"X__brasiliensis_Count":0,"S__fonquerniei_Count":0,"C__felis_Count":0,"E__gallinacea_Count":0,"F1_RDT":"neg","Bacteriology":"neg","qPCR":"neg","Serology":"neg","Source":"Ramasindrazana et al. 2025. PLoS Negl Trop Dis 19(11):e0013710 (journal_pntd_0013710_s001.xlsx)","Longitude":49.613539000000003,"Latitude":-15.296154}},{"type":"Feature","id":142,"geometry":{"type":"Point","coordinates":[49.613875000000064,-15.29555199999993]},"properties":{"OBJECTID":142,"ID":"CM146","Date":"2021-02-15","Fokontany":"Ambodivoangy","Habitat":"Village","Genus":"Rattus","Species":"Rattus rattus","Sex":"M","Number_of_Fleas":0,"X__cheopis_Count":0,"X__brasiliensis_Count":0,"S__fonquerniei_Count":0,"C__felis_Count":0,"E__gallinacea_Count":0,"F1_RDT":"neg","Bacteriology":"neg","qPCR":"neg","Serology":"neg","Source":"Ramasindrazana et al. 2025. PLoS Negl Trop Dis 19(11):e0013710 (journal_pntd_0013710_s001.xlsx)","Longitude":49.613875,"Latitude":-15.295552000000001}},{"type":"Feature","id":143,"geometry":{"type":"Point","coordinates":[49.61353900000006,-15.296153999999945]},"properties":{"OBJECTID":143,"ID":"CM147","Date":"2021-02-15","Fokontany":"Ambodivoangy","Habitat":"Village","Genus":"Rattus","Species":"Rattus rattus","Sex":"F","Number_of_Fleas":0,"X__cheopis_Count":0,"X__brasiliensis_Count":0,"S__fonquerniei_Count":0,"C__felis_Count":0,"E__gallinacea_Count":0,"F1_RDT":"neg","Bacteriology":"neg","qPCR":"neg","Serology":"neg","Source":"Ramasindrazana et al. 2025. PLoS Negl Trop Dis 19(11):e0013710 (journal_pntd_0013710_s001.xlsx)","Longitude":49.613539000000003,"Latitude":-15.296154}},{"type":"Feature","id":144,"geometry":{"type":"Point","coordinates":[49.613372000000027,-15.296446999999944]},"properties":{"OBJECTID":144,"ID":"CM148","Date":"2021-02-15","Fokontany":"Ambodivoangy","Habitat":"Village","Genus":"Rattus","Species":"Rattus rattus","Sex":"F","Number_of_Fleas":0,"X__cheopis_Count":0,"X__brasiliensis_Count":0,"S__fonquerniei_Count":0,"C__felis_Count":0,"E__gallinacea_Count":0,"F1_RDT":"neg","Bacteriology":"neg","qPCR":"neg","Serology":"neg","Source":"Ramasindrazana et al. 2025. PLoS Negl Trop Dis 19(11):e0013710 (journal_pntd_0013710_s001.xlsx)","Longitude":49.613371999999998,"Latitude":-15.296447000000001}},{"type":"Feature","id":145,"geometry":{"type":"Point","coordinates":[49.612682000000063,-15.296712999999954]},"properties":{"OBJECTID":145,"ID":"CM149","Date":"2021-02-15","Fokontany":"Ambodivoangy","Habitat":"Village","Genus":"Rattus","Species":"Rattus rattus","Sex":"F","Number_of_Fleas":0,"X__cheopis_Count":0,"X__brasiliensis_Count":0,"S__fonquerniei_Count":0,"C__felis_Count":0,"E__gallinacea_Count":0,"F1_RDT":"neg","Bacteriology":"neg","qPCR":"neg","Serology":"neg","Source":"Ramasindrazana et al. 2025. PLoS Negl Trop Dis 19(11):e0013710 (journal_pntd_0013710_s001.xlsx)","Longitude":49.612682,"Latitude":-15.296713}},{"type":"Feature","id":146,"geometry":{"type":"Point","coordinates":[49.613432000000046,-15.29660599999994]},"properties":{"OBJECTID":146,"ID":"CM150","Date":"2021-02-15","Fokontany":"Ambodivoangy","Habitat":"Village","Genus":"Rattus","Species":"Rattus rattus","Sex":"F","Number_of_Fleas":0,"X__cheopis_Count":0,"X__brasiliensis_Count":0,"S__fonquerniei_Count":0,"C__felis_Count":0,"E__gallinacea_Count":0,"F1_RDT":"neg","Bacteriology":"neg","qPCR":"neg","Serology":"neg","Source":"Ramasindrazana et al. 2025. PLoS Negl Trop Dis 19(11):e0013710 (journal_pntd_0013710_s001.xlsx)","Longitude":49.613432000000003,"Latitude":-15.296606000000001}},{"type":"Feature","id":147,"geometry":{"type":"Point","coordinates":[49.613132000000064,-15.29664299999996]},"properties":{"OBJECTID":147,"ID":"CM151","Date":"2021-02-23","Fokontany":"Ankiatombaka","Habitat":"Hunting zone","Genus":"Rattus","Species":"Rattus rattus","Sex":"F","Number_of_Fleas":0,"X__cheopis_Count":0,"X__brasiliensis_Count":0,"S__fonquerniei_Count":0,"C__felis_Count":0,"E__gallinacea_Count":0,"F1_RDT":"neg","Bacteriology":"neg","qPCR":"neg","Serology":"neg","Source":"Ramasindrazana et al. 2025. PLoS Negl Trop Dis 19(11):e0013710 (journal_pntd_0013710_s001.xlsx)","Longitude":49.613132,"Latitude":-15.296643}},{"type":"Feature","id":148,"geometry":{"type":"Point","coordinates":[49.612979000000053,-15.297175999999979]},"properties":{"OBJECTID":148,"ID":"CM152","Date":"2021-02-23","Fokontany":"Ankiatombaka","Habitat":"Hunting zone","Genus":"Rattus","Species":"Rattus rattus","Sex":"M","Number_of_Fleas":0,"X__cheopis_Count":0,"X__brasiliensis_Count":0,"S__fonquerniei_Count":0,"C__felis_Count":0,"E__gallinacea_Count":0,"F1_RDT":"neg","Bacteriology":"neg","qPCR":"neg","Serology":"neg","Source":"Ramasindrazana et al. 2025. PLoS Negl Trop Dis 19(11):e0013710 (journal_pntd_0013710_s001.xlsx)","Longitude":49.612979000000003,"Latitude":-15.297176}},{"type":"Feature","id":149,"geometry":{"type":"Point","coordinates":[49.452379000000064,-15.186224999999979]},"properties":{"OBJECTID":149,"ID":"CM153","Date":"2021-02-23","Fokontany":"Ankiatombaka","Habitat":"Hunting zone","Genus":"Rattus","Species":"Rattus rattus","Sex":"F","Number_of_Fleas":0,"X__cheopis_Count":0,"X__brasiliensis_Count":0,"S__fonquerniei_Count":0,"C__felis_Count":0,"E__gallinacea_Count":0,"F1_RDT":"neg","Bacteriology":"neg","qPCR":"neg","Serology":"neg","Source":"Ramasindrazana et al. 2025. PLoS Negl Trop Dis 19(11):e0013710 (journal_pntd_0013710_s001.xlsx)","Longitude":49.452379000000001,"Latitude":-15.186225}},{"type":"Feature","id":150,"geometry":{"type":"Point","coordinates":[49.451542000000074,-15.185686999999973]},"properties":{"OBJECTID":150,"ID":"CM154","Date":"2021-02-26","Fokontany":"Ankiatombaka","Habitat":"Hunting zone","Genus":"Rattus","Species":"Rattus rattus","Sex":"F","Number_of_Fleas":0,"X__cheopis_Count":0,"X__brasiliensis_Count":0,"S__fonquerniei_Count":0,"C__felis_Count":0,"E__gallinacea_Count":0,"F1_RDT":"neg","Bacteriology":"neg","qPCR":"neg","Serology":"neg","Source":"Ramasindrazana et al. 2025. PLoS Negl Trop Dis 19(11):e0013710 (journal_pntd_0013710_s001.xlsx)","Longitude":49.451542000000003,"Latitude":-15.185687}},{"type":"Feature","id":151,"geometry":{"type":"Point","coordinates":[49.45148000000006,-15.18564299999997]},"properties":{"OBJECTID":151,"ID":"CM155","Date":"2021-02-28","Fokontany":"Ankiatombaka","Habitat":"Village","Genus":"Rattus","Species":"Rattus rattus","Sex":"M","Number_of_Fleas":0,"X__cheopis_Count":0,"X__brasiliensis_Count":0,"S__fonquerniei_Count":0,"C__felis_Count":0,"E__gallinacea_Count":0,"F1_RDT":"neg","Bacteriology":"neg","qPCR":"neg","Serology":"neg","Source":"Ramasindrazana et al. 2025. PLoS Negl Trop Dis 19(11):e0013710 (journal_pntd_0013710_s001.xlsx)","Longitude":49.451479999999997,"Latitude":-15.185643000000001}},{"type":"Feature","id":152,"geometry":{"type":"Point","coordinates":[49.451723000000072,-15.18629199999998]},"properties":{"OBJECTID":152,"ID":"CM156","Date":"2021-02-28","Fokontany":"Ankiatombaka","Habitat":"Village","Genus":"Rattus","Species":"Rattus rattus","Sex":"M","Number_of_Fleas":0,"X__cheopis_Count":0,"X__brasiliensis_Count":0,"S__fonquerniei_Count":0,"C__felis_Count":0,"E__gallinacea_Count":0,"F1_RDT":"neg","Bacteriology":"neg","qPCR":"neg","Serology":"neg","Source":"Ramasindrazana et al. 2025. PLoS Negl Trop Dis 19(11):e0013710 (journal_pntd_0013710_s001.xlsx)","Longitude":49.451723000000001,"Latitude":-15.186292}},{"type":"Feature","id":153,"geometry":{"type":"Point","coordinates":[49.415779000000043,-15.181172999999944]},"properties":{"OBJECTID":153,"ID":"CM157","Date":"2021-02-28","Fokontany":"Ankiatombaka","Habitat":"Village","Genus":"Rattus","Species":"Rattus rattus","Sex":"M","Number_of_Fleas":0,"X__cheopis_Count":0,"X__brasiliensis_Count":0,"S__fonquerniei_Count":0,"C__felis_Count":0,"E__gallinacea_Count":0,"F1_RDT":"neg","Bacteriology":"neg","qPCR":"neg","Serology":"neg","Source":"Ramasindrazana et al. 2025. PLoS Negl Trop Dis 19(11):e0013710 (journal_pntd_0013710_s001.xlsx)","Longitude":49.415779000000001,"Latitude":-15.181172999999999}},{"type":"Feature","id":154,"geometry":{"type":"Point","coordinates":[49.415869000000043,-15.181071999999972]},"properties":{"OBJECTID":154,"ID":"CM158","Date":"2021-02-28","Fokontany":"Ankiatombaka","Habitat":"Village","Genus":"Rattus","Species":"Rattus rattus","Sex":"M","Number_of_Fleas":0,"X__cheopis_Count":0,"X__brasiliensis_Count":0,"S__fonquerniei_Count":0,"C__felis_Count":0,"E__gallinacea_Count":0,"F1_RDT":"neg","Bacteriology":"neg","qPCR":"neg","Serology":"neg","Source":"Ramasindrazana et al. 2025. PLoS Negl Trop Dis 19(11):e0013710 (journal_pntd_0013710_s001.xlsx)","Longitude":49.415869000000001,"Latitude":-15.181072}},{"type":"Feature","id":155,"geometry":{"type":"Point","coordinates":[49.415924000000075,-15.180754999999976]},"properties":{"OBJECTID":155,"ID":"CM159","Date":"2021-03-01","Fokontany":"Ankiatombaka","Habitat":"Village","Genus":"Suncus","Species":"Suncus murinus","Sex":"M","Number_of_Fleas":0,"X__cheopis_Count":0,"X__brasiliensis_Count":0,"S__fonquerniei_Count":0,"C__felis_Count":0,"E__gallinacea_Count":0,"F1_RDT":"neg","Bacteriology":"neg","qPCR":"neg","Serology":"neg","Source":"Ramasindrazana et al. 2025. PLoS Negl Trop Dis 19(11):e0013710 (journal_pntd_0013710_s001.xlsx)","Longitude":49.415923999999997,"Latitude":-15.180755}},{"type":"Feature","id":156,"geometry":{"type":"Point","coordinates":[49.415160000000071,-15.180958999999973]},"properties":{"OBJECTID":156,"ID":"CM160","Date":"2021-03-02","Fokontany":"Ankiatombaka","Habitat":"Village","Genus":"Suncus","Species":"Suncus murinus","Sex":"M","Number_of_Fleas":0,"X__cheopis_Count":0,"X__brasiliensis_Count":0,"S__fonquerniei_Count":0,"C__felis_Count":0,"E__gallinacea_Count":0,"F1_RDT":"neg","Bacteriology":"neg","qPCR":"neg","Serology":"neg","Source":"Ramasindrazana et al. 2025. PLoS Negl Trop Dis 19(11):e0013710 (journal_pntd_0013710_s001.xlsx)","Longitude":49.41516,"Latitude":-15.180959}},{"type":"Feature","id":157,"geometry":{"type":"Point","coordinates":[49.415845000000047,-15.180818999999929]},"properties":{"OBJECTID":157,"ID":"CM161","Date":"2021-03-02","Fokontany":"Ankiatombaka","Habitat":"Village","Genus":"Rattus","Species":"Rattus rattus","Sex":"M","Number_of_Fleas":0,"X__cheopis_Count":0,"X__brasiliensis_Count":0,"S__fonquerniei_Count":0,"C__felis_Count":0,"E__gallinacea_Count":0,"F1_RDT":"neg","Bacteriology":"neg","qPCR":"neg","Serology":"neg","Source":"Ramasindrazana et al. 2025. PLoS Negl Trop Dis 19(11):e0013710 (journal_pntd_0013710_s001.xlsx)","Longitude":49.415844999999997,"Latitude":-15.180819}},{"type":"Feature","id":158,"geometry":{"type":"Point","coordinates":[49.415609000000075,-15.181134999999927]},"properties":{"OBJECTID":158,"ID":"CM162","Date":"2021-03-02","Fokontany":"Ankiatombaka","Habitat":"Village","Genus":"Rattus","Species":"Rattus rattus","Sex":"F","Number_of_Fleas":0,"X__cheopis_Count":0,"X__brasiliensis_Count":0,"S__fonquerniei_Count":0,"C__felis_Count":0,"E__gallinacea_Count":0,"F1_RDT":"neg","Bacteriology":"neg","qPCR":"neg","Serology":"neg","Source":"Ramasindrazana et al. 2025. PLoS Negl Trop Dis 19(11):e0013710 (journal_pntd_0013710_s001.xlsx)","Longitude":49.415609000000003,"Latitude":-15.181134999999999}},{"type":"Feature","id":159,"geometry":{"type":"Point","coordinates":[49.41588100000007,-15.18084099999993]},"properties":{"OBJECTID":159,"ID":"CM163","Date":"2021-03-03","Fokontany":"Ankiatombaka","Habitat":"Village","Genus":"Suncus","Species":"Suncus murinus","Sex":"M","Number_of_Fleas":0,"X__cheopis_Count":0,"X__brasiliensis_Count":0,"S__fonquerniei_Count":0,"C__felis_Count":0,"E__gallinacea_Count":0,"F1_RDT":"neg","Bacteriology":"neg","qPCR":"neg","Serology":"neg","Source":"Ramasindrazana et al. 2025. PLoS Negl Trop Dis 19(11):e0013710 (journal_pntd_0013710_s001.xlsx)","Longitude":49.415880999999999,"Latitude":-15.180840999999999}},{"type":"Feature","id":160,"geometry":{"type":"Point","coordinates":[49.415924000000075,-15.180754999999976]},"properties":{"OBJECTID":160,"ID":"CM164","Date":"2021-03-03","Fokontany":"Ankiatombaka","Habitat":"Village","Genus":"Suncus","Species":"Suncus murinus","Sex":"F","Number_of_Fleas":0,"X__cheopis_Count":0,"X__brasiliensis_Count":0,"S__fonquerniei_Count":0,"C__felis_Count":0,"E__gallinacea_Count":0,"F1_RDT":"neg","Bacteriology":"neg","qPCR":"neg","Serology":"neg","Source":"Ramasindrazana et al. 2025. PLoS Negl Trop Dis 19(11):e0013710 (journal_pntd_0013710_s001.xlsx)","Longitude":49.415923999999997,"Latitude":-15.180755}},{"type":"Feature","id":161,"geometry":{"type":"Point","coordinates":[49.41588100000007,-15.18084099999993]},"properties":{"OBJECTID":161,"ID":"CM165","Date":"2021-03-03","Fokontany":"Ankiatombaka","Habitat":"Village","Genus":"Suncus","Species":"Suncus murinus","Sex":"M","Number_of_Fleas":0,"X__cheopis_Count":0,"X__brasiliensis_Count":0,"S__fonquerniei_Count":0,"C__felis_Count":0,"E__gallinacea_Count":0,"F1_RDT":"neg","Bacteriology":"neg","qPCR":"neg","Serology":"neg","Source":"Ramasindrazana et al. 2025. PLoS Negl Trop Dis 19(11):e0013710 (journal_pntd_0013710_s001.xlsx)","Longitude":49.415880999999999,"Latitude":-15.180840999999999}},{"type":"Feature","id":162,"geometry":{"type":"Point","coordinates":[49.415174000000036,-15.18102099999993]},"properties":{"OBJECTID":162,"ID":"CM166","Date":"2021-03-18","Fokontany":"Maitsiarongana","Habitat":"Hunting zone","Genus":"Rattus","Species":"Rattus rattus","Sex":"F","Number_of_Fleas":0,"X__cheopis_Count":0,"X__brasiliensis_Count":0,"S__fonquerniei_Count":0,"C__felis_Count":0,"E__gallinacea_Count":0,"F1_RDT":"neg","Bacteriology":"neg","qPCR":"neg","Serology":"neg","Source":"Ramasindrazana et al. 2025. PLoS Negl Trop Dis 19(11):e0013710 (journal_pntd_0013710_s001.xlsx)","Longitude":49.415174,"Latitude":-15.181020999999999}},{"type":"Feature","id":163,"geometry":{"type":"Point","coordinates":[49.415366000000063,-15.181125999999949]},"properties":{"OBJECTID":163,"ID":"CM167","Date":"2021-03-19","Fokontany":"Maitsiarongana","Habitat":"Hunting zone","Genus":"Rattus","Species":"Rattus rattus","Sex":"M","Number_of_Fleas":0,"X__cheopis_Count":0,"X__brasiliensis_Count":0,"S__fonquerniei_Count":0,"C__felis_Count":0,"E__gallinacea_Count":0,"F1_RDT":"neg","Bacteriology":"neg","qPCR":"neg","Serology":"neg","Source":"Ramasindrazana et al. 2025. PLoS Negl Trop Dis 19(11):e0013710 (journal_pntd_0013710_s001.xlsx)","Longitude":49.415365999999999,"Latitude":-15.181126000000001}},{"type":"Feature","id":164,"geometry":{"type":"Point","coordinates":[49.483276000000046,-15.190087999999946]},"properties":{"OBJECTID":164,"ID":"CM168","Date":"2021-03-20","Fokontany":"Maitsiarongana","Habitat":"Hunting zone","Genus":"Rattus","Species":"Rattus rattus","Sex":"M","Number_of_Fleas":0,"X__cheopis_Count":0,"X__brasiliensis_Count":0,"S__fonquerniei_Count":0,"C__felis_Count":0,"E__gallinacea_Count":0,"F1_RDT":"neg","Bacteriology":"neg","qPCR":"neg","Serology":"neg","Source":"Ramasindrazana et al. 2025. PLoS Negl Trop Dis 19(11):e0013710 (journal_pntd_0013710_s001.xlsx)","Longitude":49.483275999999996,"Latitude":-15.190087999999999}},{"type":"Feature","id":165,"geometry":{"type":"Point","coordinates":[49.48310500000008,-15.190862999999979]},"properties":{"OBJECTID":165,"ID":"CM169","Date":"2021-03-20","Fokontany":"Maitsiarongana","Habitat":"Hunting zone","Genus":"Rattus","Species":"Rattus rattus","Sex":"M","Number_of_Fleas":0,"X__cheopis_Count":0,"X__brasiliensis_Count":0,"S__fonquerniei_Count":0,"C__felis_Count":0,"E__gallinacea_Count":0,"F1_RDT":"neg","Bacteriology":"neg","qPCR":"neg","Serology":"neg","Source":"Ramasindrazana et al. 2025. PLoS Negl Trop Dis 19(11):e0013710 (journal_pntd_0013710_s001.xlsx)","Longitude":49.483105000000002,"Latitude":-15.190863}},{"type":"Feature","id":166,"geometry":{"type":"Point","coordinates":[49.483133000000066,-15.189158999999961]},"properties":{"OBJECTID":166,"ID":"CM170","Date":"2021-03-20","Fokontany":"Maitsiarongana","Habitat":"Hunting zone","Genus":"Rattus","Species":"Rattus rattus","Sex":"M","Number_of_Fleas":0,"X__cheopis_Count":0,"X__brasiliensis_Count":0,"S__fonquerniei_Count":0,"C__felis_Count":0,"E__gallinacea_Count":0,"F1_RDT":"neg","Bacteriology":"neg","qPCR":"neg","Serology":"neg","Source":"Ramasindrazana et al. 2025. PLoS Negl Trop Dis 19(11):e0013710 (journal_pntd_0013710_s001.xlsx)","Longitude":49.483133000000002,"Latitude":-15.189159}},{"type":"Feature","id":167,"geometry":{"type":"Point","coordinates":[49.483087000000069,-15.190850999999952]},"properties":{"OBJECTID":167,"ID":"CM171","Date":"2021-03-23","Fokontany":"Maitsiarongana","Habitat":"Village","Genus":"Rattus","Species":"Rattus rattus","Sex":"M","Number_of_Fleas":0,"X__cheopis_Count":0,"X__brasiliensis_Count":0,"S__fonquerniei_Count":0,"C__felis_Count":0,"E__gallinacea_Count":0,"F1_RDT":"neg","Bacteriology":"neg","qPCR":"neg","Serology":"neg","Source":"Ramasindrazana et al. 2025. PLoS Negl Trop Dis 19(11):e0013710 (journal_pntd_0013710_s001.xlsx)","Longitude":49.483086999999998,"Latitude":-15.190851}},{"type":"Feature","id":168,"geometry":{"type":"Point","coordinates":[49.48310900000007,-15.190800999999965]},"properties":{"OBJECTID":168,"ID":"CM172","Date":"2021-03-23","Fokontany":"Maitsiarongana","Habitat":"Village","Genus":"Suncus","Species":"Suncus murinus","Sex":"F","Number_of_Fleas":0,"X__cheopis_Count":0,"X__brasiliensis_Count":0,"S__fonquerniei_Count":0,"C__felis_Count":0,"E__gallinacea_Count":0,"F1_RDT":"neg","Bacteriology":"neg","qPCR":"neg","Serology":"neg","Source":"Ramasindrazana et al. 2025. PLoS Negl Trop Dis 19(11):e0013710 (journal_pntd_0013710_s001.xlsx)","Longitude":49.483108999999999,"Latitude":-15.190801}},{"type":"Feature","id":169,"geometry":{"type":"Point","coordinates":[49.498875000000055,-15.187784999999963]},"properties":{"OBJECTID":169,"ID":"CM173","Date":"2021-03-23","Fokontany":"Maitsiarongana","Habitat":"Village","Genus":"Rattus","Species":"Rattus rattus","Sex":"M","Number_of_Fleas":0,"X__cheopis_Count":0,"X__brasiliensis_Count":0,"S__fonquerniei_Count":0,"C__felis_Count":0,"E__gallinacea_Count":0,"F1_RDT":"neg","Bacteriology":"neg","qPCR":"neg","Serology":"neg","Source":"Ramasindrazana et al. 2025. PLoS Negl Trop Dis 19(11):e0013710 (journal_pntd_0013710_s001.xlsx)","Longitude":49.498874999999998,"Latitude":-15.187785}},{"type":"Feature","id":170,"geometry":{"type":"Point","coordinates":[49.498759000000064,-15.18783499999995]},"properties":{"OBJECTID":170,"ID":"CM174","Date":"2021-03-24","Fokontany":"Maitsiarongana","Habitat":"Village","Genus":"Rattus","Species":"Rattus rattus","Sex":"M","Number_of_Fleas":0,"X__cheopis_Count":0,"X__brasiliensis_Count":0,"S__fonquerniei_Count":0,"C__felis_Count":0,"E__gallinacea_Count":0,"F1_RDT":"neg","Bacteriology":"neg","qPCR":"neg","Serology":"neg","Source":"Ramasindrazana et al. 2025. PLoS Negl Trop Dis 19(11):e0013710 (journal_pntd_0013710_s001.xlsx)","Longitude":49.498759,"Latitude":-15.187835}},{"type":"Feature","id":171,"geometry":{"type":"Point","coordinates":[49.498360000000048,-15.188189999999963]},"properties":{"OBJECTID":171,"ID":"CM175","Date":"2021-03-24","Fokontany":"Maitsiarongana","Habitat":"Village","Genus":"Rattus","Species":"Rattus rattus","Sex":"M","Number_of_Fleas":0,"X__cheopis_Count":0,"X__brasiliensis_Count":0,"S__fonquerniei_Count":0,"C__felis_Count":0,"E__gallinacea_Count":0,"F1_RDT":"neg","Bacteriology":"neg","qPCR":"neg","Serology":"neg","Source":"Ramasindrazana et al. 2025. PLoS Negl Trop Dis 19(11):e0013710 (journal_pntd_0013710_s001.xlsx)","Longitude":49.498359999999998,"Latitude":-15.188190000000001}},{"type":"Feature","id":172,"geometry":{"type":"Point","coordinates":[49.499874000000034,-15.188113999999928]},"properties":{"OBJECTID":172,"ID":"CM176","Date":"2021-03-24","Fokontany":"Maitsiarongana","Habitat":"Village","Genus":"Rattus","Species":"Rattus rattus","Sex":"F","Number_of_Fleas":0,"X__cheopis_Count":0,"X__brasiliensis_Count":0,"S__fonquerniei_Count":0,"C__felis_Count":0,"E__gallinacea_Count":0,"F1_RDT":"neg","Bacteriology":"neg","qPCR":"neg","Serology":"neg","Source":"Ramasindrazana et al. 2025. PLoS Negl Trop Dis 19(11):e0013710 (journal_pntd_0013710_s001.xlsx)","Longitude":49.499873999999998,"Latitude":-15.188114000000001}},{"type":"Feature","id":173,"geometry":{"type":"Point","coordinates":[49.499403000000029,-15.187953999999934]},"properties":{"OBJECTID":173,"ID":"CM177","Date":"2021-03-24","Fokontany":"Maitsiarongana","Habitat":"Village","Genus":"Rattus","Species":"Rattus rattus","Sex":"M","Number_of_Fleas":0,"X__cheopis_Count":0,"X__brasiliensis_Count":0,"S__fonquerniei_Count":0,"C__felis_Count":0,"E__gallinacea_Count":0,"F1_RDT":"neg","Bacteriology":"neg","qPCR":"neg","Serology":"neg","Source":"Ramasindrazana et al. 2025. PLoS Negl Trop Dis 19(11):e0013710 (journal_pntd_0013710_s001.xlsx)","Longitude":49.499403000000001,"Latitude":-15.187954}},{"type":"Feature","id":174,"geometry":{"type":"Point","coordinates":[49.499223000000029,-15.187851999999964]},"properties":{"OBJECTID":174,"ID":"CM178","Date":"2021-03-24","Fokontany":"Maitsiarongana","Habitat":"Village","Genus":"Rattus","Species":"Rattus rattus","Sex":"F","Number_of_Fleas":0,"X__cheopis_Count":0,"X__brasiliensis_Count":0,"S__fonquerniei_Count":0,"C__felis_Count":0,"E__gallinacea_Count":0,"F1_RDT":"neg","Bacteriology":"neg","qPCR":"neg","Serology":"neg","Source":"Ramasindrazana et al. 2025. PLoS Negl Trop Dis 19(11):e0013710 (journal_pntd_0013710_s001.xlsx)","Longitude":49.499223000000001,"Latitude":-15.187851999999999}},{"type":"Feature","id":175,"geometry":{"type":"Point","coordinates":[49.498686000000077,-15.188066999999933]},"properties":{"OBJECTID":175,"ID":"CM179","Date":"2021-03-24","Fokontany":"Maitsiarongana","Habitat":"Village","Genus":"Suncus","Species":"Suncus murinus","Sex":"M","Number_of_Fleas":0,"X__cheopis_Count":0,"X__brasiliensis_Count":0,"S__fonquerniei_Count":0,"C__felis_Count":0,"E__gallinacea_Count":0,"F1_RDT":"neg","Bacteriology":"neg","qPCR":"neg","Serology":"neg","Source":"Ramasindrazana et al. 2025. PLoS Negl Trop Dis 19(11):e0013710 (journal_pntd_0013710_s001.xlsx)","Longitude":49.498685999999999,"Latitude":-15.188067}},{"type":"Feature","id":176,"geometry":{"type":"Point","coordinates":[49.498294000000044,-15.187914999999975]},"properties":{"OBJECTID":176,"ID":"CM180","Date":"2021-03-25","Fokontany":"Maitsiarongana","Habitat":"Village","Genus":"Suncus","Species":"Suncus murinus","Sex":"F","Number_of_Fleas":0,"X__cheopis_Count":0,"X__brasiliensis_Count":0,"S__fonquerniei_Count":0,"C__felis_Count":0,"E__gallinacea_Count":0,"F1_RDT":"neg","Bacteriology":"neg","qPCR":"neg","Serology":"neg","Source":"Ramasindrazana et al. 2025. PLoS Negl Trop Dis 19(11):e0013710 (journal_pntd_0013710_s001.xlsx)","Longitude":49.498294000000001,"Latitude":-15.187915}},{"type":"Feature","id":177,"geometry":{"type":"Point","coordinates":[49.498174000000063,-15.187971999999945]},"properties":{"OBJECTID":177,"ID":"CM181","Date":"2021-03-26","Fokontany":"Maitsiarongana","Habitat":"Village","Genus":"Rattus","Species":"Rattus rattus","Sex":"M","Number_of_Fleas":0,"X__cheopis_Count":0,"X__brasiliensis_Count":0,"S__fonquerniei_Count":0,"C__felis_Count":0,"E__gallinacea_Count":0,"F1_RDT":"neg","Bacteriology":"neg","qPCR":"neg","Serology":"neg","Source":"Ramasindrazana et al. 2025. PLoS Negl Trop Dis 19(11):e0013710 (journal_pntd_0013710_s001.xlsx)","Longitude":49.498173999999999,"Latitude":-15.187972}},{"type":"Feature","id":178,"geometry":{"type":"Point","coordinates":[49.498360000000048,-15.188189999999963]},"properties":{"OBJECTID":178,"ID":"CM182","Date":"2021-03-26","Fokontany":"Maitsiarongana","Habitat":"Village","Genus":"Rattus","Species":"Rattus rattus","Sex":"M","Number_of_Fleas":0,"X__cheopis_Count":0,"X__brasiliensis_Count":0,"S__fonquerniei_Count":0,"C__felis_Count":0,"E__gallinacea_Count":0,"F1_RDT":"neg","Bacteriology":"neg","qPCR":"neg","Serology":"neg","Source":"Ramasindrazana et al. 2025. PLoS Negl Trop Dis 19(11):e0013710 (journal_pntd_0013710_s001.xlsx)","Longitude":49.498359999999998,"Latitude":-15.188190000000001}},{"type":"Feature","id":179,"geometry":{"type":"Point","coordinates":[49.499576000000047,-15.187898999999959]},"properties":{"OBJECTID":179,"ID":"CM183","Date":"2021-03-26","Fokontany":"Maitsiarongana","Habitat":"Village","Genus":"Rattus","Species":"Rattus rattus","Sex":"M","Number_of_Fleas":0,"X__cheopis_Count":0,"X__brasiliensis_Count":0,"S__fonquerniei_Count":0,"C__felis_Count":0,"E__gallinacea_Count":0,"F1_RDT":"neg","Bacteriology":"neg","qPCR":"neg","Serology":"neg","Source":"Ramasindrazana et al. 2025. PLoS Negl Trop Dis 19(11):e0013710 (journal_pntd_0013710_s001.xlsx)","Longitude":49.499575999999998,"Latitude":-15.187899}},{"type":"Feature","id":180,"geometry":{"type":"Point","coordinates":[49.499576000000047,-15.187898999999959]},"properties":{"OBJECTID":180,"ID":"CM184","Date":"2021-03-29","Fokontany":"Maitsiarongana","Habitat":"buffer zone","Genus":"Rattus","Species":"Rattus rattus","Sex":"F","Number_of_Fleas":0,"X__cheopis_Count":0,"X__brasiliensis_Count":0,"S__fonquerniei_Count":0,"C__felis_Count":0,"E__gallinacea_Count":0,"F1_RDT":"neg","Bacteriology":"neg","qPCR":"neg","Serology":"neg","Source":"Ramasindrazana et al. 2025. PLoS Negl Trop Dis 19(11):e0013710 (journal_pntd_0013710_s001.xlsx)","Longitude":49.499575999999998,"Latitude":-15.187899}},{"type":"Feature","id":181,"geometry":{"type":"Point","coordinates":[49.498174000000063,-15.187971999999945]},"properties":{"OBJECTID":181,"ID":"CM185","Date":"2021-03-29","Fokontany":"Maitsiarongana","Habitat":"buffer zone","Genus":"Rattus","Species":"Rattus rattus","Sex":"M","Number_of_Fleas":0,"X__cheopis_Count":0,"X__brasiliensis_Count":0,"S__fonquerniei_Count":0,"C__felis_Count":0,"E__gallinacea_Count":0,"F1_RDT":"neg","Bacteriology":"neg","qPCR":"neg","Serology":"neg","Source":"Ramasindrazana et al. 2025. PLoS Negl Trop Dis 19(11):e0013710 (journal_pntd_0013710_s001.xlsx)","Longitude":49.498173999999999,"Latitude":-15.187972}},{"type":"Feature","id":182,"geometry":{"type":"Point","coordinates":[49.508079000000066,-15.181735999999944]},"properties":{"OBJECTID":182,"ID":"CM186","Date":"2021-03-30","Fokontany":"Maitsiarongana","Habitat":"buffer zone","Genus":"Rattus","Species":"Rattus rattus","Sex":"M","Number_of_Fleas":0,"X__cheopis_Count":0,"X__brasiliensis_Count":0,"S__fonquerniei_Count":0,"C__felis_Count":0,"E__gallinacea_Count":0,"F1_RDT":"neg","Bacteriology":"neg","qPCR":"neg","Serology":"neg","Source":"Ramasindrazana et al. 2025. PLoS Negl Trop Dis 19(11):e0013710 (journal_pntd_0013710_s001.xlsx)","Longitude":49.508079000000002,"Latitude":-15.181736000000001}},{"type":"Feature","id":183,"geometry":{"type":"Point","coordinates":[49.506862000000069,-15.181339999999977]},"properties":{"OBJECTID":183,"ID":"CM187","Date":"2021-03-30","Fokontany":"Maitsiarongana","Habitat":"buffer zone","Genus":"Rattus","Species":"Rattus rattus","Sex":"F","Number_of_Fleas":0,"X__cheopis_Count":0,"X__brasiliensis_Count":0,"S__fonquerniei_Count":0,"C__felis_Count":0,"E__gallinacea_Count":0,"F1_RDT":"neg","Bacteriology":"neg","qPCR":"neg","Serology":"neg","Source":"Ramasindrazana et al. 2025. PLoS Negl Trop Dis 19(11):e0013710 (journal_pntd_0013710_s001.xlsx)","Longitude":49.506861999999998,"Latitude":-15.181340000000001}},{"type":"Feature","id":184,"geometry":{"type":"Point","coordinates":[49.507523000000049,-15.181761999999935]},"properties":{"OBJECTID":184,"ID":"CM188","Date":"2021-03-31","Fokontany":"Maitsiarongana","Habitat":"buffer zone","Genus":"Microgale","Species":"Nesogale talazaci","Sex":"M","Number_of_Fleas":0,"X__cheopis_Count":0,"X__brasiliensis_Count":0,"S__fonquerniei_Count":0,"C__felis_Count":0,"E__gallinacea_Count":0,"F1_RDT":"neg","Bacteriology":"neg","qPCR":"neg","Serology":"neg","Source":"Ramasindrazana et al. 2025. PLoS Negl Trop Dis 19(11):e0013710 (journal_pntd_0013710_s001.xlsx)","Longitude":49.507522999999999,"Latitude":-15.181762000000001}},{"type":"Feature","id":185,"geometry":{"type":"Point","coordinates":[49.507314000000065,-15.181880999999976]},"properties":{"OBJECTID":185,"ID":"CM189","Date":"2021-03-31","Fokontany":"Maitsiarongana","Habitat":"buffer zone","Genus":"Suncus","Species":"Suncus murinus","Sex":"M","Number_of_Fleas":0,"X__cheopis_Count":0,"X__brasiliensis_Count":0,"S__fonquerniei_Count":0,"C__felis_Count":0,"E__gallinacea_Count":0,"F1_RDT":"neg","Bacteriology":"neg","qPCR":"neg","Serology":"neg","Source":"Ramasindrazana et al. 2025. PLoS Negl Trop Dis 19(11):e0013710 (journal_pntd_0013710_s001.xlsx)","Longitude":49.507314000000001,"Latitude":-15.181881000000001}},{"type":"Feature","id":186,"geometry":{"type":"Point","coordinates":[49.50773300000003,-15.181629999999927]},"properties":{"OBJECTID":186,"ID":"CM190","Date":"2021-03-31","Fokontany":"Maitsiarongana","Habitat":"buffer zone","Genus":"Rattus","Species":"Rattus rattus","Sex":"F","Number_of_Fleas":1,"X__cheopis_Count":0,"X__brasiliensis_Count":0,"S__fonquerniei_Count":1,"C__felis_Count":0,"E__gallinacea_Count":0,"F1_RDT":"neg","Bacteriology":"neg","qPCR":"neg","Serology":"neg","Source":"Ramasindrazana et al. 2025. PLoS Negl Trop Dis 19(11):e0013710 (journal_pntd_0013710_s001.xlsx)","Longitude":49.507733000000002,"Latitude":-15.18163}},{"type":"Feature","id":187,"geometry":{"type":"Point","coordinates":[49.507542000000058,-15.181777999999952]},"properties":{"OBJECTID":187,"ID":"CM191","Date":"2021-04-01","Fokontany":"Maitsiarongana","Habitat":"buffer zone","Genus":"Rattus","Species":"Rattus rattus","Sex":"F","Number_of_Fleas":0,"X__cheopis_Count":0,"X__brasiliensis_Count":0,"S__fonquerniei_Count":0,"C__felis_Count":0,"E__gallinacea_Count":0,"F1_RDT":"neg","Bacteriology":"neg","qPCR":"neg","Serology":"neg","Source":"Ramasindrazana et al. 2025. PLoS Negl Trop Dis 19(11):e0013710 (journal_pntd_0013710_s001.xlsx)","Longitude":49.507542000000001,"Latitude":-15.181778}},{"type":"Feature","id":188,"geometry":{"type":"Point","coordinates":[49.50698600000004,-15.181840999999963]},"properties":{"OBJECTID":188,"ID":"ADZ1","Date":"2022-07-25","Fokontany":"Andranokazo II","Habitat":"House","Genus":"Rattus","Species":"Rattus rattus","Sex":"M","Number_of_Fleas":5,"X__cheopis_Count":1,"X__brasiliensis_Count":0,"S__fonquerniei_Count":0,"C__felis_Count":0,"E__gallinacea_Count":4,"F1_RDT":"neg","Bacteriology":"neg","qPCR":"neg","Serology":"neg","Source":"Ramasindrazana et al. 2025. PLoS Negl Trop Dis 19(11):e0013710 (journal_pntd_0013710_s001.xlsx)","Longitude":49.506985999999998,"Latitude":-15.181841}},{"type":"Feature","id":189,"geometry":{"type":"Point","coordinates":[49.507050000000049,-15.181825999999944]},"properties":{"OBJECTID":189,"ID":"ADZ2","Date":"2022-07-25","Fokontany":"Andranokazo II","Habitat":"House","Genus":"Mus","Species":"Mus musculus","Sex":"F","Number_of_Fleas":0,"X__cheopis_Count":0,"X__brasiliensis_Count":0,"S__fonquerniei_Count":0,"C__felis_Count":0,"E__gallinacea_Count":0,"F1_RDT":"neg","Bacteriology":"neg","qPCR":"neg","Serology":"neg","Source":"Ramasindrazana et al. 2025. PLoS Negl Trop Dis 19(11):e0013710 (journal_pntd_0013710_s001.xlsx)","Longitude":49.50705,"Latitude":-15.181825999999999}},{"type":"Feature","id":190,"geometry":{"type":"Point","coordinates":[48.985398000000032,-15.517455999999981]},"properties":{"OBJECTID":190,"ID":"ADZ3","Date":"2022-07-25","Fokontany":"Andranokazo II","Habitat":"House","Genus":"Mus","Species":"Mus musculus","Sex":"F","Number_of_Fleas":0,"X__cheopis_Count":0,"X__brasiliensis_Count":0,"S__fonquerniei_Count":0,"C__felis_Count":0,"E__gallinacea_Count":0,"F1_RDT":"neg","Bacteriology":"neg","qPCR":"neg","Serology":"neg","Source":"Ramasindrazana et al. 2025. PLoS Negl Trop Dis 19(11):e0013710 (journal_pntd_0013710_s001.xlsx)","Longitude":48.985398000000004,"Latitude":-15.517455999999999}},{"type":"Feature","id":191,"geometry":{"type":"Point","coordinates":[48.984987000000046,-15.517416999999966]},"properties":{"OBJECTID":191,"ID":"ADZ4","Date":"2022-07-25","Fokontany":"Andranokazo II","Habitat":"House","Genus":"Rattus","Species":"Rattus rattus","Sex":"F","Number_of_Fleas":27,"X__cheopis_Count":18,"X__brasiliensis_Count":2,"S__fonquerniei_Count":0,"C__felis_Count":0,"E__gallinacea_Count":1,"F1_RDT":"neg","Bacteriology":"neg","qPCR":"neg","Serology":"neg","Source":"Ramasindrazana et al. 2025. PLoS Negl Trop Dis 19(11):e0013710 (journal_pntd_0013710_s001.xlsx)","Longitude":48.984986999999997,"Latitude":-15.517417}},{"type":"Feature","id":192,"geometry":{"type":"Point","coordinates":[48.984747000000027,-15.517548999999974]},"properties":{"OBJECTID":192,"ID":"ADZ5","Date":"2022-07-25","Fokontany":"Andranokazo II","Habitat":"House","Genus":"Rattus","Species":"Rattus rattus","Sex":"M","Number_of_Fleas":21,"X__cheopis_Count":18,"X__brasiliensis_Count":3,"S__fonquerniei_Count":0,"C__felis_Count":0,"E__gallinacea_Count":0,"F1_RDT":"neg","Bacteriology":"neg","qPCR":"neg","Serology":"neg","Source":"Ramasindrazana et al. 2025. PLoS Negl Trop Dis 19(11):e0013710 (journal_pntd_0013710_s001.xlsx)","Longitude":48.984746999999999,"Latitude":-15.517549000000001}},{"type":"Feature","id":193,"geometry":{"type":"Point","coordinates":[48.98474200000004,-15.517780999999957]},"properties":{"OBJECTID":193,"ID":"ADZ6","Date":"2022-07-25","Fokontany":"Andranokazo II","Habitat":"House","Genus":"Rattus","Species":"Rattus rattus","Sex":"M","Number_of_Fleas":15,"X__cheopis_Count":10,"X__brasiliensis_Count":3,"S__fonquerniei_Count":0,"C__felis_Count":0,"E__gallinacea_Count":1,"F1_RDT":"neg","Bacteriology":"neg","qPCR":"neg","Serology":"neg","Source":"Ramasindrazana et al. 2025. PLoS Negl Trop Dis 19(11):e0013710 (journal_pntd_0013710_s001.xlsx)","Longitude":48.984741999999997,"Latitude":-15.517780999999999}},{"type":"Feature","id":194,"geometry":{"type":"Point","coordinates":[48.984711000000061,-15.517802999999958]},"properties":{"OBJECTID":194,"ID":"ADZ7","Date":"2022-07-25","Fokontany":"Andranokazo II","Habitat":"House","Genus":"Rattus","Species":"Rattus rattus","Sex":"F","Number_of_Fleas":12,"X__cheopis_Count":6,"X__brasiliensis_Count":0,"S__fonquerniei_Count":0,"C__felis_Count":0,"E__gallinacea_Count":5,"F1_RDT":"neg","Bacteriology":"neg","qPCR":"neg","Serology":"neg","Source":"Ramasindrazana et al. 2025. PLoS Negl Trop Dis 19(11):e0013710 (journal_pntd_0013710_s001.xlsx)","Longitude":48.984710999999997,"Latitude":-15.517803000000001}},{"type":"Feature","id":195,"geometry":{"type":"Point","coordinates":[48.984555000000057,-15.51800899999995]},"properties":{"OBJECTID":195,"ID":"ADZ8","Date":"2022-07-25","Fokontany":"Andranokazo II","Habitat":"House","Genus":"Mus","Species":"Mus musculus","Sex":"F","Number_of_Fleas":0,"X__cheopis_Count":0,"X__brasiliensis_Count":0,"S__fonquerniei_Count":0,"C__felis_Count":0,"E__gallinacea_Count":0,"F1_RDT":"neg","Bacteriology":"neg","qPCR":"neg","Serology":"neg","Source":"Ramasindrazana et al. 2025. PLoS Negl Trop Dis 19(11):e0013710 (journal_pntd_0013710_s001.xlsx)","Longitude":48.984555,"Latitude":-15.518008999999999}},{"type":"Feature","id":196,"geometry":{"type":"Point","coordinates":[48.984530000000063,-15.518047999999965]},"properties":{"OBJECTID":196,"ID":"ADZ9","Date":"2022-07-25","Fokontany":"Andranokazo II","Habitat":"House","Genus":"Mus","Species":"Mus musculus","Sex":"M","Number_of_Fleas":0,"X__cheopis_Count":0,"X__brasiliensis_Count":0,"S__fonquerniei_Count":0,"C__felis_Count":0,"E__gallinacea_Count":0,"F1_RDT":"neg","Bacteriology":"neg","qPCR":"neg","Serology":"neg","Source":"Ramasindrazana et al. 2025. PLoS Negl Trop Dis 19(11):e0013710 (journal_pntd_0013710_s001.xlsx)","Longitude":48.984529999999999,"Latitude":-15.518048}},{"type":"Feature","id":197,"geometry":{"type":"Point","coordinates":[48.984367000000077,-15.517783999999949]},"properties":{"OBJECTID":197,"ID":"ADZ10","Date":"2022-07-25","Fokontany":"Andranokazo II","Habitat":"House","Genus":"Mus","Species":"Mus musculus","Sex":"F","Number_of_Fleas":0,"X__cheopis_Count":0,"X__brasiliensis_Count":0,"S__fonquerniei_Count":0,"C__felis_Count":0,"E__gallinacea_Count":0,"F1_RDT":"neg","Bacteriology":"neg","qPCR":"neg","Serology":"neg","Source":"Ramasindrazana et al. 2025. PLoS Negl Trop Dis 19(11):e0013710 (journal_pntd_0013710_s001.xlsx)","Longitude":48.984366999999999,"Latitude":-15.517784000000001}},{"type":"Feature","id":198,"geometry":{"type":"Point","coordinates":[48.984247000000039,-15.517637999999977]},"properties":{"OBJECTID":198,"ID":"ADZ11","Date":"2022-07-25","Fokontany":"Andranokazo II","Habitat":"House","Genus":"Mus","Species":"Mus musculus","Sex":"F","Number_of_Fleas":0,"X__cheopis_Count":0,"X__brasiliensis_Count":0,"S__fonquerniei_Count":0,"C__felis_Count":0,"E__gallinacea_Count":0,"F1_RDT":"neg","Bacteriology":"neg","qPCR":"neg","Serology":"neg","Source":"Ramasindrazana et al. 2025. PLoS Negl Trop Dis 19(11):e0013710 (journal_pntd_0013710_s001.xlsx)","Longitude":48.984247000000003,"Latitude":-15.517638}},{"type":"Feature","id":199,"geometry":{"type":"Point","coordinates":[48.984166000000073,-15.51780599999995]},"properties":{"OBJECTID":199,"ID":"ADZ12","Date":"2022-07-25","Fokontany":"Andranokazo II","Habitat":"House","Genus":"Rattus","Species":"Rattus rattus","Sex":"M","Number_of_Fleas":3,"X__cheopis_Count":0,"X__brasiliensis_Count":2,"S__fonquerniei_Count":0,"C__felis_Count":1,"E__gallinacea_Count":1,"F1_RDT":"neg","Bacteriology":"neg","qPCR":"neg","Serology":"neg","Source":"Ramasindrazana et al. 2025. PLoS Negl Trop Dis 19(11):e0013710 (journal_pntd_0013710_s001.xlsx)","Longitude":48.984166000000002,"Latitude":-15.517806}},{"type":"Feature","id":200,"geometry":{"type":"Point","coordinates":[48.984254000000078,-15.517991999999936]},"properties":{"OBJECTID":200,"ID":"ADZ13","Date":"2022-07-25","Fokontany":"Andranokazo II","Habitat":"House","Genus":"Rattus","Species":"Rattus rattus","Sex":"F","Number_of_Fleas":11,"X__cheopis_Count":8,"X__brasiliensis_Count":1,"S__fonquerniei_Count":0,"C__felis_Count":0,"E__gallinacea_Count":1,"F1_RDT":"neg","Bacteriology":"neg","qPCR":"neg","Serology":"neg","Source":"Ramasindrazana et al. 2025. PLoS Negl Trop Dis 19(11):e0013710 (journal_pntd_0013710_s001.xlsx)","Longitude":48.984254,"Latitude":-15.517992}},{"type":"Feature","id":201,"geometry":{"type":"Point","coordinates":[48.984300000000076,-15.518112999999971]},"properties":{"OBJECTID":201,"ID":"ADZ14","Date":"2022-07-25","Fokontany":"Andranokazo II","Habitat":"House","Genus":"Rattus","Species":"Rattus rattus","Sex":"F","Number_of_Fleas":19,"X__cheopis_Count":1,"X__brasiliensis_Count":16,"S__fonquerniei_Count":0,"C__felis_Count":0,"E__gallinacea_Count":2,"F1_RDT":"neg","Bacteriology":"neg","qPCR":"neg","Serology":"neg","Source":"Ramasindrazana et al. 2025. PLoS Negl Trop Dis 19(11):e0013710 (journal_pntd_0013710_s001.xlsx)","Longitude":48.984299999999998,"Latitude":-15.518113}},{"type":"Feature","id":202,"geometry":{"type":"Point","coordinates":[48.984051000000079,-15.518115999999964]},"properties":{"OBJECTID":202,"ID":"ADZ15","Date":"2022-07-25","Fokontany":"Andranokazo II","Habitat":"House","Genus":"Rattus","Species":"Rattus rattus","Sex":"F","Number_of_Fleas":3,"X__cheopis_Count":1,"X__brasiliensis_Count":1,"S__fonquerniei_Count":0,"C__felis_Count":0,"E__gallinacea_Count":1,"F1_RDT":"neg","Bacteriology":"neg","qPCR":"neg","Serology":"neg","Source":"Ramasindrazana et al. 2025. PLoS Negl Trop Dis 19(11):e0013710 (journal_pntd_0013710_s001.xlsx)","Longitude":48.984051000000001,"Latitude":-15.518115999999999}},{"type":"Feature","id":203,"geometry":{"type":"Point","coordinates":[48.984004000000027,-15.518027999999958]},"properties":{"OBJECTID":203,"ID":"ADZ16","Date":"2022-07-25","Fokontany":"Andranokazo II","Habitat":"House","Genus":"Rattus","Species":"Rattus rattus","Sex":"F","Number_of_Fleas":8,"X__cheopis_Count":3,"X__brasiliensis_Count":4,"S__fonquerniei_Count":0,"C__felis_Count":0,"E__gallinacea_Count":0,"F1_RDT":"neg","Bacteriology":"neg","qPCR":"neg","Serology":"neg","Source":"Ramasindrazana et al. 2025. PLoS Negl Trop Dis 19(11):e0013710 (journal_pntd_0013710_s001.xlsx)","Longitude":48.984003999999999,"Latitude":-15.518027999999999}},{"type":"Feature","id":204,"geometry":{"type":"Point","coordinates":[48.983923000000061,-15.518006999999955]},"properties":{"OBJECTID":204,"ID":"ADZ17","Date":"2022-07-25","Fokontany":"Andranokazo II","Habitat":"House","Genus":"Rattus","Species":"Rattus rattus","Sex":"M","Number_of_Fleas":7,"X__cheopis_Count":7,"X__brasiliensis_Count":1,"S__fonquerniei_Count":0,"C__felis_Count":0,"E__gallinacea_Count":0,"F1_RDT":"neg","Bacteriology":"neg","qPCR":"neg","Serology":"neg","Source":"Ramasindrazana et al. 2025. PLoS Negl Trop Dis 19(11):e0013710 (journal_pntd_0013710_s001.xlsx)","Longitude":48.983922999999997,"Latitude":-15.518007000000001}},{"type":"Feature","id":205,"geometry":{"type":"Point","coordinates":[48.983923000000061,-15.518006999999955]},"properties":{"OBJECTID":205,"ID":"ADZ18","Date":"2022-07-25","Fokontany":"Andranokazo II","Habitat":"House","Genus":"Rattus","Species":"Rattus rattus","Sex":"F","Number_of_Fleas":16,"X__cheopis_Count":6,"X__brasiliensis_Count":7,"S__fonquerniei_Count":0,"C__felis_Count":0,"E__gallinacea_Count":0,"F1_RDT":"neg","Bacteriology":"neg","qPCR":"neg","Serology":"neg","Source":"Ramasindrazana et al. 2025. PLoS Negl Trop Dis 19(11):e0013710 (journal_pntd_0013710_s001.xlsx)","Longitude":48.983922999999997,"Latitude":-15.518007000000001}},{"type":"Feature","id":206,"geometry":{"type":"Point","coordinates":[48.983923000000061,-15.518006999999955]},"properties":{"OBJECTID":206,"ID":"ADZ19","Date":"2022-07-25","Fokontany":"Andranokazo II","Habitat":"House","Genus":"Rattus","Species":"Rattus rattus","Sex":"F","Number_of_Fleas":6,"X__cheopis_Count":7,"X__brasiliensis_Count":1,"S__fonquerniei_Count":0,"C__felis_Count":0,"E__gallinacea_Count":0,"F1_RDT":"neg","Bacteriology":"neg","qPCR":"neg","Serology":"neg","Source":"Ramasindrazana et al. 2025. PLoS Negl Trop Dis 19(11):e0013710 (journal_pntd_0013710_s001.xlsx)","Longitude":48.983922999999997,"Latitude":-15.518007000000001}},{"type":"Feature","id":207,"geometry":{"type":"Point","coordinates":[48.983923000000061,-15.518006999999955]},"properties":{"OBJECTID":207,"ID":"ADZ20","Date":"2022-07-25","Fokontany":"Andranokazo II","Habitat":"House","Genus":"Rattus","Species":"Rattus rattus","Sex":"F","Number_of_Fleas":20,"X__cheopis_Count":20,"X__brasiliensis_Count":1,"S__fonquerniei_Count":0,"C__felis_Count":0,"E__gallinacea_Count":0,"F1_RDT":"neg","Bacteriology":"neg","qPCR":"neg","Serology":"neg","Source":"Ramasindrazana et al. 2025. PLoS Negl Trop Dis 19(11):e0013710 (journal_pntd_0013710_s001.xlsx)","Longitude":48.983922999999997,"Latitude":-15.518007000000001}},{"type":"Feature","id":208,"geometry":{"type":"Point","coordinates":[48.983594000000039,-15.518533999999931]},"properties":{"OBJECTID":208,"ID":"ADZ21","Date":"2022-07-25","Fokontany":"Andranokazo II","Habitat":"House","Genus":"Rattus","Species":"Rattus rattus","Sex":"F","Number_of_Fleas":23,"X__cheopis_Count":15,"X__brasiliensis_Count":10,"S__fonquerniei_Count":0,"C__felis_Count":0,"E__gallinacea_Count":0,"F1_RDT":"neg","Bacteriology":"neg","qPCR":"neg","Serology":"neg","Source":"Ramasindrazana et al. 2025. PLoS Negl Trop Dis 19(11):e0013710 (journal_pntd_0013710_s001.xlsx)","Longitude":48.983593999999997,"Latitude":-15.518534000000001}},{"type":"Feature","id":209,"geometry":{"type":"Point","coordinates":[48.983565000000056,-15.518629999999973]},"properties":{"OBJECTID":209,"ID":"ADZ22","Date":"2022-07-25","Fokontany":"Andranokazo II","Habitat":"House","Genus":"Rattus","Species":"Rattus rattus","Sex":"F","Number_of_Fleas":13,"X__cheopis_Count":8,"X__brasiliensis_Count":2,"S__fonquerniei_Count":0,"C__felis_Count":0,"E__gallinacea_Count":0,"F1_RDT":"neg","Bacteriology":"neg","qPCR":"neg","Serology":"neg","Source":"Ramasindrazana et al. 2025. PLoS Negl Trop Dis 19(11):e0013710 (journal_pntd_0013710_s001.xlsx)","Longitude":48.983564999999999,"Latitude":-15.51863}},{"type":"Feature","id":210,"geometry":{"type":"Point","coordinates":[48.983836000000053,-15.518811999999969]},"properties":{"OBJECTID":210,"ID":"ADZ23","Date":"2022-07-25","Fokontany":"Andranokazo II","Habitat":"House","Genus":"Rattus","Species":"Rattus rattus","Sex":"M","Number_of_Fleas":7,"X__cheopis_Count":8,"X__brasiliensis_Count":0,"S__fonquerniei_Count":0,"C__felis_Count":0,"E__gallinacea_Count":0,"F1_RDT":"neg","Bacteriology":"neg","qPCR":"neg","Serology":"neg","Source":"Ramasindrazana et al. 2025. PLoS Negl Trop Dis 19(11):e0013710 (journal_pntd_0013710_s001.xlsx)","Longitude":48.983835999999997,"Latitude":-15.518812}},{"type":"Feature","id":211,"geometry":{"type":"Point","coordinates":[48.984047000000032,-15.518573999999944]},"properties":{"OBJECTID":211,"ID":"ADZ24","Date":"2022-07-25","Fokontany":"Andranokazo II","Habitat":"House","Genus":"Rattus","Species":"Rattus rattus","Sex":"M","Number_of_Fleas":5,"X__cheopis_Count":1,"X__brasiliensis_Count":3,"S__fonquerniei_Count":0,"C__felis_Count":0,"E__gallinacea_Count":1,"F1_RDT":"neg","Bacteriology":"neg","qPCR":"neg","Serology":"neg","Source":"Ramasindrazana et al. 2025. PLoS Negl Trop Dis 19(11):e0013710 (journal_pntd_0013710_s001.xlsx)","Longitude":48.984046999999997,"Latitude":-15.518573999999999}},{"type":"Feature","id":212,"geometry":{"type":"Point","coordinates":[48.983831000000066,-15.518732999999941]},"properties":{"OBJECTID":212,"ID":"ADZ25","Date":"2022-07-25","Fokontany":"Andranokazo II","Habitat":"House","Genus":"Rattus","Species":"Rattus rattus","Sex":"F","Number_of_Fleas":0,"X__cheopis_Count":0,"X__brasiliensis_Count":0,"S__fonquerniei_Count":0,"C__felis_Count":0,"E__gallinacea_Count":0,"F1_RDT":"neg","Bacteriology":"neg","qPCR":"neg","Serology":"neg","Source":"Ramasindrazana et al. 2025. PLoS Negl Trop Dis 19(11):e0013710 (journal_pntd_0013710_s001.xlsx)","Longitude":48.983831000000002,"Latitude":-15.518732999999999}},{"type":"Feature","id":213,"geometry":{"type":"Point","coordinates":[48.985101000000043,-15.517606999999941]},"properties":{"OBJECTID":213,"ID":"ADZ26","Date":"2022-07-25","Fokontany":"Andranokazo II","Habitat":"House","Genus":"Rattus","Species":"Rattus rattus","Sex":"F","Number_of_Fleas":0,"X__cheopis_Count":0,"X__brasiliensis_Count":0,"S__fonquerniei_Count":0,"C__felis_Count":0,"E__gallinacea_Count":0,"F1_RDT":"neg","Bacteriology":"neg","qPCR":"neg","Serology":"neg","Source":"Ramasindrazana et al. 2025. PLoS Negl Trop Dis 19(11):e0013710 (journal_pntd_0013710_s001.xlsx)","Longitude":48.985101,"Latitude":-15.517607}},{"type":"Feature","id":214,"geometry":{"type":"Point","coordinates":[48.985101000000043,-15.517606999999941]},"properties":{"OBJECTID":214,"ID":"ADZ27","Date":"2022-07-25","Fokontany":"Andranokazo II","Habitat":"House","Genus":"Rattus","Species":"Rattus rattus","Sex":"M","Number_of_Fleas":11,"X__cheopis_Count":0,"X__brasiliensis_Count":1,"S__fonquerniei_Count":2,"C__felis_Count":0,"E__gallinacea_Count":7,"F1_RDT":"neg","Bacteriology":"neg","qPCR":"neg","Serology":"neg","Source":"Ramasindrazana et al. 2025. PLoS Negl Trop Dis 19(11):e0013710 (journal_pntd_0013710_s001.xlsx)","Longitude":48.985101,"Latitude":-15.517607}},{"type":"Feature","id":215,"geometry":{"type":"Point","coordinates":[48.985101000000043,-15.517606999999941]},"properties":{"OBJECTID":215,"ID":"ADZ28","Date":"2022-07-26","Fokontany":"Andranokazo II","Habitat":"House","Genus":"Rattus","Species":"Rattus rattus","Sex":"F","Number_of_Fleas":16,"X__cheopis_Count":11,"X__brasiliensis_Count":5,"S__fonquerniei_Count":0,"C__felis_Count":0,"E__gallinacea_Count":0,"F1_RDT":"neg","Bacteriology":"neg","qPCR":"neg","Serology":"neg","Source":"Ramasindrazana et al. 2025. PLoS Negl Trop Dis 19(11):e0013710 (journal_pntd_0013710_s001.xlsx)","Longitude":48.985101,"Latitude":-15.517607}},{"type":"Feature","id":216,"geometry":{"type":"Point","coordinates":[48.985101000000043,-15.517606999999941]},"properties":{"OBJECTID":216,"ID":"ADZ29","Date":"2022-07-26","Fokontany":"Andranokazo II","Habitat":"House","Genus":"Suncus","Species":"Suncus murinus","Sex":"M","Number_of_Fleas":0,"X__cheopis_Count":0,"X__brasiliensis_Count":0,"S__fonquerniei_Count":0,"C__felis_Count":0,"E__gallinacea_Count":0,"F1_RDT":"neg","Bacteriology":"neg","qPCR":"neg","Serology":"neg","Source":"Ramasindrazana et al. 2025. PLoS Negl Trop Dis 19(11):e0013710 (journal_pntd_0013710_s001.xlsx)","Longitude":48.985101,"Latitude":-15.517607}},{"type":"Feature","id":217,"geometry":{"type":"Point","coordinates":[48.985101000000043,-15.517606999999941]},"properties":{"OBJECTID":217,"ID":"ADZ30","Date":"2022-07-26","Fokontany":"Andranokazo II","Habitat":"House","Genus":"Mus","Species":"Mus musculus","Sex":"F","Number_of_Fleas":0,"X__cheopis_Count":0,"X__brasiliensis_Count":0,"S__fonquerniei_Count":0,"C__felis_Count":0,"E__gallinacea_Count":0,"F1_RDT":"neg","Bacteriology":"neg","qPCR":"neg","Serology":"neg","Source":"Ramasindrazana et al. 2025. PLoS Negl Trop Dis 19(11):e0013710 (journal_pntd_0013710_s001.xlsx)","Longitude":48.985101,"Latitude":-15.517607}},{"type":"Feature","id":218,"geometry":{"type":"Point","coordinates":[48.985157000000072,-15.516881999999953]},"properties":{"OBJECTID":218,"ID":"ADZ31","Date":"2022-07-26","Fokontany":"Andranokazo II","Habitat":"House","Genus":"Rattus","Species":"Rattus rattus","Sex":"F","Number_of_Fleas":3,"X__cheopis_Count":3,"X__brasiliensis_Count":0,"S__fonquerniei_Count":0,"C__felis_Count":0,"E__gallinacea_Count":0,"F1_RDT":"neg","Bacteriology":"neg","qPCR":"neg","Serology":"neg","Source":"Ramasindrazana et al. 2025. PLoS Negl Trop Dis 19(11):e0013710 (journal_pntd_0013710_s001.xlsx)","Longitude":48.985157000000001,"Latitude":-15.516882000000001}},{"type":"Feature","id":219,"geometry":{"type":"Point","coordinates":[48.985461000000043,-15.517040999999949]},"properties":{"OBJECTID":219,"ID":"ADZ32","Date":"2022-07-26","Fokontany":"Andranokazo II","Habitat":"House","Genus":"Rattus","Species":"Rattus rattus","Sex":"M","Number_of_Fleas":7,"X__cheopis_Count":1,"X__brasiliensis_Count":6,"S__fonquerniei_Count":0,"C__felis_Count":0,"E__gallinacea_Count":0,"F1_RDT":"neg","Bacteriology":"neg","qPCR":"neg","Serology":"neg","Source":"Ramasindrazana et al. 2025. PLoS Negl Trop Dis 19(11):e0013710 (journal_pntd_0013710_s001.xlsx)","Longitude":48.985461000000001,"Latitude":-15.517041000000001}},{"type":"Feature","id":220,"geometry":{"type":"Point","coordinates":[48.985398000000032,-15.517455999999981]},"properties":{"OBJECTID":220,"ID":"ADZ33","Date":"2022-07-26","Fokontany":"Andranokazo II","Habitat":"House","Genus":"Mus","Species":"Mus musculus","Sex":"M","Number_of_Fleas":1,"X__cheopis_Count":0,"X__brasiliensis_Count":1,"S__fonquerniei_Count":0,"C__felis_Count":0,"E__gallinacea_Count":0,"F1_RDT":"neg","Bacteriology":"neg","qPCR":"neg","Serology":"neg","Source":"Ramasindrazana et al. 2025. PLoS Negl Trop Dis 19(11):e0013710 (journal_pntd_0013710_s001.xlsx)","Longitude":48.985398000000004,"Latitude":-15.517455999999999}},{"type":"Feature","id":221,"geometry":{"type":"Point","coordinates":[48.984979000000067,-15.517425999999944]},"properties":{"OBJECTID":221,"ID":"ADZ34","Date":"2022-07-26","Fokontany":"Andranokazo II","Habitat":"House","Genus":"Rattus","Species":"Rattus rattus","Sex":"F","Number_of_Fleas":14,"X__cheopis_Count":9,"X__brasiliensis_Count":3,"S__fonquerniei_Count":0,"C__felis_Count":0,"E__gallinacea_Count":1,"F1_RDT":"neg","Bacteriology":"neg","qPCR":"neg","Serology":"neg","Source":"Ramasindrazana et al. 2025. PLoS Negl Trop Dis 19(11):e0013710 (journal_pntd_0013710_s001.xlsx)","Longitude":48.984979000000003,"Latitude":-15.517426}},{"type":"Feature","id":222,"geometry":{"type":"Point","coordinates":[48.984776000000068,-15.517484999999965]},"properties":{"OBJECTID":222,"ID":"ADZ35","Date":"2022-07-26","Fokontany":"Andranokazo II","Habitat":"House","Genus":"Rattus","Species":"Rattus rattus","Sex":"F","Number_of_Fleas":10,"X__cheopis_Count":5,"X__brasiliensis_Count":5,"S__fonquerniei_Count":0,"C__felis_Count":0,"E__gallinacea_Count":0,"F1_RDT":"neg","Bacteriology":"neg","qPCR":"neg","Serology":"neg","Source":"Ramasindrazana et al. 2025. PLoS Negl Trop Dis 19(11):e0013710 (journal_pntd_0013710_s001.xlsx)","Longitude":48.984775999999997,"Latitude":-15.517485000000001}},{"type":"Feature","id":223,"geometry":{"type":"Point","coordinates":[48.984747000000027,-15.517548999999974]},"properties":{"OBJECTID":223,"ID":"ADZ36","Date":"2022-07-26","Fokontany":"Andranokazo II","Habitat":"House","Genus":"Rattus","Species":"Rattus rattus","Sex":"M","Number_of_Fleas":6,"X__cheopis_Count":3,"X__brasiliensis_Count":3,"S__fonquerniei_Count":0,"C__felis_Count":0,"E__gallinacea_Count":0,"F1_RDT":"neg","Bacteriology":"neg","qPCR":"neg","Serology":"neg","Source":"Ramasindrazana et al. 2025. PLoS Negl Trop Dis 19(11):e0013710 (journal_pntd_0013710_s001.xlsx)","Longitude":48.984746999999999,"Latitude":-15.517549000000001}},{"type":"Feature","id":224,"geometry":{"type":"Point","coordinates":[48.98487700000004,-15.517657999999926]},"properties":{"OBJECTID":224,"ID":"ADZ37","Date":"2022-07-26","Fokontany":"Andranokazo II","Habitat":"House","Genus":"Rattus","Species":"Rattus rattus","Sex":"M","Number_of_Fleas":4,"X__cheopis_Count":3,"X__brasiliensis_Count":1,"S__fonquerniei_Count":0,"C__felis_Count":0,"E__gallinacea_Count":0,"F1_RDT":"neg","Bacteriology":"neg","qPCR":"neg","Serology":"neg","Source":"Ramasindrazana et al. 2025. PLoS Negl Trop Dis 19(11):e0013710 (journal_pntd_0013710_s001.xlsx)","Longitude":48.984876999999997,"Latitude":-15.517658000000001}},{"type":"Feature","id":225,"geometry":{"type":"Point","coordinates":[48.984166000000073,-15.51780599999995]},"properties":{"OBJECTID":225,"ID":"ADZ38","Date":"2022-07-26","Fokontany":"Andranokazo II","Habitat":"House","Genus":"Rattus","Species":"Rattus rattus","Sex":"M","Number_of_Fleas":8,"X__cheopis_Count":5,"X__brasiliensis_Count":1,"S__fonquerniei_Count":0,"C__felis_Count":0,"E__gallinacea_Count":0,"F1_RDT":"neg","Bacteriology":"neg","qPCR":"neg","Serology":"neg","Source":"Ramasindrazana et al. 2025. PLoS Negl Trop Dis 19(11):e0013710 (journal_pntd_0013710_s001.xlsx)","Longitude":48.984166000000002,"Latitude":-15.517806}},{"type":"Feature","id":226,"geometry":{"type":"Point","coordinates":[48.98412200000007,-15.518108999999981]},"properties":{"OBJECTID":226,"ID":"ADZ39","Date":"2022-07-26","Fokontany":"Andranokazo II","Habitat":"House","Genus":"Rattus","Species":"Rattus rattus","Sex":"M","Number_of_Fleas":8,"X__cheopis_Count":5,"X__brasiliensis_Count":3,"S__fonquerniei_Count":0,"C__felis_Count":0,"E__gallinacea_Count":0,"F1_RDT":"neg","Bacteriology":"neg","qPCR":"neg","Serology":"neg","Source":"Ramasindrazana et al. 2025. PLoS Negl Trop Dis 19(11):e0013710 (journal_pntd_0013710_s001.xlsx)","Longitude":48.984121999999999,"Latitude":-15.518109000000001}},{"type":"Feature","id":227,"geometry":{"type":"Point","coordinates":[48.984051000000079,-15.518115999999964]},"properties":{"OBJECTID":227,"ID":"ADZ40","Date":"2022-07-26","Fokontany":"Andranokazo II","Habitat":"House","Genus":"Rattus","Species":"Rattus rattus","Sex":"F","Number_of_Fleas":1,"X__cheopis_Count":1,"X__brasiliensis_Count":0,"S__fonquerniei_Count":0,"C__felis_Count":0,"E__gallinacea_Count":0,"F1_RDT":"neg","Bacteriology":"neg","qPCR":"neg","Serology":"neg","Source":"Ramasindrazana et al. 2025. PLoS Negl Trop Dis 19(11):e0013710 (journal_pntd_0013710_s001.xlsx)","Longitude":48.984051000000001,"Latitude":-15.518115999999999}},{"type":"Feature","id":228,"geometry":{"type":"Point","coordinates":[48.983923000000061,-15.518006999999955]},"properties":{"OBJECTID":228,"ID":"ADZ41","Date":"2022-07-26","Fokontany":"Andranokazo II","Habitat":"House","Genus":"Rattus","Species":"Rattus rattus","Sex":"M","Number_of_Fleas":14,"X__cheopis_Count":8,"X__brasiliensis_Count":6,"S__fonquerniei_Count":0,"C__felis_Count":0,"E__gallinacea_Count":0,"F1_RDT":"neg","Bacteriology":"neg","qPCR":"neg","Serology":"neg","Source":"Ramasindrazana et al. 2025. PLoS Negl Trop Dis 19(11):e0013710 (journal_pntd_0013710_s001.xlsx)","Longitude":48.983922999999997,"Latitude":-15.518007000000001}},{"type":"Feature","id":229,"geometry":{"type":"Point","coordinates":[48.984009000000071,-15.51808699999998]},"properties":{"OBJECTID":229,"ID":"ADZ42","Date":"2022-07-26","Fokontany":"Andranokazo II","Habitat":"House","Genus":"Rattus","Species":"Rattus rattus","Sex":"M","Number_of_Fleas":2,"X__cheopis_Count":2,"X__brasiliensis_Count":0,"S__fonquerniei_Count":0,"C__felis_Count":0,"E__gallinacea_Count":0,"F1_RDT":"neg","Bacteriology":"neg","qPCR":"neg","Serology":"neg","Source":"Ramasindrazana et al. 2025. PLoS Negl Trop Dis 19(11):e0013710 (journal_pntd_0013710_s001.xlsx)","Longitude":48.984009,"Latitude":-15.518087}},{"type":"Feature","id":230,"geometry":{"type":"Point","coordinates":[48.984009000000071,-15.51808699999998]},"properties":{"OBJECTID":230,"ID":"ADZ43","Date":"2022-07-26","Fokontany":"Andranokazo II","Habitat":"House","Genus":"Rattus","Species":"Rattus rattus","Sex":"F","Number_of_Fleas":9,"X__cheopis_Count":9,"X__brasiliensis_Count":0,"S__fonquerniei_Count":0,"C__felis_Count":0,"E__gallinacea_Count":1,"F1_RDT":"neg","Bacteriology":"neg","qPCR":"neg","Serology":"neg","Source":"Ramasindrazana et al. 2025. PLoS Negl Trop Dis 19(11):e0013710 (journal_pntd_0013710_s001.xlsx)","Longitude":48.984009,"Latitude":-15.518087}},{"type":"Feature","id":231,"geometry":{"type":"Point","coordinates":[48.983785000000069,-15.518371999999943]},"properties":{"OBJECTID":231,"ID":"ADZ44","Date":"2022-07-26","Fokontany":"Andranokazo II","Habitat":"House","Genus":"Rattus","Species":"Rattus rattus","Sex":"M","Number_of_Fleas":5,"X__cheopis_Count":5,"X__brasiliensis_Count":0,"S__fonquerniei_Count":0,"C__felis_Count":0,"E__gallinacea_Count":0,"F1_RDT":"neg","Bacteriology":"neg","qPCR":"neg","Serology":"neg","Source":"Ramasindrazana et al. 2025. PLoS Negl Trop Dis 19(11):e0013710 (journal_pntd_0013710_s001.xlsx)","Longitude":48.983784999999997,"Latitude":-15.518371999999999}},{"type":"Feature","id":232,"geometry":{"type":"Point","coordinates":[48.983785000000069,-15.518371999999943]},"properties":{"OBJECTID":232,"ID":"ADZ45","Date":"2022-07-26","Fokontany":"Andranokazo II","Habitat":"House","Genus":"Rattus","Species":"Rattus rattus","Sex":"F","Number_of_Fleas":7,"X__cheopis_Count":0,"X__brasiliensis_Count":7,"S__fonquerniei_Count":0,"C__felis_Count":0,"E__gallinacea_Count":0,"F1_RDT":"neg","Bacteriology":"neg","qPCR":"neg","Serology":"neg","Source":"Ramasindrazana et al. 2025. PLoS Negl Trop Dis 19(11):e0013710 (journal_pntd_0013710_s001.xlsx)","Longitude":48.983784999999997,"Latitude":-15.518371999999999}},{"type":"Feature","id":233,"geometry":{"type":"Point","coordinates":[48.983785000000069,-15.518371999999943]},"properties":{"OBJECTID":233,"ID":"ADZ46","Date":"2022-07-26","Fokontany":"Andranokazo II","Habitat":"House","Genus":"Rattus","Species":"Rattus rattus","Sex":"F","Number_of_Fleas":5,"X__cheopis_Count":2,"X__brasiliensis_Count":3,"S__fonquerniei_Count":0,"C__felis_Count":0,"E__gallinacea_Count":0,"F1_RDT":"neg","Bacteriology":"neg","qPCR":"neg","Serology":"neg","Source":"Ramasindrazana et al. 2025. PLoS Negl Trop Dis 19(11):e0013710 (journal_pntd_0013710_s001.xlsx)","Longitude":48.983784999999997,"Latitude":-15.518371999999999}},{"type":"Feature","id":234,"geometry":{"type":"Point","coordinates":[48.983610000000056,-15.518560999999977]},"properties":{"OBJECTID":234,"ID":"ADZ47","Date":"2022-07-26","Fokontany":"Andranokazo II","Habitat":"House","Genus":"Rattus","Species":"Rattus rattus","Sex":"F","Number_of_Fleas":3,"X__cheopis_Count":1,"X__brasiliensis_Count":2,"S__fonquerniei_Count":0,"C__felis_Count":0,"E__gallinacea_Count":0,"F1_RDT":"neg","Bacteriology":"neg","qPCR":"neg","Serology":"neg","Source":"Ramasindrazana et al. 2025. PLoS Negl Trop Dis 19(11):e0013710 (journal_pntd_0013710_s001.xlsx)","Longitude":48.983609999999999,"Latitude":-15.518561}},{"type":"Feature","id":235,"geometry":{"type":"Point","coordinates":[48.983610000000056,-15.518560999999977]},"properties":{"OBJECTID":235,"ID":"ADZ48","Date":"2022-07-26","Fokontany":"Andranokazo II","Habitat":"House","Genus":"Rattus","Species":"Rattus rattus","Sex":"F","Number_of_Fleas":0,"X__cheopis_Count":0,"X__brasiliensis_Count":0,"S__fonquerniei_Count":0,"C__felis_Count":0,"E__gallinacea_Count":0,"F1_RDT":"neg","Bacteriology":"neg","qPCR":"neg","Serology":"neg","Source":"Ramasindrazana et al. 2025. PLoS Negl Trop Dis 19(11):e0013710 (journal_pntd_0013710_s001.xlsx)","Longitude":48.983609999999999,"Latitude":-15.518561}},{"type":"Feature","id":236,"geometry":{"type":"Point","coordinates":[48.983565000000056,-15.518629999999973]},"properties":{"OBJECTID":236,"ID":"ADZ49","Date":"2022-07-26","Fokontany":"Andranokazo II","Habitat":"House","Genus":"Rattus","Species":"Rattus rattus","Sex":"F","Number_of_Fleas":12,"X__cheopis_Count":9,"X__brasiliensis_Count":2,"S__fonquerniei_Count":0,"C__felis_Count":0,"E__gallinacea_Count":0,"F1_RDT":"neg","Bacteriology":"neg","qPCR":"neg","Serology":"neg","Source":"Ramasindrazana et al. 2025. PLoS Negl Trop Dis 19(11):e0013710 (journal_pntd_0013710_s001.xlsx)","Longitude":48.983564999999999,"Latitude":-15.51863}},{"type":"Feature","id":237,"geometry":{"type":"Point","coordinates":[48.983629000000064,-15.518685999999946]},"properties":{"OBJECTID":237,"ID":"ADZ50","Date":"2022-07-26","Fokontany":"Andranokazo II","Habitat":"House","Genus":"Rattus","Species":"Rattus rattus","Sex":"F","Number_of_Fleas":2,"X__cheopis_Count":1,"X__brasiliensis_Count":0,"S__fonquerniei_Count":0,"C__felis_Count":0,"E__gallinacea_Count":0,"F1_RDT":"neg","Bacteriology":"neg","qPCR":"neg","Serology":"neg","Source":"Ramasindrazana et al. 2025. PLoS Negl Trop Dis 19(11):e0013710 (journal_pntd_0013710_s001.xlsx)","Longitude":48.983629000000001,"Latitude":-15.518686000000001}},{"type":"Feature","id":238,"geometry":{"type":"Point","coordinates":[48.984047000000032,-15.518573999999944]},"properties":{"OBJECTID":238,"ID":"ADZ51","Date":"2022-07-26","Fokontany":"Andranokazo II","Habitat":"House","Genus":"Rattus","Species":"Rattus rattus","Sex":"F","Number_of_Fleas":7,"X__cheopis_Count":4,"X__brasiliensis_Count":3,"S__fonquerniei_Count":0,"C__felis_Count":0,"E__gallinacea_Count":0,"F1_RDT":"neg","Bacteriology":"neg","qPCR":"neg","Serology":"neg","Source":"Ramasindrazana et al. 2025. PLoS Negl Trop Dis 19(11):e0013710 (journal_pntd_0013710_s001.xlsx)","Longitude":48.984046999999997,"Latitude":-15.518573999999999}},{"type":"Feature","id":239,"geometry":{"type":"Point","coordinates":[48.983831000000066,-15.518732999999941]},"properties":{"OBJECTID":239,"ID":"ADZ52","Date":"2022-07-26","Fokontany":"Andranokazo II","Habitat":"House","Genus":"Rattus","Species":"Rattus rattus","Sex":"M","Number_of_Fleas":6,"X__cheopis_Count":3,"X__brasiliensis_Count":3,"S__fonquerniei_Count":0,"C__felis_Count":0,"E__gallinacea_Count":0,"F1_RDT":"neg","Bacteriology":"neg","qPCR":"neg","Serology":"neg","Source":"Ramasindrazana et al. 2025. PLoS Negl Trop Dis 19(11):e0013710 (journal_pntd_0013710_s001.xlsx)","Longitude":48.983831000000002,"Latitude":-15.518732999999999}},{"type":"Feature","id":240,"geometry":{"type":"Point","coordinates":[48.98399500000005,-15.518513999999982]},"properties":{"OBJECTID":240,"ID":"ADZ53","Date":"2022-07-26","Fokontany":"Andranokazo II","Habitat":"House","Genus":"Rattus","Species":"Rattus rattus","Sex":"F","Number_of_Fleas":5,"X__cheopis_Count":2,"X__brasiliensis_Count":3,"S__fonquerniei_Count":0,"C__felis_Count":0,"E__gallinacea_Count":0,"F1_RDT":"neg","Bacteriology":"neg","qPCR":"neg","Serology":"neg","Source":"Ramasindrazana et al. 2025. PLoS Negl Trop Dis 19(11):e0013710 (journal_pntd_0013710_s001.xlsx)","Longitude":48.983995,"Latitude":-15.518514}},{"type":"Feature","id":241,"geometry":{"type":"Point","coordinates":[48.984075000000075,-15.518522999999959]},"properties":{"OBJECTID":241,"ID":"ADZ54","Date":"2022-07-26","Fokontany":"Andranokazo II","Habitat":"House","Genus":"Rattus","Species":"Rattus rattus","Sex":"F","Number_of_Fleas":12,"X__cheopis_Count":3,"X__brasiliensis_Count":9,"S__fonquerniei_Count":0,"C__felis_Count":0,"E__gallinacea_Count":2,"F1_RDT":"neg","Bacteriology":"neg","qPCR":"neg","Serology":"neg","Source":"Ramasindrazana et al. 2025. PLoS Negl Trop Dis 19(11):e0013710 (journal_pntd_0013710_s001.xlsx)","Longitude":48.984074999999997,"Latitude":-15.518523}},{"type":"Feature","id":242,"geometry":{"type":"Point","coordinates":[48.984987000000046,-15.517416999999966]},"properties":{"OBJECTID":242,"ID":"ADZ55","Date":"2022-07-27","Fokontany":"Andranokazo II","Habitat":"House","Genus":"Rattus","Species":"Rattus rattus","Sex":"M","Number_of_Fleas":19,"X__cheopis_Count":11,"X__brasiliensis_Count":7,"S__fonquerniei_Count":0,"C__felis_Count":0,"E__gallinacea_Count":0,"F1_RDT":"neg","Bacteriology":"neg","qPCR":"neg","Serology":"neg","Source":"Ramasindrazana et al. 2025. PLoS Negl Trop Dis 19(11):e0013710 (journal_pntd_0013710_s001.xlsx)","Longitude":48.984986999999997,"Latitude":-15.517417}},{"type":"Feature","id":243,"geometry":{"type":"Point","coordinates":[48.98474200000004,-15.517780999999957]},"properties":{"OBJECTID":243,"ID":"ADZ56","Date":"2022-07-27","Fokontany":"Andranokazo II","Habitat":"House","Genus":"Rattus","Species":"Rattus rattus","Sex":"F","Number_of_Fleas":14,"X__cheopis_Count":13,"X__brasiliensis_Count":0,"S__fonquerniei_Count":0,"C__felis_Count":0,"E__gallinacea_Count":0,"F1_RDT":"neg","Bacteriology":"neg","qPCR":"neg","Serology":"neg","Source":"Ramasindrazana et al. 2025. PLoS Negl Trop Dis 19(11):e0013710 (journal_pntd_0013710_s001.xlsx)","Longitude":48.984741999999997,"Latitude":-15.517780999999999}},{"type":"Feature","id":244,"geometry":{"type":"Point","coordinates":[48.984633000000031,-15.517870999999957]},"properties":{"OBJECTID":244,"ID":"ADZ57","Date":"2022-07-27","Fokontany":"Andranokazo II","Habitat":"House","Genus":"Mus","Species":"Mus musculus","Sex":"F","Number_of_Fleas":0,"X__cheopis_Count":0,"X__brasiliensis_Count":0,"S__fonquerniei_Count":0,"C__felis_Count":0,"E__gallinacea_Count":0,"F1_RDT":"neg","Bacteriology":"neg","qPCR":"neg","Serology":"neg","Source":"Ramasindrazana et al. 2025. PLoS Negl Trop Dis 19(11):e0013710 (journal_pntd_0013710_s001.xlsx)","Longitude":48.984633000000002,"Latitude":-15.517871}},{"type":"Feature","id":245,"geometry":{"type":"Point","coordinates":[48.984530000000063,-15.518047999999965]},"properties":{"OBJECTID":245,"ID":"ADZ58","Date":"2022-07-27","Fokontany":"Andranokazo II","Habitat":"House","Genus":"Mus","Species":"Mus musculus","Sex":"F","Number_of_Fleas":2,"X__cheopis_Count":2,"X__brasiliensis_Count":0,"S__fonquerniei_Count":0,"C__felis_Count":0,"E__gallinacea_Count":0,"F1_RDT":"neg","Bacteriology":"neg","qPCR":"neg","Serology":"neg","Source":"Ramasindrazana et al. 2025. PLoS Negl Trop Dis 19(11):e0013710 (journal_pntd_0013710_s001.xlsx)","Longitude":48.984529999999999,"Latitude":-15.518048}},{"type":"Feature","id":246,"geometry":{"type":"Point","coordinates":[48.984166000000073,-15.51780599999995]},"properties":{"OBJECTID":246,"ID":"ADZ59","Date":"2022-07-27","Fokontany":"Andranokazo II","Habitat":"House","Genus":"Rattus","Species":"Rattus rattus","Sex":"F","Number_of_Fleas":6,"X__cheopis_Count":6,"X__brasiliensis_Count":0,"S__fonquerniei_Count":0,"C__felis_Count":0,"E__gallinacea_Count":0,"F1_RDT":"neg","Bacteriology":"neg","qPCR":"neg","Serology":"neg","Source":"Ramasindrazana et al. 2025. PLoS Negl Trop Dis 19(11):e0013710 (journal_pntd_0013710_s001.xlsx)","Longitude":48.984166000000002,"Latitude":-15.517806}},{"type":"Feature","id":247,"geometry":{"type":"Point","coordinates":[48.984124000000065,-15.517830999999944]},"properties":{"OBJECTID":247,"ID":"ADZ60","Date":"2022-07-27","Fokontany":"Andranokazo II","Habitat":"House","Genus":"Rattus","Species":"Rattus rattus","Sex":"F","Number_of_Fleas":2,"X__cheopis_Count":2,"X__brasiliensis_Count":0,"S__fonquerniei_Count":0,"C__felis_Count":0,"E__gallinacea_Count":0,"F1_RDT":"neg","Bacteriology":"neg","qPCR":"neg","Serology":"neg","Source":"Ramasindrazana et al. 2025. PLoS Negl Trop Dis 19(11):e0013710 (journal_pntd_0013710_s001.xlsx)","Longitude":48.984124000000001,"Latitude":-15.517830999999999}},{"type":"Feature","id":248,"geometry":{"type":"Point","coordinates":[48.984254000000078,-15.517991999999936]},"properties":{"OBJECTID":248,"ID":"ADZ61","Date":"2022-07-27","Fokontany":"Andranokazo II","Habitat":"House","Genus":"Rattus","Species":"Rattus rattus","Sex":"M","Number_of_Fleas":7,"X__cheopis_Count":6,"X__brasiliensis_Count":0,"S__fonquerniei_Count":0,"C__felis_Count":0,"E__gallinacea_Count":1,"F1_RDT":"neg","Bacteriology":"neg","qPCR":"neg","Serology":"neg","Source":"Ramasindrazana et al. 2025. PLoS Negl Trop Dis 19(11):e0013710 (journal_pntd_0013710_s001.xlsx)","Longitude":48.984254,"Latitude":-15.517992}},{"type":"Feature","id":249,"geometry":{"type":"Point","coordinates":[48.984255000000076,-15.51809099999997]},"properties":{"OBJECTID":249,"ID":"ADZ62","Date":"2022-07-27","Fokontany":"Andranokazo II","Habitat":"House","Genus":"Rattus","Species":"Rattus rattus","Sex":"M","Number_of_Fleas":8,"X__cheopis_Count":7,"X__brasiliensis_Count":0,"S__fonquerniei_Count":0,"C__felis_Count":0,"E__gallinacea_Count":0,"F1_RDT":"neg","Bacteriology":"neg","qPCR":"neg","Serology":"neg","Source":"Ramasindrazana et al. 2025. PLoS Negl Trop Dis 19(11):e0013710 (journal_pntd_0013710_s001.xlsx)","Longitude":48.984254999999997,"Latitude":-15.518091}},{"type":"Feature","id":250,"geometry":{"type":"Point","coordinates":[48.984051000000079,-15.518115999999964]},"properties":{"OBJECTID":250,"ID":"ADZ63","Date":"2022-07-27","Fokontany":"Andranokazo II","Habitat":"House","Genus":"Rattus","Species":"Rattus rattus","Sex":"M","Number_of_Fleas":25,"X__cheopis_Count":19,"X__brasiliensis_Count":4,"S__fonquerniei_Count":0,"C__felis_Count":0,"E__gallinacea_Count":0,"F1_RDT":"neg","Bacteriology":"neg","qPCR":"neg","Serology":"neg","Source":"Ramasindrazana et al. 2025. PLoS Negl Trop Dis 19(11):e0013710 (journal_pntd_0013710_s001.xlsx)","Longitude":48.984051000000001,"Latitude":-15.518115999999999}},{"type":"Feature","id":251,"geometry":{"type":"Point","coordinates":[48.983974000000046,-15.517913999999962]},"properties":{"OBJECTID":251,"ID":"ADZ64","Date":"2022-07-27","Fokontany":"Andranokazo II","Habitat":"House","Genus":"Rattus","Species":"Rattus rattus","Sex":"F","Number_of_Fleas":2,"X__cheopis_Count":1,"X__brasiliensis_Count":0,"S__fonquerniei_Count":0,"C__felis_Count":0,"E__gallinacea_Count":1,"F1_RDT":"neg","Bacteriology":"neg","qPCR":"neg","Serology":"neg","Source":"Ramasindrazana et al. 2025. PLoS Negl Trop Dis 19(11):e0013710 (journal_pntd_0013710_s001.xlsx)","Longitude":48.983974000000003,"Latitude":-15.517913999999999}},{"type":"Feature","id":252,"geometry":{"type":"Point","coordinates":[48.983855000000062,-15.51813599999997]},"properties":{"OBJECTID":252,"ID":"ADZ65","Date":"2022-07-27","Fokontany":"Andranokazo II","Habitat":"House","Genus":"Rattus","Species":"Rattus rattus","Sex":"F","Number_of_Fleas":15,"X__cheopis_Count":12,"X__brasiliensis_Count":3,"S__fonquerniei_Count":0,"C__felis_Count":0,"E__gallinacea_Count":1,"F1_RDT":"neg","Bacteriology":"neg","qPCR":"neg","Serology":"neg","Source":"Ramasindrazana et al. 2025. PLoS Negl Trop Dis 19(11):e0013710 (journal_pntd_0013710_s001.xlsx)","Longitude":48.983854999999998,"Latitude":-15.518136}},{"type":"Feature","id":253,"geometry":{"type":"Point","coordinates":[48.983785000000069,-15.518371999999943]},"properties":{"OBJECTID":253,"ID":"ADZ66","Date":"2022-07-27","Fokontany":"Andranokazo II","Habitat":"House","Genus":"Rattus","Species":"Rattus rattus","Sex":"M","Number_of_Fleas":7,"X__cheopis_Count":7,"X__brasiliensis_Count":0,"S__fonquerniei_Count":0,"C__felis_Count":0,"E__gallinacea_Count":0,"F1_RDT":"neg","Bacteriology":"neg","qPCR":"neg","Serology":"neg","Source":"Ramasindrazana et al. 2025. PLoS Negl Trop Dis 19(11):e0013710 (journal_pntd_0013710_s001.xlsx)","Longitude":48.983784999999997,"Latitude":-15.518371999999999}},{"type":"Feature","id":254,"geometry":{"type":"Point","coordinates":[48.983594000000039,-15.518533999999931]},"properties":{"OBJECTID":254,"ID":"ADZ67","Date":"2022-07-27","Fokontany":"Andranokazo II","Habitat":"House","Genus":"Rattus","Species":"Rattus rattus","Sex":"F","Number_of_Fleas":36,"X__cheopis_Count":20,"X__brasiliensis_Count":13,"S__fonquerniei_Count":0,"C__felis_Count":0,"E__gallinacea_Count":0,"F1_RDT":"neg","Bacteriology":"neg","qPCR":"neg","Serology":"neg","Source":"Ramasindrazana et al. 2025. PLoS Negl Trop Dis 19(11):e0013710 (journal_pntd_0013710_s001.xlsx)","Longitude":48.983593999999997,"Latitude":-15.518534000000001}},{"type":"Feature","id":255,"geometry":{"type":"Point","coordinates":[48.984146000000067,-15.518518999999969]},"properties":{"OBJECTID":255,"ID":"ADZ68","Date":"2022-07-27","Fokontany":"Andranokazo II","Habitat":"House","Genus":"Rattus","Species":"Rattus rattus","Sex":"M","Number_of_Fleas":3,"X__cheopis_Count":1,"X__brasiliensis_Count":2,"S__fonquerniei_Count":0,"C__felis_Count":0,"E__gallinacea_Count":0,"F1_RDT":"neg","Bacteriology":"neg","qPCR":"neg","Serology":"neg","Source":"Ramasindrazana et al. 2025. PLoS Negl Trop Dis 19(11):e0013710 (journal_pntd_0013710_s001.xlsx)","Longitude":48.984146000000003,"Latitude":-15.518519}},{"type":"Feature","id":256,"geometry":{"type":"Point","coordinates":[48.984075000000075,-15.518522999999959]},"properties":{"OBJECTID":256,"ID":"ADZ69","Date":"2022-07-27","Fokontany":"Andranokazo II","Habitat":"House","Genus":"Rattus","Species":"Rattus rattus","Sex":"F","Number_of_Fleas":5,"X__cheopis_Count":1,"X__brasiliensis_Count":4,"S__fonquerniei_Count":0,"C__felis_Count":0,"E__gallinacea_Count":0,"F1_RDT":"neg","Bacteriology":"neg","qPCR":"neg","Serology":"neg","Source":"Ramasindrazana et al. 2025. PLoS Negl Trop Dis 19(11):e0013710 (journal_pntd_0013710_s001.xlsx)","Longitude":48.984074999999997,"Latitude":-15.518523}},{"type":"Feature","id":257,"geometry":{"type":"Point","coordinates":[48.984084000000053,-15.518470999999977]},"properties":{"OBJECTID":257,"ID":"ADZ70","Date":"2022-07-28","Fokontany":"Andranokazo II","Habitat":"House","Genus":"Rattus","Species":"Rattus rattus","Sex":"F","Number_of_Fleas":24,"X__cheopis_Count":16,"X__brasiliensis_Count":6,"S__fonquerniei_Count":0,"C__felis_Count":0,"E__gallinacea_Count":0,"F1_RDT":"neg","Bacteriology":"neg","qPCR":"neg","Serology":"neg","Source":"Ramasindrazana et al. 2025. PLoS Negl Trop Dis 19(11):e0013710 (journal_pntd_0013710_s001.xlsx)","Longitude":48.984084000000003,"Latitude":-15.518471}},{"type":"Feature","id":258,"geometry":{"type":"Point","coordinates":[48.98408500000005,-15.518471999999974]},"properties":{"OBJECTID":258,"ID":"ADZ71","Date":"2022-07-28","Fokontany":"Andranokazo II","Habitat":"House","Genus":"Rattus","Species":"Rattus rattus","Sex":"M","Number_of_Fleas":9,"X__cheopis_Count":6,"X__brasiliensis_Count":3,"S__fonquerniei_Count":0,"C__felis_Count":0,"E__gallinacea_Count":0,"F1_RDT":"neg","Bacteriology":"neg","qPCR":"neg","Serology":"neg","Source":"Ramasindrazana et al. 2025. PLoS Negl Trop Dis 19(11):e0013710 (journal_pntd_0013710_s001.xlsx)","Longitude":48.984085,"Latitude":-15.518471999999999}},{"type":"Feature","id":259,"geometry":{"type":"Point","coordinates":[48.985157000000072,-15.516881999999953]},"properties":{"OBJECTID":259,"ID":"ADZ72","Date":"2022-07-28","Fokontany":"Andranokazo II","Habitat":"House","Genus":"Rattus","Species":"Rattus rattus","Sex":"F","Number_of_Fleas":4,"X__cheopis_Count":2,"X__brasiliensis_Count":2,"S__fonquerniei_Count":0,"C__felis_Count":0,"E__gallinacea_Count":0,"F1_RDT":"neg","Bacteriology":"neg","qPCR":"neg","Serology":"neg","Source":"Ramasindrazana et al. 2025. PLoS Negl Trop Dis 19(11):e0013710 (journal_pntd_0013710_s001.xlsx)","Longitude":48.985157000000001,"Latitude":-15.516882000000001}},{"type":"Feature","id":260,"geometry":{"type":"Point","coordinates":[48.985461000000043,-15.517040999999949]},"properties":{"OBJECTID":260,"ID":"ADZ73","Date":"2022-07-28","Fokontany":"Andranokazo II","Habitat":"House","Genus":"Rattus","Species":"Rattus rattus","Sex":"F","Number_of_Fleas":11,"X__cheopis_Count":2,"X__brasiliensis_Count":8,"S__fonquerniei_Count":0,"C__felis_Count":0,"E__gallinacea_Count":0,"F1_RDT":"neg","Bacteriology":"neg","qPCR":"neg","Serology":"neg","Source":"Ramasindrazana et al. 2025. PLoS Negl Trop Dis 19(11):e0013710 (journal_pntd_0013710_s001.xlsx)","Longitude":48.985461000000001,"Latitude":-15.517041000000001}},{"type":"Feature","id":261,"geometry":{"type":"Point","coordinates":[48.984255000000076,-15.51809099999997]},"properties":{"OBJECTID":261,"ID":"ADZ74","Date":"2022-07-28","Fokontany":"Andranokazo II","Habitat":"House","Genus":"Rattus","Species":"Rattus rattus","Sex":"F","Number_of_Fleas":11,"X__cheopis_Count":10,"X__brasiliensis_Count":1,"S__fonquerniei_Count":0,"C__felis_Count":0,"E__gallinacea_Count":0,"F1_RDT":"neg","Bacteriology":"neg","qPCR":"neg","Serology":"neg","Source":"Ramasindrazana et al. 2025. PLoS Negl Trop Dis 19(11):e0013710 (journal_pntd_0013710_s001.xlsx)","Longitude":48.984254999999997,"Latitude":-15.518091}},{"type":"Feature","id":262,"geometry":{"type":"Point","coordinates":[48.984004000000027,-15.518027999999958]},"properties":{"OBJECTID":262,"ID":"ADZ75","Date":"2022-07-28","Fokontany":"Andranokazo II","Habitat":"House","Genus":"Rattus","Species":"Rattus rattus","Sex":"M","Number_of_Fleas":11,"X__cheopis_Count":8,"X__brasiliensis_Count":2,"S__fonquerniei_Count":0,"C__felis_Count":0,"E__gallinacea_Count":0,"F1_RDT":"neg","Bacteriology":"neg","qPCR":"neg","Serology":"neg","Source":"Ramasindrazana et al. 2025. PLoS Negl Trop Dis 19(11):e0013710 (journal_pntd_0013710_s001.xlsx)","Longitude":48.984003999999999,"Latitude":-15.518027999999999}},{"type":"Feature","id":263,"geometry":{"type":"Point","coordinates":[48.983974000000046,-15.517913999999962]},"properties":{"OBJECTID":263,"ID":"ADZ76","Date":"2022-07-28","Fokontany":"Andranokazo II","Habitat":"House","Genus":"Rattus","Species":"Rattus rattus","Sex":"M","Number_of_Fleas":4,"X__cheopis_Count":2,"X__brasiliensis_Count":0,"S__fonquerniei_Count":0,"C__felis_Count":0,"E__gallinacea_Count":2,"F1_RDT":"neg","Bacteriology":"neg","qPCR":"neg","Serology":"neg","Source":"Ramasindrazana et al. 2025. PLoS Negl Trop Dis 19(11):e0013710 (journal_pntd_0013710_s001.xlsx)","Longitude":48.983974000000003,"Latitude":-15.517913999999999}},{"type":"Feature","id":264,"geometry":{"type":"Point","coordinates":[48.983750000000043,-15.518338999999969]},"properties":{"OBJECTID":264,"ID":"ADZ77","Date":"2022-07-28","Fokontany":"Andranokazo II","Habitat":"House","Genus":"Rattus","Species":"Rattus rattus","Sex":"F","Number_of_Fleas":10,"X__cheopis_Count":11,"X__brasiliensis_Count":0,"S__fonquerniei_Count":0,"C__felis_Count":0,"E__gallinacea_Count":0,"F1_RDT":"neg","Bacteriology":"neg","qPCR":"neg","Serology":"neg","Source":"Ramasindrazana et al. 2025. PLoS Negl Trop Dis 19(11):e0013710 (journal_pntd_0013710_s001.xlsx)","Longitude":48.983750000000001,"Latitude":-15.518338999999999}},{"type":"Feature","id":265,"geometry":{"type":"Point","coordinates":[48.983785000000069,-15.518371999999943]},"properties":{"OBJECTID":265,"ID":"ADZ78","Date":"2022-07-28","Fokontany":"Andranokazo II","Habitat":"House","Genus":"Rattus","Species":"Rattus rattus","Sex":"M","Number_of_Fleas":17,"X__cheopis_Count":15,"X__brasiliensis_Count":0,"S__fonquerniei_Count":0,"C__felis_Count":0,"E__gallinacea_Count":1,"F1_RDT":"neg","Bacteriology":"neg","qPCR":"neg","Serology":"neg","Source":"Ramasindrazana et al. 2025. PLoS Negl Trop Dis 19(11):e0013710 (journal_pntd_0013710_s001.xlsx)","Longitude":48.983784999999997,"Latitude":-15.518371999999999}},{"type":"Feature","id":266,"geometry":{"type":"Point","coordinates":[48.983785000000069,-15.518371999999943]},"properties":{"OBJECTID":266,"ID":"ADZ79","Date":"2022-07-28","Fokontany":"Andranokazo II","Habitat":"House","Genus":"Rattus","Species":"Rattus rattus","Sex":"M","Number_of_Fleas":8,"X__cheopis_Count":4,"X__brasiliensis_Count":3,"S__fonquerniei_Count":0,"C__felis_Count":0,"E__gallinacea_Count":0,"F1_RDT":"neg","Bacteriology":"neg","qPCR":"neg","Serology":"neg","Source":"Ramasindrazana et al. 2025. PLoS Negl Trop Dis 19(11):e0013710 (journal_pntd_0013710_s001.xlsx)","Longitude":48.983784999999997,"Latitude":-15.518371999999999}},{"type":"Feature","id":267,"geometry":{"type":"Point","coordinates":[48.983610000000056,-15.518560999999977]},"properties":{"OBJECTID":267,"ID":"ADZ80","Date":"2022-07-28","Fokontany":"Andranokazo II","Habitat":"House","Genus":"Rattus","Species":"Rattus rattus","Sex":"F","Number_of_Fleas":7,"X__cheopis_Count":2,"X__brasiliensis_Count":2,"S__fonquerniei_Count":0,"C__felis_Count":0,"E__gallinacea_Count":2,"F1_RDT":"neg","Bacteriology":"neg","qPCR":"neg","Serology":"neg","Source":"Ramasindrazana et al. 2025. PLoS Negl Trop Dis 19(11):e0013710 (journal_pntd_0013710_s001.xlsx)","Longitude":48.983609999999999,"Latitude":-15.518561}},{"type":"Feature","id":268,"geometry":{"type":"Point","coordinates":[48.983594000000039,-15.518533999999931]},"properties":{"OBJECTID":268,"ID":"ADZ81","Date":"2022-07-28","Fokontany":"Andranokazo II","Habitat":"House","Genus":"Rattus","Species":"Rattus rattus","Sex":"M","Number_of_Fleas":21,"X__cheopis_Count":9,"X__brasiliensis_Count":12,"S__fonquerniei_Count":0,"C__felis_Count":0,"E__gallinacea_Count":0,"F1_RDT":"neg","Bacteriology":"neg","qPCR":"neg","Serology":"neg","Source":"Ramasindrazana et al. 2025. PLoS Negl Trop Dis 19(11):e0013710 (journal_pntd_0013710_s001.xlsx)","Longitude":48.983593999999997,"Latitude":-15.518534000000001}},{"type":"Feature","id":269,"geometry":{"type":"Point","coordinates":[48.983594000000039,-15.518533999999931]},"properties":{"OBJECTID":269,"ID":"ADZ82","Date":"2022-07-28","Fokontany":"Andranokazo II","Habitat":"House","Genus":"Rattus","Species":"Rattus rattus","Sex":"F","Number_of_Fleas":1,"X__cheopis_Count":1,"X__brasiliensis_Count":0,"S__fonquerniei_Count":0,"C__felis_Count":0,"E__gallinacea_Count":0,"F1_RDT":"neg","Bacteriology":"neg","qPCR":"neg","Serology":"neg","Source":"Ramasindrazana et al. 2025. PLoS Negl Trop Dis 19(11):e0013710 (journal_pntd_0013710_s001.xlsx)","Longitude":48.983593999999997,"Latitude":-15.518534000000001}},{"type":"Feature","id":270,"geometry":{"type":"Point","coordinates":[48.983831000000066,-15.518732999999941]},"properties":{"OBJECTID":270,"ID":"ADZ83","Date":"2022-07-28","Fokontany":"Andranokazo II","Habitat":"House","Genus":"Rattus","Species":"Rattus rattus","Sex":"M","Number_of_Fleas":0,"X__cheopis_Count":0,"X__brasiliensis_Count":0,"S__fonquerniei_Count":0,"C__felis_Count":0,"E__gallinacea_Count":0,"F1_RDT":"neg","Bacteriology":"neg","qPCR":"neg","Serology":"neg","Source":"Ramasindrazana et al. 2025. PLoS Negl Trop Dis 19(11):e0013710 (journal_pntd_0013710_s001.xlsx)","Longitude":48.983831000000002,"Latitude":-15.518732999999999}},{"type":"Feature","id":271,"geometry":{"type":"Point","coordinates":[48.984075000000075,-15.518522999999959]},"properties":{"OBJECTID":271,"ID":"ADZ84","Date":"2022-07-28","Fokontany":"Andranokazo II","Habitat":"House","Genus":"Rattus","Species":"Rattus rattus","Sex":"M","Number_of_Fleas":7,"X__cheopis_Count":0,"X__brasiliensis_Count":6,"S__fonquerniei_Count":0,"C__felis_Count":0,"E__gallinacea_Count":1,"F1_RDT":"neg","Bacteriology":"neg","qPCR":"neg","Serology":"neg","Source":"Ramasindrazana et al. 2025. PLoS Negl Trop Dis 19(11):e0013710 (journal_pntd_0013710_s001.xlsx)","Longitude":48.984074999999997,"Latitude":-15.518523}},{"type":"Feature","id":272,"geometry":{"type":"Point","coordinates":[48.984084000000053,-15.518470999999977]},"properties":{"OBJECTID":272,"ID":"ADZ85","Date":"2022-07-28","Fokontany":"Andranokazo II","Habitat":"House","Genus":"Rattus","Species":"Rattus rattus","Sex":"M","Number_of_Fleas":6,"X__cheopis_Count":0,"X__brasiliensis_Count":3,"S__fonquerniei_Count":0,"C__felis_Count":0,"E__gallinacea_Count":1,"F1_RDT":"neg","Bacteriology":"neg","qPCR":"neg","Serology":"neg","Source":"Ramasindrazana et al. 2025. PLoS Negl Trop Dis 19(11):e0013710 (journal_pntd_0013710_s001.xlsx)","Longitude":48.984084000000003,"Latitude":-15.518471}},{"type":"Feature","id":273,"geometry":{"type":"Point","coordinates":[48.985101000000043,-15.517606999999941]},"properties":{"OBJECTID":273,"ID":"ADZ86","Date":"2022-07-28","Fokontany":"Andranokazo II","Habitat":"House","Genus":"Rattus","Species":"Rattus rattus","Sex":"M","Number_of_Fleas":4,"X__cheopis_Count":3,"X__brasiliensis_Count":1,"S__fonquerniei_Count":0,"C__felis_Count":0,"E__gallinacea_Count":0,"F1_RDT":"neg","Bacteriology":"neg","qPCR":"neg","Serology":"neg","Source":"Ramasindrazana et al. 2025. PLoS Negl Trop Dis 19(11):e0013710 (journal_pntd_0013710_s001.xlsx)","Longitude":48.985101,"Latitude":-15.517607}},{"type":"Feature","id":274,"geometry":{"type":"Point","coordinates":[48.985101000000043,-15.517606999999941]},"properties":{"OBJECTID":274,"ID":"ADZ87","Date":"2022-07-28","Fokontany":"Andranokazo II","Habitat":"House","Genus":"Rattus","Species":"Rattus rattus","Sex":"M","Number_of_Fleas":1,"X__cheopis_Count":1,"X__brasiliensis_Count":0,"S__fonquerniei_Count":0,"C__felis_Count":0,"E__gallinacea_Count":0,"F1_RDT":"neg","Bacteriology":"neg","qPCR":"neg","Serology":"neg","Source":"Ramasindrazana et al. 2025. PLoS Negl Trop Dis 19(11):e0013710 (journal_pntd_0013710_s001.xlsx)","Longitude":48.985101,"Latitude":-15.517607}},{"type":"Feature","id":275,"geometry":{"type":"Point","coordinates":[48.983638000000042,-15.51879699999995]},"properties":{"OBJECTID":275,"ID":"ADZ88","Date":"2022-07-28","Fokontany":"Andranokazo II","Habitat":"House","Genus":"Rattus","Species":"Rattus rattus","Sex":"F","Number_of_Fleas":0,"X__cheopis_Count":0,"X__brasiliensis_Count":0,"S__fonquerniei_Count":0,"C__felis_Count":0,"E__gallinacea_Count":0,"F1_RDT":"neg","Bacteriology":"neg","qPCR":"neg","Serology":"neg","Source":"Ramasindrazana et al. 2025. PLoS Negl Trop Dis 19(11):e0013710 (journal_pntd_0013710_s001.xlsx)","Longitude":48.983637999999999,"Latitude":-15.518796999999999}},{"type":"Feature","id":276,"geometry":{"type":"Point","coordinates":[48.987862000000064,-15.51122799999996]},"properties":{"OBJECTID":276,"ID":"ADZ89","Date":"2022-07-30","Fokontany":"Andranokazo II","Habitat":"outside","Genus":"Rattus","Species":"Rattus rattus","Sex":"F","Number_of_Fleas":0,"X__cheopis_Count":0,"X__brasiliensis_Count":0,"S__fonquerniei_Count":0,"C__felis_Count":0,"E__gallinacea_Count":0,"F1_RDT":"neg","Bacteriology":"neg","qPCR":"neg","Serology":"neg","Source":"Ramasindrazana et al. 2025. PLoS Negl Trop Dis 19(11):e0013710 (journal_pntd_0013710_s001.xlsx)","Longitude":48.987862,"Latitude":-15.511227999999999}},{"type":"Feature","id":277,"geometry":{"type":"Point","coordinates":[48.987900000000081,-15.511642999999935]},"properties":{"OBJECTID":277,"ID":"ADZ90","Date":"2022-07-30","Fokontany":"Andranokazo II","Habitat":"outside","Genus":"Rattus","Species":"Rattus rattus","Sex":"M","Number_of_Fleas":0,"X__cheopis_Count":0,"X__brasiliensis_Count":0,"S__fonquerniei_Count":0,"C__felis_Count":0,"E__gallinacea_Count":0,"F1_RDT":"neg","Bacteriology":"neg","qPCR":"neg","Serology":"neg","Source":"Ramasindrazana et al. 2025. PLoS Negl Trop Dis 19(11):e0013710 (journal_pntd_0013710_s001.xlsx)","Longitude":48.987900000000003,"Latitude":-15.511642999999999}},{"type":"Feature","id":278,"geometry":{"type":"Point","coordinates":[48.98793500000005,-15.511756999999932]},"properties":{"OBJECTID":278,"ID":"ADZ91","Date":"2022-07-30","Fokontany":"Andranokazo II","Habitat":"outside","Genus":"Rattus","Species":"Rattus rattus","Sex":"F","Number_of_Fleas":0,"X__cheopis_Count":0,"X__brasiliensis_Count":0,"S__fonquerniei_Count":0,"C__felis_Count":0,"E__gallinacea_Count":0,"F1_RDT":"neg","Bacteriology":"neg","qPCR":"neg","Serology":"neg","Source":"Ramasindrazana et al. 2025. PLoS Negl Trop Dis 19(11):e0013710 (journal_pntd_0013710_s001.xlsx)","Longitude":48.987935,"Latitude":-15.511756999999999}},{"type":"Feature","id":279,"geometry":{"type":"Point","coordinates":[48.98793500000005,-15.511862999999948]},"properties":{"OBJECTID":279,"ID":"ADZ92","Date":"2022-07-30","Fokontany":"Andranokazo II","Habitat":"outside","Genus":"Rattus","Species":"Rattus rattus","Sex":"F","Number_of_Fleas":0,"X__cheopis_Count":0,"X__brasiliensis_Count":0,"S__fonquerniei_Count":0,"C__felis_Count":0,"E__gallinacea_Count":0,"F1_RDT":"neg","Bacteriology":"neg","qPCR":"neg","Serology":"neg","Source":"Ramasindrazana et al. 2025. PLoS Negl Trop Dis 19(11):e0013710 (journal_pntd_0013710_s001.xlsx)","Longitude":48.987935,"Latitude":-15.511863}},{"type":"Feature","id":280,"geometry":{"type":"Point","coordinates":[48.987756000000047,-15.512175999999954]},"properties":{"OBJECTID":280,"ID":"ADZ93","Date":"2022-07-30","Fokontany":"Andranokazo II","Habitat":"outside","Genus":"Rattus","Species":"Rattus rattus","Sex":"F","Number_of_Fleas":0,"X__cheopis_Count":0,"X__brasiliensis_Count":0,"S__fonquerniei_Count":0,"C__felis_Count":0,"E__gallinacea_Count":0,"F1_RDT":"neg","Bacteriology":"neg","qPCR":"neg","Serology":"neg","Source":"Ramasindrazana et al. 2025. PLoS Negl Trop Dis 19(11):e0013710 (journal_pntd_0013710_s001.xlsx)","Longitude":48.987755999999997,"Latitude":-15.512176}},{"type":"Feature","id":281,"geometry":{"type":"Point","coordinates":[48.987669000000039,-15.512352999999962]},"properties":{"OBJECTID":281,"ID":"ADZ94","Date":"2022-07-30","Fokontany":"Andranokazo II","Habitat":"outside","Genus":"Rattus","Species":"Rattus rattus","Sex":"M","Number_of_Fleas":0,"X__cheopis_Count":0,"X__brasiliensis_Count":0,"S__fonquerniei_Count":0,"C__felis_Count":0,"E__gallinacea_Count":0,"F1_RDT":"neg","Bacteriology":"neg","qPCR":"neg","Serology":"neg","Source":"Ramasindrazana et al. 2025. PLoS Negl Trop Dis 19(11):e0013710 (journal_pntd_0013710_s001.xlsx)","Longitude":48.987668999999997,"Latitude":-15.512352999999999}},{"type":"Feature","id":282,"geometry":{"type":"Point","coordinates":[48.987431000000072,-15.512763999999947]},"properties":{"OBJECTID":282,"ID":"ADZ95","Date":"2022-07-30","Fokontany":"Andranokazo II","Habitat":"outside","Genus":"Rattus","Species":"Rattus rattus","Sex":"M","Number_of_Fleas":0,"X__cheopis_Count":0,"X__brasiliensis_Count":0,"S__fonquerniei_Count":0,"C__felis_Count":0,"E__gallinacea_Count":0,"F1_RDT":"neg","Bacteriology":"neg","qPCR":"neg","Serology":"neg","Source":"Ramasindrazana et al. 2025. PLoS Negl Trop Dis 19(11):e0013710 (journal_pntd_0013710_s001.xlsx)","Longitude":48.987431000000001,"Latitude":-15.512764000000001}},{"type":"Feature","id":283,"geometry":{"type":"Point","coordinates":[48.987487000000044,-15.512870999999961]},"properties":{"OBJECTID":283,"ID":"ADZ96","Date":"2022-07-30","Fokontany":"Andranokazo II","Habitat":"outside","Genus":"Rattus","Species":"Rattus rattus","Sex":"F","Number_of_Fleas":0,"X__cheopis_Count":0,"X__brasiliensis_Count":0,"S__fonquerniei_Count":0,"C__felis_Count":0,"E__gallinacea_Count":0,"F1_RDT":"neg","Bacteriology":"neg","qPCR":"neg","Serology":"neg","Source":"Ramasindrazana et al. 2025. PLoS Negl Trop Dis 19(11):e0013710 (journal_pntd_0013710_s001.xlsx)","Longitude":48.987487000000002,"Latitude":-15.512871000000001}},{"type":"Feature","id":284,"geometry":{"type":"Point","coordinates":[48.987472000000025,-15.512996999999928]},"properties":{"OBJECTID":284,"ID":"ADZ97","Date":"2022-07-30","Fokontany":"Andranokazo II","Habitat":"outside","Genus":"Rattus","Species":"Rattus rattus","Sex":"F","Number_of_Fleas":0,"X__cheopis_Count":0,"X__brasiliensis_Count":0,"S__fonquerniei_Count":0,"C__felis_Count":0,"E__gallinacea_Count":0,"F1_RDT":"neg","Bacteriology":"neg","qPCR":"neg","Serology":"neg","Source":"Ramasindrazana et al. 2025. PLoS Negl Trop Dis 19(11):e0013710 (journal_pntd_0013710_s001.xlsx)","Longitude":48.987471999999997,"Latitude":-15.512997}},{"type":"Feature","id":285,"geometry":{"type":"Point","coordinates":[48.987497000000076,-15.513794999999959]},"properties":{"OBJECTID":285,"ID":"ADZ98","Date":"2022-07-30","Fokontany":"Andranokazo II","Habitat":"outside","Genus":"Rattus","Species":"Rattus rattus","Sex":"F","Number_of_Fleas":0,"X__cheopis_Count":0,"X__brasiliensis_Count":0,"S__fonquerniei_Count":0,"C__felis_Count":0,"E__gallinacea_Count":0,"F1_RDT":"neg","Bacteriology":"neg","qPCR":"neg","Serology":"neg","Source":"Ramasindrazana et al. 2025. PLoS Negl Trop Dis 19(11):e0013710 (journal_pntd_0013710_s001.xlsx)","Longitude":48.987496999999998,"Latitude":-15.513795}},{"type":"Feature","id":286,"geometry":{"type":"Point","coordinates":[48.987389000000064,-15.513906999999961]},"properties":{"OBJECTID":286,"ID":"ADZ99","Date":"2022-07-30","Fokontany":"Andranokazo II","Habitat":"outside","Genus":"Rattus","Species":"Rattus rattus","Sex":"F","Number_of_Fleas":0,"X__cheopis_Count":0,"X__brasiliensis_Count":0,"S__fonquerniei_Count":0,"C__felis_Count":0,"E__gallinacea_Count":0,"F1_RDT":"neg","Bacteriology":"neg","qPCR":"neg","Serology":"neg","Source":"Ramasindrazana et al. 2025. PLoS Negl Trop Dis 19(11):e0013710 (journal_pntd_0013710_s001.xlsx)","Longitude":48.987389,"Latitude":-15.513907}},{"type":"Feature","id":287,"geometry":{"type":"Point","coordinates":[48.987336000000028,-15.514065999999957]},"properties":{"OBJECTID":287,"ID":"ADZ100","Date":"2022-07-30","Fokontany":"Andranokazo II","Habitat":"outside","Genus":"Rattus","Species":"Rattus rattus","Sex":"F","Number_of_Fleas":0,"X__cheopis_Count":0,"X__brasiliensis_Count":0,"S__fonquerniei_Count":0,"C__felis_Count":0,"E__gallinacea_Count":0,"F1_RDT":"neg","Bacteriology":"neg","qPCR":"neg","Serology":"neg","Source":"Ramasindrazana et al. 2025. PLoS Negl Trop Dis 19(11):e0013710 (journal_pntd_0013710_s001.xlsx)","Longitude":48.987335999999999,"Latitude":-15.514066}},{"type":"Feature","id":288,"geometry":{"type":"Point","coordinates":[48.987285000000043,-15.514041999999961]},"properties":{"OBJECTID":288,"ID":"ADZ101","Date":"2022-07-30","Fokontany":"Andranokazo II","Habitat":"outside","Genus":"Rattus","Species":"Rattus rattus","Sex":"M","Number_of_Fleas":0,"X__cheopis_Count":0,"X__brasiliensis_Count":0,"S__fonquerniei_Count":0,"C__felis_Count":0,"E__gallinacea_Count":0,"F1_RDT":"neg","Bacteriology":"neg","qPCR":"neg","Serology":"neg","Source":"Ramasindrazana et al. 2025. PLoS Negl Trop Dis 19(11):e0013710 (journal_pntd_0013710_s001.xlsx)","Longitude":48.987285,"Latitude":-15.514042}},{"type":"Feature","id":289,"geometry":{"type":"Point","coordinates":[48.987179000000026,-15.514460999999926]},"properties":{"OBJECTID":289,"ID":"ADZ102","Date":"2022-07-30","Fokontany":"Andranokazo II","Habitat":"outside","Genus":"Rattus","Species":"Rattus rattus","Sex":"M","Number_of_Fleas":0,"X__cheopis_Count":0,"X__brasiliensis_Count":0,"S__fonquerniei_Count":0,"C__felis_Count":0,"E__gallinacea_Count":0,"F1_RDT":"neg","Bacteriology":"neg","qPCR":"neg","Serology":"neg","Source":"Ramasindrazana et al. 2025. PLoS Negl Trop Dis 19(11):e0013710 (journal_pntd_0013710_s001.xlsx)","Longitude":48.987178999999998,"Latitude":-15.514461000000001}},{"type":"Feature","id":290,"geometry":{"type":"Point","coordinates":[48.98710200000005,-15.514669999999967]},"properties":{"OBJECTID":290,"ID":"ADZ103","Date":"2022-07-30","Fokontany":"Andranokazo II","Habitat":"outside","Genus":"Rattus","Species":"Rattus rattus","Sex":"M","Number_of_Fleas":0,"X__cheopis_Count":0,"X__brasiliensis_Count":0,"S__fonquerniei_Count":0,"C__felis_Count":0,"E__gallinacea_Count":0,"F1_RDT":"neg","Bacteriology":"neg","qPCR":"neg","Serology":"neg","Source":"Ramasindrazana et al. 2025. PLoS Negl Trop Dis 19(11):e0013710 (journal_pntd_0013710_s001.xlsx)","Longitude":48.987102,"Latitude":-15.514670000000001}},{"type":"Feature","id":291,"geometry":{"type":"Point","coordinates":[48.987120000000061,-15.514708999999982]},"properties":{"OBJECTID":291,"ID":"ADZ104","Date":"2022-07-30","Fokontany":"Andranokazo II","Habitat":"outside","Genus":"Rattus","Species":"Rattus rattus","Sex":"M","Number_of_Fleas":0,"X__cheopis_Count":0,"X__brasiliensis_Count":0,"S__fonquerniei_Count":0,"C__felis_Count":0,"E__gallinacea_Count":0,"F1_RDT":"neg","Bacteriology":"neg","qPCR":"neg","Serology":"neg","Source":"Ramasindrazana et al. 2025. PLoS Negl Trop Dis 19(11):e0013710 (journal_pntd_0013710_s001.xlsx)","Longitude":48.987119999999997,"Latitude":-15.514709}},{"type":"Feature","id":292,"geometry":{"type":"Point","coordinates":[48.98710200000005,-15.514773999999932]},"properties":{"OBJECTID":292,"ID":"ADZ105","Date":"2022-07-30","Fokontany":"Andranokazo II","Habitat":"outside","Genus":"Rattus","Species":"Rattus rattus","Sex":"M","Number_of_Fleas":0,"X__cheopis_Count":0,"X__brasiliensis_Count":0,"S__fonquerniei_Count":0,"C__felis_Count":0,"E__gallinacea_Count":0,"F1_RDT":"neg","Bacteriology":"neg","qPCR":"neg","Serology":"neg","Source":"Ramasindrazana et al. 2025. PLoS Negl Trop Dis 19(11):e0013710 (journal_pntd_0013710_s001.xlsx)","Longitude":48.987102,"Latitude":-15.514773999999999}},{"type":"Feature","id":293,"geometry":{"type":"Point","coordinates":[48.986849000000063,-15.515011999999956]},"properties":{"OBJECTID":293,"ID":"ADZ106","Date":"2022-07-30","Fokontany":"Andranokazo II","Habitat":"outside","Genus":"Rattus","Species":"Rattus rattus","Sex":"M","Number_of_Fleas":0,"X__cheopis_Count":0,"X__brasiliensis_Count":0,"S__fonquerniei_Count":0,"C__felis_Count":0,"E__gallinacea_Count":0,"F1_RDT":"neg","Bacteriology":"neg","qPCR":"neg","Serology":"neg","Source":"Ramasindrazana et al. 2025. PLoS Negl Trop Dis 19(11):e0013710 (journal_pntd_0013710_s001.xlsx)","Longitude":48.986848999999999,"Latitude":-15.515012}},{"type":"Feature","id":294,"geometry":{"type":"Point","coordinates":[48.986890000000074,-15.515049999999974]},"properties":{"OBJECTID":294,"ID":"ADZ107","Date":"2022-07-30","Fokontany":"Andranokazo II","Habitat":"outside","Genus":"Rattus","Species":"Rattus rattus","Sex":"M","Number_of_Fleas":0,"X__cheopis_Count":0,"X__brasiliensis_Count":0,"S__fonquerniei_Count":0,"C__felis_Count":0,"E__gallinacea_Count":0,"F1_RDT":"neg","Bacteriology":"neg","qPCR":"neg","Serology":"neg","Source":"Ramasindrazana et al. 2025. PLoS Negl Trop Dis 19(11):e0013710 (journal_pntd_0013710_s001.xlsx)","Longitude":48.986890000000002,"Latitude":-15.51505}},{"type":"Feature","id":295,"geometry":{"type":"Point","coordinates":[48.986961000000065,-15.515168999999958]},"properties":{"OBJECTID":295,"ID":"ADZ108","Date":"2022-07-30","Fokontany":"Andranokazo II","Habitat":"outside","Genus":"Rattus","Species":"Rattus rattus","Sex":"F","Number_of_Fleas":0,"X__cheopis_Count":0,"X__brasiliensis_Count":0,"S__fonquerniei_Count":0,"C__felis_Count":0,"E__gallinacea_Count":0,"F1_RDT":"neg","Bacteriology":"neg","qPCR":"neg","Serology":"neg","Source":"Ramasindrazana et al. 2025. PLoS Negl Trop Dis 19(11):e0013710 (journal_pntd_0013710_s001.xlsx)","Longitude":48.986961000000001,"Latitude":-15.515169}},{"type":"Feature","id":296,"geometry":{"type":"Point","coordinates":[48.987911000000054,-15.51127299999996]},"properties":{"OBJECTID":296,"ID":"ADZ109","Date":"2022-07-31","Fokontany":"Andranokazo II","Habitat":"outside","Genus":"Rattus","Species":"Rattus rattus","Sex":"M","Number_of_Fleas":0,"X__cheopis_Count":0,"X__brasiliensis_Count":0,"S__fonquerniei_Count":0,"C__felis_Count":0,"E__gallinacea_Count":0,"F1_RDT":"neg","Bacteriology":"neg","qPCR":"neg","Serology":"neg","Source":"Ramasindrazana et al. 2025. PLoS Negl Trop Dis 19(11):e0013710 (journal_pntd_0013710_s001.xlsx)","Longitude":48.987910999999997,"Latitude":-15.511272999999999}},{"type":"Feature","id":297,"geometry":{"type":"Point","coordinates":[48.987900000000081,-15.511642999999935]},"properties":{"OBJECTID":297,"ID":"ADZ110","Date":"2022-07-31","Fokontany":"Andranokazo II","Habitat":"outside","Genus":"Rattus","Species":"Rattus rattus","Sex":"F","Number_of_Fleas":0,"X__cheopis_Count":0,"X__brasiliensis_Count":0,"S__fonquerniei_Count":0,"C__felis_Count":0,"E__gallinacea_Count":0,"F1_RDT":"neg","Bacteriology":"neg","qPCR":"neg","Serology":"neg","Source":"Ramasindrazana et al. 2025. PLoS Negl Trop Dis 19(11):e0013710 (journal_pntd_0013710_s001.xlsx)","Longitude":48.987900000000003,"Latitude":-15.511642999999999}},{"type":"Feature","id":298,"geometry":{"type":"Point","coordinates":[48.98793500000005,-15.511756999999932]},"properties":{"OBJECTID":298,"ID":"ADZ111","Date":"2022-07-31","Fokontany":"Andranokazo II","Habitat":"outside","Genus":"Rattus","Species":"Rattus rattus","Sex":"M","Number_of_Fleas":0,"X__cheopis_Count":0,"X__brasiliensis_Count":0,"S__fonquerniei_Count":0,"C__felis_Count":0,"E__gallinacea_Count":0,"F1_RDT":"neg","Bacteriology":"neg","qPCR":"neg","Serology":"neg","Source":"Ramasindrazana et al. 2025. PLoS Negl Trop Dis 19(11):e0013710 (journal_pntd_0013710_s001.xlsx)","Longitude":48.987935,"Latitude":-15.511756999999999}},{"type":"Feature","id":299,"geometry":{"type":"Point","coordinates":[48.987669000000039,-15.512352999999962]},"properties":{"OBJECTID":299,"ID":"ADZ112","Date":"2022-07-31","Fokontany":"Andranokazo II","Habitat":"outside","Genus":"Rattus","Species":"Rattus rattus","Sex":"F","Number_of_Fleas":0,"X__cheopis_Count":0,"X__brasiliensis_Count":0,"S__fonquerniei_Count":0,"C__felis_Count":0,"E__gallinacea_Count":0,"F1_RDT":"neg","Bacteriology":"neg","qPCR":"neg","Serology":"neg","Source":"Ramasindrazana et al. 2025. PLoS Negl Trop Dis 19(11):e0013710 (journal_pntd_0013710_s001.xlsx)","Longitude":48.987668999999997,"Latitude":-15.512352999999999}},{"type":"Feature","id":300,"geometry":{"type":"Point","coordinates":[48.987600000000043,-15.512571999999977]},"properties":{"OBJECTID":300,"ID":"ADZ113","Date":"2022-07-31","Fokontany":"Andranokazo II","Habitat":"outside","Genus":"Rattus","Species":"Rattus rattus","Sex":"F","Number_of_Fleas":0,"X__cheopis_Count":0,"X__brasiliensis_Count":0,"S__fonquerniei_Count":0,"C__felis_Count":0,"E__gallinacea_Count":0,"F1_RDT":"neg","Bacteriology":"neg","qPCR":"neg","Serology":"neg","Source":"Ramasindrazana et al. 2025. PLoS Negl Trop Dis 19(11):e0013710 (journal_pntd_0013710_s001.xlsx)","Longitude":48.9876,"Latitude":-15.512572}},{"type":"Feature","id":301,"geometry":{"type":"Point","coordinates":[48.987643000000048,-15.512720999999942]},"properties":{"OBJECTID":301,"ID":"ADZ114","Date":"2022-07-31","Fokontany":"Andranokazo II","Habitat":"outside","Genus":"Rattus","Species":"Rattus rattus","Sex":"F","Number_of_Fleas":0,"X__cheopis_Count":0,"X__brasiliensis_Count":0,"S__fonquerniei_Count":0,"C__felis_Count":0,"E__gallinacea_Count":0,"F1_RDT":"neg","Bacteriology":"neg","qPCR":"neg","Serology":"neg","Source":"Ramasindrazana et al. 2025. PLoS Negl Trop Dis 19(11):e0013710 (journal_pntd_0013710_s001.xlsx)","Longitude":48.987642999999998,"Latitude":-15.512721000000001}},{"type":"Feature","id":302,"geometry":{"type":"Point","coordinates":[48.987487000000044,-15.512870999999961]},"properties":{"OBJECTID":302,"ID":"ADZ115","Date":"2022-07-31","Fokontany":"Andranokazo II","Habitat":"outside","Genus":"Rattus","Species":"Rattus rattus","Sex":"M","Number_of_Fleas":0,"X__cheopis_Count":0,"X__brasiliensis_Count":0,"S__fonquerniei_Count":0,"C__felis_Count":0,"E__gallinacea_Count":0,"F1_RDT":"neg","Bacteriology":"neg","qPCR":"neg","Serology":"neg","Source":"Ramasindrazana et al. 2025. PLoS Negl Trop Dis 19(11):e0013710 (journal_pntd_0013710_s001.xlsx)","Longitude":48.987487000000002,"Latitude":-15.512871000000001}},{"type":"Feature","id":303,"geometry":{"type":"Point","coordinates":[48.987463000000048,-15.512941999999953]},"properties":{"OBJECTID":303,"ID":"ADZ116","Date":"2022-07-31","Fokontany":"Andranokazo II","Habitat":"outside","Genus":"Rattus","Species":"Rattus rattus","Sex":"F","Number_of_Fleas":0,"X__cheopis_Count":0,"X__brasiliensis_Count":0,"S__fonquerniei_Count":0,"C__felis_Count":0,"E__gallinacea_Count":0,"F1_RDT":"neg","Bacteriology":"neg","qPCR":"neg","Serology":"neg","Source":"Ramasindrazana et al. 2025. PLoS Negl Trop Dis 19(11):e0013710 (journal_pntd_0013710_s001.xlsx)","Longitude":48.987462999999998,"Latitude":-15.512942000000001}},{"type":"Feature","id":304,"geometry":{"type":"Point","coordinates":[48.987476000000072,-15.51307799999995]},"properties":{"OBJECTID":304,"ID":"ADZ117","Date":"2022-07-31","Fokontany":"Andranokazo II","Habitat":"outside","Genus":"Rattus","Species":"Rattus rattus","Sex":"M","Number_of_Fleas":0,"X__cheopis_Count":0,"X__brasiliensis_Count":0,"S__fonquerniei_Count":0,"C__felis_Count":0,"E__gallinacea_Count":0,"F1_RDT":"neg","Bacteriology":"neg","qPCR":"neg","Serology":"neg","Source":"Ramasindrazana et al. 2025. PLoS Negl Trop Dis 19(11):e0013710 (journal_pntd_0013710_s001.xlsx)","Longitude":48.987476000000001,"Latitude":-15.513078}},{"type":"Feature","id":305,"geometry":{"type":"Point","coordinates":[48.987476000000072,-15.51307799999995]},"properties":{"OBJECTID":305,"ID":"ADZ118","Date":"2022-07-31","Fokontany":"Andranokazo II","Habitat":"outside","Genus":"Rattus","Species":"Rattus rattus","Sex":"M","Number_of_Fleas":0,"X__cheopis_Count":0,"X__brasiliensis_Count":0,"S__fonquerniei_Count":0,"C__felis_Count":0,"E__gallinacea_Count":0,"F1_RDT":"neg","Bacteriology":"neg","qPCR":"neg","Serology":"neg","Source":"Ramasindrazana et al. 2025. PLoS Negl Trop Dis 19(11):e0013710 (journal_pntd_0013710_s001.xlsx)","Longitude":48.987476000000001,"Latitude":-15.513078}},{"type":"Feature","id":306,"geometry":{"type":"Point","coordinates":[48.987497000000076,-15.513794999999959]},"properties":{"OBJECTID":306,"ID":"ADZ119","Date":"2022-07-31","Fokontany":"Andranokazo II","Habitat":"outside","Genus":"Rattus","Species":"Rattus rattus","Sex":"M","Number_of_Fleas":0,"X__cheopis_Count":0,"X__brasiliensis_Count":0,"S__fonquerniei_Count":0,"C__felis_Count":0,"E__gallinacea_Count":0,"F1_RDT":"neg","Bacteriology":"neg","qPCR":"neg","Serology":"neg","Source":"Ramasindrazana et al. 2025. PLoS Negl Trop Dis 19(11):e0013710 (journal_pntd_0013710_s001.xlsx)","Longitude":48.987496999999998,"Latitude":-15.513795}},{"type":"Feature","id":307,"geometry":{"type":"Point","coordinates":[48.987077000000056,-15.514619999999979]},"properties":{"OBJECTID":307,"ID":"ADZ120","Date":"2022-07-31","Fokontany":"Andranokazo II","Habitat":"outside","Genus":"Rattus","Species":"Rattus rattus","Sex":"F","Number_of_Fleas":0,"X__cheopis_Count":0,"X__brasiliensis_Count":0,"S__fonquerniei_Count":0,"C__felis_Count":0,"E__gallinacea_Count":0,"F1_RDT":"neg","Bacteriology":"neg","qPCR":"neg","Serology":"neg","Source":"Ramasindrazana et al. 2025. PLoS Negl Trop Dis 19(11):e0013710 (journal_pntd_0013710_s001.xlsx)","Longitude":48.987076999999999,"Latitude":-15.514620000000001}},{"type":"Feature","id":308,"geometry":{"type":"Point","coordinates":[48.987120000000061,-15.514708999999982]},"properties":{"OBJECTID":308,"ID":"ADZ121","Date":"2022-07-31","Fokontany":"Andranokazo II","Habitat":"outside","Genus":"Rattus","Species":"Rattus rattus","Sex":"F","Number_of_Fleas":0,"X__cheopis_Count":0,"X__brasiliensis_Count":0,"S__fonquerniei_Count":0,"C__felis_Count":0,"E__gallinacea_Count":0,"F1_RDT":"neg","Bacteriology":"neg","qPCR":"neg","Serology":"neg","Source":"Ramasindrazana et al. 2025. PLoS Negl Trop Dis 19(11):e0013710 (journal_pntd_0013710_s001.xlsx)","Longitude":48.987119999999997,"Latitude":-15.514709}},{"type":"Feature","id":309,"geometry":{"type":"Point","coordinates":[48.987911000000054,-15.51127299999996]},"properties":{"OBJECTID":309,"ID":"ADZ122","Date":"2022-08-01","Fokontany":"Andranokazo II","Habitat":"outside","Genus":"Rattus","Species":"Rattus rattus","Sex":"F","Number_of_Fleas":0,"X__cheopis_Count":0,"X__brasiliensis_Count":0,"S__fonquerniei_Count":0,"C__felis_Count":0,"E__gallinacea_Count":0,"F1_RDT":"neg","Bacteriology":"neg","qPCR":"neg","Serology":"neg","Source":"Ramasindrazana et al. 2025. PLoS Negl Trop Dis 19(11):e0013710 (journal_pntd_0013710_s001.xlsx)","Longitude":48.987910999999997,"Latitude":-15.511272999999999}},{"type":"Feature","id":310,"geometry":{"type":"Point","coordinates":[48.987883000000068,-15.511388999999951]},"properties":{"OBJECTID":310,"ID":"ADZ123","Date":"2022-08-01","Fokontany":"Andranokazo II","Habitat":"outside","Genus":"Rattus","Species":"Rattus rattus","Sex":"M","Number_of_Fleas":0,"X__cheopis_Count":0,"X__brasiliensis_Count":0,"S__fonquerniei_Count":0,"C__felis_Count":0,"E__gallinacea_Count":0,"F1_RDT":"neg","Bacteriology":"neg","qPCR":"neg","Serology":"neg","Source":"Ramasindrazana et al. 2025. PLoS Negl Trop Dis 19(11):e0013710 (journal_pntd_0013710_s001.xlsx)","Longitude":48.987882999999997,"Latitude":-15.511388999999999}},{"type":"Feature","id":311,"geometry":{"type":"Point","coordinates":[48.987839000000065,-15.511462999999935]},"properties":{"OBJECTID":311,"ID":"ADZ124","Date":"2022-08-01","Fokontany":"Andranokazo II","Habitat":"outside","Genus":"Rattus","Species":"Rattus rattus","Sex":"F","Number_of_Fleas":0,"X__cheopis_Count":0,"X__brasiliensis_Count":0,"S__fonquerniei_Count":0,"C__felis_Count":0,"E__gallinacea_Count":0,"F1_RDT":"neg","Bacteriology":"neg","qPCR":"neg","Serology":"neg","Source":"Ramasindrazana et al. 2025. PLoS Negl Trop Dis 19(11):e0013710 (journal_pntd_0013710_s001.xlsx)","Longitude":48.987839000000001,"Latitude":-15.511462999999999}},{"type":"Feature","id":312,"geometry":{"type":"Point","coordinates":[48.987745000000075,-15.512283999999966]},"properties":{"OBJECTID":312,"ID":"ADZ125","Date":"2022-08-01","Fokontany":"Andranokazo II","Habitat":"outside","Genus":"Rattus","Species":"Rattus rattus","Sex":"M","Number_of_Fleas":0,"X__cheopis_Count":0,"X__brasiliensis_Count":0,"S__fonquerniei_Count":0,"C__felis_Count":0,"E__gallinacea_Count":0,"F1_RDT":"neg","Bacteriology":"neg","qPCR":"neg","Serology":"neg","Source":"Ramasindrazana et al. 2025. PLoS Negl Trop Dis 19(11):e0013710 (journal_pntd_0013710_s001.xlsx)","Longitude":48.987744999999997,"Latitude":-15.512283999999999}},{"type":"Feature","id":313,"geometry":{"type":"Point","coordinates":[48.987463000000048,-15.512941999999953]},"properties":{"OBJECTID":313,"ID":"ADZ126","Date":"2022-08-01","Fokontany":"Andranokazo II","Habitat":"outside","Genus":"Rattus","Species":"Rattus rattus","Sex":"F","Number_of_Fleas":0,"X__cheopis_Count":0,"X__brasiliensis_Count":0,"S__fonquerniei_Count":0,"C__felis_Count":0,"E__gallinacea_Count":0,"F1_RDT":"neg","Bacteriology":"neg","qPCR":"neg","Serology":"neg","Source":"Ramasindrazana et al. 2025. PLoS Negl Trop Dis 19(11):e0013710 (journal_pntd_0013710_s001.xlsx)","Longitude":48.987462999999998,"Latitude":-15.512942000000001}},{"type":"Feature","id":314,"geometry":{"type":"Point","coordinates":[48.987472000000025,-15.512996999999928]},"properties":{"OBJECTID":314,"ID":"ADZ127","Date":"2022-08-01","Fokontany":"Andranokazo II","Habitat":"outside","Genus":"Rattus","Species":"Rattus rattus","Sex":"M","Number_of_Fleas":0,"X__cheopis_Count":0,"X__brasiliensis_Count":0,"S__fonquerniei_Count":0,"C__felis_Count":0,"E__gallinacea_Count":0,"F1_RDT":"neg","Bacteriology":"neg","qPCR":"neg","Serology":"neg","Source":"Ramasindrazana et al. 2025. PLoS Negl Trop Dis 19(11):e0013710 (journal_pntd_0013710_s001.xlsx)","Longitude":48.987471999999997,"Latitude":-15.512997}},{"type":"Feature","id":315,"geometry":{"type":"Point","coordinates":[48.987508000000048,-15.513146999999947]},"properties":{"OBJECTID":315,"ID":"ADZ128","Date":"2022-08-01","Fokontany":"Andranokazo II","Habitat":"outside","Genus":"Rattus","Species":"Rattus rattus","Sex":"M","Number_of_Fleas":0,"X__cheopis_Count":0,"X__brasiliensis_Count":0,"S__fonquerniei_Count":0,"C__felis_Count":0,"E__gallinacea_Count":0,"F1_RDT":"neg","Bacteriology":"neg","qPCR":"neg","Serology":"neg","Source":"Ramasindrazana et al. 2025. PLoS Negl Trop Dis 19(11):e0013710 (journal_pntd_0013710_s001.xlsx)","Longitude":48.987507999999998,"Latitude":-15.513147}},{"type":"Feature","id":316,"geometry":{"type":"Point","coordinates":[48.987477000000069,-15.513269999999977]},"properties":{"OBJECTID":316,"ID":"ADZ129","Date":"2022-08-01","Fokontany":"Andranokazo II","Habitat":"outside","Genus":"Rattus","Species":"Rattus rattus","Sex":"F","Number_of_Fleas":0,"X__cheopis_Count":0,"X__brasiliensis_Count":0,"S__fonquerniei_Count":0,"C__felis_Count":0,"E__gallinacea_Count":0,"F1_RDT":"neg","Bacteriology":"neg","qPCR":"neg","Serology":"neg","Source":"Ramasindrazana et al. 2025. PLoS Negl Trop Dis 19(11):e0013710 (journal_pntd_0013710_s001.xlsx)","Longitude":48.987476999999998,"Latitude":-15.51327}},{"type":"Feature","id":317,"geometry":{"type":"Point","coordinates":[48.987603000000036,-15.513626999999929]},"properties":{"OBJECTID":317,"ID":"ADZ130","Date":"2022-08-01","Fokontany":"Andranokazo II","Habitat":"outside","Genus":"Rattus","Species":"Rattus rattus","Sex":"F","Number_of_Fleas":0,"X__cheopis_Count":0,"X__brasiliensis_Count":0,"S__fonquerniei_Count":0,"C__felis_Count":0,"E__gallinacea_Count":0,"F1_RDT":"neg","Bacteriology":"neg","qPCR":"neg","Serology":"neg","Source":"Ramasindrazana et al. 2025. PLoS Negl Trop Dis 19(11):e0013710 (journal_pntd_0013710_s001.xlsx)","Longitude":48.987603,"Latitude":-15.513627}},{"type":"Feature","id":318,"geometry":{"type":"Point","coordinates":[48.987594000000058,-15.513759999999934]},"properties":{"OBJECTID":318,"ID":"ADZ131","Date":"2022-08-01","Fokontany":"Andranokazo II","Habitat":"outside","Genus":"Rattus","Species":"Rattus rattus","Sex":"F","Number_of_Fleas":0,"X__cheopis_Count":0,"X__brasiliensis_Count":0,"S__fonquerniei_Count":0,"C__felis_Count":0,"E__gallinacea_Count":0,"F1_RDT":"neg","Bacteriology":"neg","qPCR":"neg","Serology":"neg","Source":"Ramasindrazana et al. 2025. PLoS Negl Trop Dis 19(11):e0013710 (journal_pntd_0013710_s001.xlsx)","Longitude":48.987594000000001,"Latitude":-15.51376}},{"type":"Feature","id":319,"geometry":{"type":"Point","coordinates":[48.987077000000056,-15.514619999999979]},"properties":{"OBJECTID":319,"ID":"ADZ132","Date":"2022-08-01","Fokontany":"Andranokazo II","Habitat":"outside","Genus":"Rattus","Species":"Rattus rattus","Sex":"F","Number_of_Fleas":0,"X__cheopis_Count":0,"X__brasiliensis_Count":0,"S__fonquerniei_Count":0,"C__felis_Count":0,"E__gallinacea_Count":0,"F1_RDT":"neg","Bacteriology":"neg","qPCR":"neg","Serology":"neg","Source":"Ramasindrazana et al. 2025. PLoS Negl Trop Dis 19(11):e0013710 (journal_pntd_0013710_s001.xlsx)","Longitude":48.987076999999999,"Latitude":-15.514620000000001}},{"type":"Feature","id":320,"geometry":{"type":"Point","coordinates":[48.987120000000061,-15.514708999999982]},"properties":{"OBJECTID":320,"ID":"ADZ133","Date":"2022-08-01","Fokontany":"Andranokazo II","Habitat":"outside","Genus":"Rattus","Species":"Rattus rattus","Sex":"M","Number_of_Fleas":0,"X__cheopis_Count":0,"X__brasiliensis_Count":0,"S__fonquerniei_Count":0,"C__felis_Count":0,"E__gallinacea_Count":0,"F1_RDT":"neg","Bacteriology":"neg","qPCR":"neg","Serology":"neg","Source":"Ramasindrazana et al. 2025. PLoS Negl Trop Dis 19(11):e0013710 (journal_pntd_0013710_s001.xlsx)","Longitude":48.987119999999997,"Latitude":-15.514709}},{"type":"Feature","id":321,"geometry":{"type":"Point","coordinates":[48.986892000000068,-15.514907999999934]},"properties":{"OBJECTID":321,"ID":"ADZ134","Date":"2022-08-01","Fokontany":"Andranokazo II","Habitat":"outside","Genus":"Rattus","Species":"Rattus rattus","Sex":"M","Number_of_Fleas":0,"X__cheopis_Count":0,"X__brasiliensis_Count":0,"S__fonquerniei_Count":0,"C__felis_Count":0,"E__gallinacea_Count":0,"F1_RDT":"neg","Bacteriology":"neg","qPCR":"neg","Serology":"neg","Source":"Ramasindrazana et al. 2025. PLoS Negl Trop Dis 19(11):e0013710 (journal_pntd_0013710_s001.xlsx)","Longitude":48.986891999999997,"Latitude":-15.514908}},{"type":"Feature","id":322,"geometry":{"type":"Point","coordinates":[48.987957000000051,-15.511038999999982]},"properties":{"OBJECTID":322,"ID":"ADZ135","Date":"2022-08-02","Fokontany":"Andranokazo II","Habitat":"outside","Genus":"Rattus","Species":"Rattus rattus","Sex":"F","Number_of_Fleas":0,"X__cheopis_Count":0,"X__brasiliensis_Count":0,"S__fonquerniei_Count":0,"C__felis_Count":0,"E__gallinacea_Count":0,"F1_RDT":"neg","Bacteriology":"neg","qPCR":"neg","Serology":"neg","Source":"Ramasindrazana et al. 2025. PLoS Negl Trop Dis 19(11):e0013710 (journal_pntd_0013710_s001.xlsx)","Longitude":48.987957000000002,"Latitude":-15.511039}},{"type":"Feature","id":323,"geometry":{"type":"Point","coordinates":[48.987911000000054,-15.51127299999996]},"properties":{"OBJECTID":323,"ID":"ADZ136","Date":"2022-08-02","Fokontany":"Andranokazo II","Habitat":"outside","Genus":"Rattus","Species":"Rattus rattus","Sex":"F","Number_of_Fleas":0,"X__cheopis_Count":0,"X__brasiliensis_Count":0,"S__fonquerniei_Count":0,"C__felis_Count":0,"E__gallinacea_Count":0,"F1_RDT":"neg","Bacteriology":"neg","qPCR":"neg","Serology":"neg","Source":"Ramasindrazana et al. 2025. PLoS Negl Trop Dis 19(11):e0013710 (journal_pntd_0013710_s001.xlsx)","Longitude":48.987910999999997,"Latitude":-15.511272999999999}},{"type":"Feature","id":324,"geometry":{"type":"Point","coordinates":[48.987900000000081,-15.511642999999935]},"properties":{"OBJECTID":324,"ID":"ADZ137","Date":"2022-08-02","Fokontany":"Andranokazo II","Habitat":"outside","Genus":"Rattus","Species":"Rattus rattus","Sex":"M","Number_of_Fleas":0,"X__cheopis_Count":0,"X__brasiliensis_Count":0,"S__fonquerniei_Count":0,"C__felis_Count":0,"E__gallinacea_Count":0,"F1_RDT":"neg","Bacteriology":"neg","qPCR":"neg","Serology":"neg","Source":"Ramasindrazana et al. 2025. PLoS Negl Trop Dis 19(11):e0013710 (journal_pntd_0013710_s001.xlsx)","Longitude":48.987900000000003,"Latitude":-15.511642999999999}},{"type":"Feature","id":325,"geometry":{"type":"Point","coordinates":[48.987781000000041,-15.512089999999944]},"properties":{"OBJECTID":325,"ID":"ADZ138","Date":"2022-08-02","Fokontany":"Andranokazo II","Habitat":"outside","Genus":"Rattus","Species":"Rattus rattus","Sex":"M","Number_of_Fleas":0,"X__cheopis_Count":0,"X__brasiliensis_Count":0,"S__fonquerniei_Count":0,"C__felis_Count":0,"E__gallinacea_Count":0,"F1_RDT":"neg","Bacteriology":"neg","qPCR":"neg","Serology":"neg","Source":"Ramasindrazana et al. 2025. PLoS Negl Trop Dis 19(11):e0013710 (journal_pntd_0013710_s001.xlsx)","Longitude":48.987780999999998,"Latitude":-15.512090000000001}},{"type":"Feature","id":326,"geometry":{"type":"Point","coordinates":[48.987745000000075,-15.512283999999966]},"properties":{"OBJECTID":326,"ID":"ADZ139","Date":"2022-08-02","Fokontany":"Andranokazo II","Habitat":"outside","Genus":"Rattus","Species":"Rattus rattus","Sex":"M","Number_of_Fleas":0,"X__cheopis_Count":0,"X__brasiliensis_Count":0,"S__fonquerniei_Count":0,"C__felis_Count":0,"E__gallinacea_Count":0,"F1_RDT":"neg","Bacteriology":"neg","qPCR":"neg","Serology":"neg","Source":"Ramasindrazana et al. 2025. PLoS Negl Trop Dis 19(11):e0013710 (journal_pntd_0013710_s001.xlsx)","Longitude":48.987744999999997,"Latitude":-15.512283999999999}},{"type":"Feature","id":327,"geometry":{"type":"Point","coordinates":[48.987472000000025,-15.512996999999928]},"properties":{"OBJECTID":327,"ID":"ADZ140","Date":"2022-08-02","Fokontany":"Andranokazo II","Habitat":"outside","Genus":"Rattus","Species":"Rattus rattus","Sex":"F","Number_of_Fleas":0,"X__cheopis_Count":0,"X__brasiliensis_Count":0,"S__fonquerniei_Count":0,"C__felis_Count":0,"E__gallinacea_Count":0,"F1_RDT":"neg","Bacteriology":"neg","qPCR":"neg","Serology":"neg","Source":"Ramasindrazana et al. 2025. PLoS Negl Trop Dis 19(11):e0013710 (journal_pntd_0013710_s001.xlsx)","Longitude":48.987471999999997,"Latitude":-15.512997}},{"type":"Feature","id":328,"geometry":{"type":"Point","coordinates":[48.98723700000005,-15.514399999999966]},"properties":{"OBJECTID":328,"ID":"ADZ141","Date":"2022-08-02","Fokontany":"Andranokazo II","Habitat":"outside","Genus":"Rattus","Species":"Rattus rattus","Sex":"F","Number_of_Fleas":0,"X__cheopis_Count":0,"X__brasiliensis_Count":0,"S__fonquerniei_Count":0,"C__felis_Count":0,"E__gallinacea_Count":0,"F1_RDT":"neg","Bacteriology":"neg","qPCR":"neg","Serology":"neg","Source":"Ramasindrazana et al. 2025. PLoS Negl Trop Dis 19(11):e0013710 (journal_pntd_0013710_s001.xlsx)","Longitude":48.987237,"Latitude":-15.5144}},{"type":"Feature","id":329,"geometry":{"type":"Point","coordinates":[48.986968000000047,-15.514850999999965]},"properties":{"OBJECTID":329,"ID":"ADZ142","Date":"2022-08-02","Fokontany":"Andranokazo II","Habitat":"outside","Genus":"Rattus","Species":"Rattus rattus","Sex":"M","Number_of_Fleas":0,"X__cheopis_Count":0,"X__brasiliensis_Count":0,"S__fonquerniei_Count":0,"C__felis_Count":0,"E__gallinacea_Count":0,"F1_RDT":"neg","Bacteriology":"neg","qPCR":"neg","Serology":"neg","Source":"Ramasindrazana et al. 2025. PLoS Negl Trop Dis 19(11):e0013710 (journal_pntd_0013710_s001.xlsx)","Longitude":48.986967999999997,"Latitude":-15.514851}},{"type":"Feature","id":330,"geometry":{"type":"Point","coordinates":[48.986849000000063,-15.515011999999956]},"properties":{"OBJECTID":330,"ID":"ADZ143","Date":"2022-08-02","Fokontany":"Andranokazo II","Habitat":"outside","Genus":"Rattus","Species":"Rattus rattus","Sex":"F","Number_of_Fleas":0,"X__cheopis_Count":0,"X__brasiliensis_Count":0,"S__fonquerniei_Count":0,"C__felis_Count":0,"E__gallinacea_Count":0,"F1_RDT":"neg","Bacteriology":"neg","qPCR":"neg","Serology":"neg","Source":"Ramasindrazana et al. 2025. PLoS Negl Trop Dis 19(11):e0013710 (journal_pntd_0013710_s001.xlsx)","Longitude":48.986848999999999,"Latitude":-15.515012}},{"type":"Feature","id":331,"geometry":{"type":"Point","coordinates":[48.986890000000074,-15.515049999999974]},"properties":{"OBJECTID":331,"ID":"ADZ144","Date":"2022-08-02","Fokontany":"Andranokazo II","Habitat":"outside","Genus":"Rattus","Species":"Rattus rattus","Sex":"M","Number_of_Fleas":0,"X__cheopis_Count":0,"X__brasiliensis_Count":0,"S__fonquerniei_Count":0,"C__felis_Count":0,"E__gallinacea_Count":0,"F1_RDT":"neg","Bacteriology":"neg","qPCR":"neg","Serology":"neg","Source":"Ramasindrazana et al. 2025. PLoS Negl Trop Dis 19(11):e0013710 (journal_pntd_0013710_s001.xlsx)","Longitude":48.986890000000002,"Latitude":-15.51505}},{"type":"Feature","id":332,"geometry":{"type":"Point","coordinates":[48.968870000000038,-15.377530999999976]},"properties":{"OBJECTID":332,"ID":"ADB1","Date":"2022-07-25","Fokontany":"Andilambe","Habitat":"House","Genus":"Rattus","Species":"Rattus rattus","Sex":"M","Number_of_Fleas":5,"X__cheopis_Count":0,"X__brasiliensis_Count":5,"S__fonquerniei_Count":0,"C__felis_Count":0,"E__gallinacea_Count":0,"F1_RDT":"neg","Bacteriology":"neg","qPCR":"neg","Serology":"neg","Source":"Ramasindrazana et al. 2025. PLoS Negl Trop Dis 19(11):e0013710 (journal_pntd_0013710_s001.xlsx)","Longitude":48.968870000000003,"Latitude":-15.377530999999999}},{"type":"Feature","id":333,"geometry":{"type":"Point","coordinates":[48.968870000000038,-15.377530999999976]},"properties":{"OBJECTID":333,"ID":"ADB2","Date":"2022-07-25","Fokontany":"Andilambe","Habitat":"House","Genus":"Rattus","Species":"Rattus rattus","Sex":"M","Number_of_Fleas":13,"X__cheopis_Count":0,"X__brasiliensis_Count":8,"S__fonquerniei_Count":0,"C__felis_Count":0,"E__gallinacea_Count":0,"F1_RDT":"neg","Bacteriology":"neg","qPCR":"neg","Serology":"neg","Source":"Ramasindrazana et al. 2025. PLoS Negl Trop Dis 19(11):e0013710 (journal_pntd_0013710_s001.xlsx)","Longitude":48.968870000000003,"Latitude":-15.377530999999999}},{"type":"Feature","id":334,"geometry":{"type":"Point","coordinates":[48.968870000000038,-15.377530999999976]},"properties":{"OBJECTID":334,"ID":"ADB3","Date":"2022-07-25","Fokontany":"Andilambe","Habitat":"House","Genus":"Rattus","Species":"Rattus rattus","Sex":"M","Number_of_Fleas":18,"X__cheopis_Count":0,"X__brasiliensis_Count":13,"S__fonquerniei_Count":0,"C__felis_Count":0,"E__gallinacea_Count":0,"F1_RDT":"neg","Bacteriology":"neg","qPCR":"neg","Serology":"neg","Source":"Ramasindrazana et al. 2025. PLoS Negl Trop Dis 19(11):e0013710 (journal_pntd_0013710_s001.xlsx)","Longitude":48.968870000000003,"Latitude":-15.377530999999999}},{"type":"Feature","id":335,"geometry":{"type":"Point","coordinates":[48.968870000000038,-15.377530999999976]},"properties":{"OBJECTID":335,"ID":"ADB4","Date":"2022-07-25","Fokontany":"Andilambe","Habitat":"House","Genus":"Rattus","Species":"Rattus rattus","Sex":"M","Number_of_Fleas":4,"X__cheopis_Count":4,"X__brasiliensis_Count":0,"S__fonquerniei_Count":0,"C__felis_Count":0,"E__gallinacea_Count":0,"F1_RDT":"neg","Bacteriology":"neg","qPCR":"neg","Serology":"neg","Source":"Ramasindrazana et al. 2025. PLoS Negl Trop Dis 19(11):e0013710 (journal_pntd_0013710_s001.xlsx)","Longitude":48.968870000000003,"Latitude":-15.377530999999999}},{"type":"Feature","id":336,"geometry":{"type":"Point","coordinates":[48.968870000000038,-15.377530999999976]},"properties":{"OBJECTID":336,"ID":"ADB5","Date":"2022-07-25","Fokontany":"Andilambe","Habitat":"House","Genus":"Rattus","Species":"Rattus rattus","Sex":"M","Number_of_Fleas":0,"X__cheopis_Count":0,"X__brasiliensis_Count":0,"S__fonquerniei_Count":0,"C__felis_Count":0,"E__gallinacea_Count":0,"F1_RDT":"neg","Bacteriology":"neg","qPCR":"neg","Serology":"neg","Source":"Ramasindrazana et al. 2025. PLoS Negl Trop Dis 19(11):e0013710 (journal_pntd_0013710_s001.xlsx)","Longitude":48.968870000000003,"Latitude":-15.377530999999999}},{"type":"Feature","id":337,"geometry":{"type":"Point","coordinates":[48.968870000000038,-15.377530999999976]},"properties":{"OBJECTID":337,"ID":"ADB6","Date":"2022-07-25","Fokontany":"Andilambe","Habitat":"House","Genus":"Rattus","Species":"Rattus rattus","Sex":"M","Number_of_Fleas":8,"X__cheopis_Count":0,"X__brasiliensis_Count":6,"S__fonquerniei_Count":0,"C__felis_Count":0,"E__gallinacea_Count":1,"F1_RDT":"neg","Bacteriology":"neg","qPCR":"neg","Serology":"neg","Source":"Ramasindrazana et al. 2025. PLoS Negl Trop Dis 19(11):e0013710 (journal_pntd_0013710_s001.xlsx)","Longitude":48.968870000000003,"Latitude":-15.377530999999999}},{"type":"Feature","id":338,"geometry":{"type":"Point","coordinates":[48.968870000000038,-15.377530999999976]},"properties":{"OBJECTID":338,"ID":"ADB7","Date":"2022-07-25","Fokontany":"Andilambe","Habitat":"House","Genus":"Rattus","Species":"Rattus rattus","Sex":"M","Number_of_Fleas":8,"X__cheopis_Count":2,"X__brasiliensis_Count":7,"S__fonquerniei_Count":0,"C__felis_Count":0,"E__gallinacea_Count":0,"F1_RDT":"neg","Bacteriology":"neg","qPCR":"neg","Serology":"neg","Source":"Ramasindrazana et al. 2025. PLoS Negl Trop Dis 19(11):e0013710 (journal_pntd_0013710_s001.xlsx)","Longitude":48.968870000000003,"Latitude":-15.377530999999999}},{"type":"Feature","id":339,"geometry":{"type":"Point","coordinates":[48.968870000000038,-15.377530999999976]},"properties":{"OBJECTID":339,"ID":"ADB8","Date":"2022-07-25","Fokontany":"Andilambe","Habitat":"House","Genus":"Rattus","Species":"Rattus rattus","Sex":"M","Number_of_Fleas":3,"X__cheopis_Count":1,"X__brasiliensis_Count":2,"S__fonquerniei_Count":0,"C__felis_Count":0,"E__gallinacea_Count":0,"F1_RDT":"neg","Bacteriology":"neg","qPCR":"neg","Serology":"neg","Source":"Ramasindrazana et al. 2025. PLoS Negl Trop Dis 19(11):e0013710 (journal_pntd_0013710_s001.xlsx)","Longitude":48.968870000000003,"Latitude":-15.377530999999999}},{"type":"Feature","id":340,"geometry":{"type":"Point","coordinates":[48.968870000000038,-15.377530999999976]},"properties":{"OBJECTID":340,"ID":"ADB9","Date":"2022-07-25","Fokontany":"Andilambe","Habitat":"House","Genus":"Rattus","Species":"Rattus rattus","Sex":"M","Number_of_Fleas":2,"X__cheopis_Count":1,"X__brasiliensis_Count":0,"S__fonquerniei_Count":0,"C__felis_Count":0,"E__gallinacea_Count":1,"F1_RDT":"neg","Bacteriology":"neg","qPCR":"neg","Serology":"neg","Source":"Ramasindrazana et al. 2025. PLoS Negl Trop Dis 19(11):e0013710 (journal_pntd_0013710_s001.xlsx)","Longitude":48.968870000000003,"Latitude":-15.377530999999999}},{"type":"Feature","id":341,"geometry":{"type":"Point","coordinates":[48.968870000000038,-15.377530999999976]},"properties":{"OBJECTID":341,"ID":"ADB10","Date":"2022-07-25","Fokontany":"Andilambe","Habitat":"House","Genus":"Rattus","Species":"Rattus rattus","Sex":"F","Number_of_Fleas":0,"X__cheopis_Count":0,"X__brasiliensis_Count":0,"S__fonquerniei_Count":0,"C__felis_Count":0,"E__gallinacea_Count":0,"F1_RDT":"neg","Bacteriology":"neg","qPCR":"neg","Serology":"neg","Source":"Ramasindrazana et al. 2025. PLoS Negl Trop Dis 19(11):e0013710 (journal_pntd_0013710_s001.xlsx)","Longitude":48.968870000000003,"Latitude":-15.377530999999999}},{"type":"Feature","id":342,"geometry":{"type":"Point","coordinates":[48.968870000000038,-15.377530999999976]},"properties":{"OBJECTID":342,"ID":"ADB11","Date":"2022-07-25","Fokontany":"Andilambe","Habitat":"House","Genus":"Rattus","Species":"Rattus rattus","Sex":"F","Number_of_Fleas":2,"X__cheopis_Count":0,"X__brasiliensis_Count":2,"S__fonquerniei_Count":0,"C__felis_Count":0,"E__gallinacea_Count":0,"F1_RDT":"neg","Bacteriology":"neg","qPCR":"neg","Serology":"neg","Source":"Ramasindrazana et al. 2025. PLoS Negl Trop Dis 19(11):e0013710 (journal_pntd_0013710_s001.xlsx)","Longitude":48.968870000000003,"Latitude":-15.377530999999999}},{"type":"Feature","id":343,"geometry":{"type":"Point","coordinates":[48.968870000000038,-15.377530999999976]},"properties":{"OBJECTID":343,"ID":"ADB12","Date":"2022-07-25","Fokontany":"Andilambe","Habitat":"House","Genus":"Rattus","Species":"Rattus rattus","Sex":"F","Number_of_Fleas":0,"X__cheopis_Count":0,"X__brasiliensis_Count":0,"S__fonquerniei_Count":0,"C__felis_Count":0,"E__gallinacea_Count":0,"F1_RDT":"neg","Bacteriology":"neg","qPCR":"neg","Serology":"neg","Source":"Ramasindrazana et al. 2025. PLoS Negl Trop Dis 19(11):e0013710 (journal_pntd_0013710_s001.xlsx)","Longitude":48.968870000000003,"Latitude":-15.377530999999999}},{"type":"Feature","id":344,"geometry":{"type":"Point","coordinates":[48.968651000000079,-15.377905999999939]},"properties":{"OBJECTID":344,"ID":"ADB13","Date":"2022-07-25","Fokontany":"Andilambe","Habitat":"House","Genus":"Rattus","Species":"Rattus rattus","Sex":"F","Number_of_Fleas":0,"X__cheopis_Count":0,"X__brasiliensis_Count":0,"S__fonquerniei_Count":0,"C__felis_Count":0,"E__gallinacea_Count":0,"F1_RDT":"neg","Bacteriology":"neg","qPCR":"neg","Serology":"neg","Source":"Ramasindrazana et al. 2025. PLoS Negl Trop Dis 19(11):e0013710 (journal_pntd_0013710_s001.xlsx)","Longitude":48.968651000000001,"Latitude":-15.377905999999999}},{"type":"Feature","id":345,"geometry":{"type":"Point","coordinates":[48.968445000000031,-15.377900999999952]},"properties":{"OBJECTID":345,"ID":"ADB14","Date":"2022-07-25","Fokontany":"Andilambe","Habitat":"House","Genus":"Mus","Species":"Mus musculus","Sex":"M","Number_of_Fleas":0,"X__cheopis_Count":0,"X__brasiliensis_Count":0,"S__fonquerniei_Count":0,"C__felis_Count":0,"E__gallinacea_Count":0,"F1_RDT":"neg","Bacteriology":"neg","qPCR":"neg","Serology":"neg","Source":"Ramasindrazana et al. 2025. PLoS Negl Trop Dis 19(11):e0013710 (journal_pntd_0013710_s001.xlsx)","Longitude":48.968445000000003,"Latitude":-15.377901}},{"type":"Feature","id":346,"geometry":{"type":"Point","coordinates":[48.968548000000055,-15.378175999999939]},"properties":{"OBJECTID":346,"ID":"ADB15","Date":"2022-07-25","Fokontany":"Andilambe","Habitat":"House","Genus":"Mus","Species":"Mus musculus","Sex":"M","Number_of_Fleas":1,"X__cheopis_Count":1,"X__brasiliensis_Count":0,"S__fonquerniei_Count":0,"C__felis_Count":0,"E__gallinacea_Count":0,"F1_RDT":"neg","Bacteriology":"neg","qPCR":"neg","Serology":"neg","Source":"Ramasindrazana et al. 2025. PLoS Negl Trop Dis 19(11):e0013710 (journal_pntd_0013710_s001.xlsx)","Longitude":48.968547999999998,"Latitude":-15.378176}},{"type":"Feature","id":347,"geometry":{"type":"Point","coordinates":[48.968702000000064,-15.378304999999955]},"properties":{"OBJECTID":347,"ID":"ADB16","Date":"2022-07-25","Fokontany":"Andilambe","Habitat":"House","Genus":"Rattus","Species":"Rattus rattus","Sex":"F","Number_of_Fleas":1,"X__cheopis_Count":2,"X__brasiliensis_Count":0,"S__fonquerniei_Count":0,"C__felis_Count":0,"E__gallinacea_Count":0,"F1_RDT":"neg","Bacteriology":"neg","qPCR":"neg","Serology":"neg","Source":"Ramasindrazana et al. 2025. PLoS Negl Trop Dis 19(11):e0013710 (journal_pntd_0013710_s001.xlsx)","Longitude":48.968702,"Latitude":-15.378304999999999}},{"type":"Feature","id":348,"geometry":{"type":"Point","coordinates":[48.968702000000064,-15.378304999999955]},"properties":{"OBJECTID":348,"ID":"ADB17","Date":"2022-07-25","Fokontany":"Andilambe","Habitat":"House","Genus":"Rattus","Species":"Rattus rattus","Sex":"F","Number_of_Fleas":0,"X__cheopis_Count":0,"X__brasiliensis_Count":0,"S__fonquerniei_Count":0,"C__felis_Count":0,"E__gallinacea_Count":0,"F1_RDT":"neg","Bacteriology":"neg","qPCR":"neg","Serology":"neg","Source":"Ramasindrazana et al. 2025. PLoS Negl Trop Dis 19(11):e0013710 (journal_pntd_0013710_s001.xlsx)","Longitude":48.968702,"Latitude":-15.378304999999999}},{"type":"Feature","id":349,"geometry":{"type":"Point","coordinates":[48.969139000000041,-15.378139999999973]},"properties":{"OBJECTID":349,"ID":"ADB18","Date":"2022-07-25","Fokontany":"Andilambe","Habitat":"House","Genus":"Rattus","Species":"Rattus rattus","Sex":"F","Number_of_Fleas":0,"X__cheopis_Count":0,"X__brasiliensis_Count":0,"S__fonquerniei_Count":0,"C__felis_Count":0,"E__gallinacea_Count":0,"F1_RDT":"neg","Bacteriology":"neg","qPCR":"neg","Serology":"pos","Source":"Ramasindrazana et al. 2025. PLoS Negl Trop Dis 19(11):e0013710 (journal_pntd_0013710_s001.xlsx)","Longitude":48.969138999999998,"Latitude":-15.37814}},{"type":"Feature","id":350,"geometry":{"type":"Point","coordinates":[48.969139000000041,-15.378139999999973]},"properties":{"OBJECTID":350,"ID":"ADB19","Date":"2022-07-25","Fokontany":"Andilambe","Habitat":"House","Genus":"Rattus","Species":"Rattus rattus","Sex":"F","Number_of_Fleas":0,"X__cheopis_Count":0,"X__brasiliensis_Count":0,"S__fonquerniei_Count":0,"C__felis_Count":0,"E__gallinacea_Count":0,"F1_RDT":"neg","Bacteriology":"neg","qPCR":"neg","Serology":"neg","Source":"Ramasindrazana et al. 2025. PLoS Negl Trop Dis 19(11):e0013710 (journal_pntd_0013710_s001.xlsx)","Longitude":48.969138999999998,"Latitude":-15.37814}},{"type":"Feature","id":351,"geometry":{"type":"Point","coordinates":[48.968687000000045,-15.379089999999962]},"properties":{"OBJECTID":351,"ID":"ADB20","Date":"2022-07-25","Fokontany":"Andilambe","Habitat":"House","Genus":"Rattus","Species":"Rattus rattus","Sex":"F","Number_of_Fleas":2,"X__cheopis_Count":0,"X__brasiliensis_Count":2,"S__fonquerniei_Count":0,"C__felis_Count":0,"E__gallinacea_Count":0,"F1_RDT":"neg","Bacteriology":"neg","qPCR":"neg","Serology":"neg","Source":"Ramasindrazana et al. 2025. PLoS Negl Trop Dis 19(11):e0013710 (journal_pntd_0013710_s001.xlsx)","Longitude":48.968687000000003,"Latitude":-15.37909}},{"type":"Feature","id":352,"geometry":{"type":"Point","coordinates":[48.968392000000051,-15.379003999999952]},"properties":{"OBJECTID":352,"ID":"ADB21","Date":"2022-07-25","Fokontany":"Andilambe","Habitat":"House","Genus":"Rattus","Species":"Rattus rattus","Sex":"F","Number_of_Fleas":6,"X__cheopis_Count":0,"X__brasiliensis_Count":7,"S__fonquerniei_Count":0,"C__felis_Count":0,"E__gallinacea_Count":0,"F1_RDT":"neg","Bacteriology":"neg","qPCR":"neg","Serology":"neg","Source":"Ramasindrazana et al. 2025. PLoS Negl Trop Dis 19(11):e0013710 (journal_pntd_0013710_s001.xlsx)","Longitude":48.968392000000001,"Latitude":-15.379004}},{"type":"Feature","id":353,"geometry":{"type":"Point","coordinates":[48.968717000000026,-15.378378999999939]},"properties":{"OBJECTID":353,"ID":"ADB22","Date":"2022-07-25","Fokontany":"Andilambe","Habitat":"House","Genus":"Rattus","Species":"Rattus rattus","Sex":"F","Number_of_Fleas":7,"X__cheopis_Count":0,"X__brasiliensis_Count":4,"S__fonquerniei_Count":0,"C__felis_Count":0,"E__gallinacea_Count":0,"F1_RDT":"neg","Bacteriology":"neg","qPCR":"neg","Serology":"neg","Source":"Ramasindrazana et al. 2025. PLoS Negl Trop Dis 19(11):e0013710 (journal_pntd_0013710_s001.xlsx)","Longitude":48.968716999999998,"Latitude":-15.378379000000001}},{"type":"Feature","id":354,"geometry":{"type":"Point","coordinates":[48.968204000000071,-15.377740999999958]},"properties":{"OBJECTID":354,"ID":"ADB23","Date":"2022-07-25","Fokontany":"Andilambe","Habitat":"House","Genus":"Mus","Species":"Mus musculus","Sex":"F","Number_of_Fleas":3,"X__cheopis_Count":1,"X__brasiliensis_Count":1,"S__fonquerniei_Count":0,"C__felis_Count":0,"E__gallinacea_Count":1,"F1_RDT":"neg","Bacteriology":"neg","qPCR":"neg","Serology":"neg","Source":"Ramasindrazana et al. 2025. PLoS Negl Trop Dis 19(11):e0013710 (journal_pntd_0013710_s001.xlsx)","Longitude":48.968204,"Latitude":-15.377741}},{"type":"Feature","id":355,"geometry":{"type":"Point","coordinates":[48.968832000000077,-15.377875999999958]},"properties":{"OBJECTID":355,"ID":"ADB24","Date":"2022-07-25","Fokontany":"Andilambe","Habitat":"House","Genus":"Rattus","Species":"Rattus rattus","Sex":"M","Number_of_Fleas":21,"X__cheopis_Count":0,"X__brasiliensis_Count":17,"S__fonquerniei_Count":0,"C__felis_Count":0,"E__gallinacea_Count":0,"F1_RDT":"neg","Bacteriology":"neg","qPCR":"neg","Serology":"neg","Source":"Ramasindrazana et al. 2025. PLoS Negl Trop Dis 19(11):e0013710 (journal_pntd_0013710_s001.xlsx)","Longitude":48.968831999999999,"Latitude":-15.377876000000001}},{"type":"Feature","id":356,"geometry":{"type":"Point","coordinates":[48.968832000000077,-15.377875999999958]},"properties":{"OBJECTID":356,"ID":"ADB25","Date":"2022-07-25","Fokontany":"Andilambe","Habitat":"House","Genus":"Mus","Species":"Mus musculus","Sex":"F","Number_of_Fleas":1,"X__cheopis_Count":0,"X__brasiliensis_Count":1,"S__fonquerniei_Count":0,"C__felis_Count":0,"E__gallinacea_Count":0,"F1_RDT":"neg","Bacteriology":"neg","qPCR":"neg","Serology":"neg","Source":"Ramasindrazana et al. 2025. PLoS Negl Trop Dis 19(11):e0013710 (journal_pntd_0013710_s001.xlsx)","Longitude":48.968831999999999,"Latitude":-15.377876000000001}},{"type":"Feature","id":357,"geometry":{"type":"Point","coordinates":[48.96869300000003,-15.377812999999946]},"properties":{"OBJECTID":357,"ID":"ADB26","Date":"2022-07-25","Fokontany":"Andilambe","Habitat":"House","Genus":"Rattus","Species":"Rattus rattus","Sex":"F","Number_of_Fleas":0,"X__cheopis_Count":0,"X__brasiliensis_Count":6,"S__fonquerniei_Count":0,"C__felis_Count":0,"E__gallinacea_Count":0,"F1_RDT":"neg","Bacteriology":"neg","qPCR":"neg","Serology":"neg","Source":"Ramasindrazana et al. 2025. PLoS Negl Trop Dis 19(11):e0013710 (journal_pntd_0013710_s001.xlsx)","Longitude":48.968693000000002,"Latitude":-15.377813}},{"type":"Feature","id":358,"geometry":{"type":"Point","coordinates":[48.968793000000062,-15.378112999999928]},"properties":{"OBJECTID":358,"ID":"ADB27","Date":"2022-07-25","Fokontany":"Andilambe","Habitat":"House","Genus":"Rattus","Species":"Rattus rattus","Sex":"F","Number_of_Fleas":0,"X__cheopis_Count":0,"X__brasiliensis_Count":0,"S__fonquerniei_Count":0,"C__felis_Count":0,"E__gallinacea_Count":0,"F1_RDT":"neg","Bacteriology":"neg","qPCR":"neg","Serology":"neg","Source":"Ramasindrazana et al. 2025. PLoS Negl Trop Dis 19(11):e0013710 (journal_pntd_0013710_s001.xlsx)","Longitude":48.968792999999998,"Latitude":-15.378113000000001}},{"type":"Feature","id":359,"geometry":{"type":"Point","coordinates":[48.966948000000059,-15.37750699999998]},"properties":{"OBJECTID":359,"ID":"ADB28","Date":"2022-07-25","Fokontany":"Andilambe","Habitat":"House","Genus":"Rattus","Species":"Rattus rattus","Sex":"F","Number_of_Fleas":3,"X__cheopis_Count":0,"X__brasiliensis_Count":2,"S__fonquerniei_Count":0,"C__felis_Count":0,"E__gallinacea_Count":0,"F1_RDT":"neg","Bacteriology":"neg","qPCR":"neg","Serology":"neg","Source":"Ramasindrazana et al. 2025. PLoS Negl Trop Dis 19(11):e0013710 (journal_pntd_0013710_s001.xlsx)","Longitude":48.966948000000002,"Latitude":-15.377507}},{"type":"Feature","id":360,"geometry":{"type":"Point","coordinates":[48.966948000000059,-15.37750699999998]},"properties":{"OBJECTID":360,"ID":"ADB29","Date":"2022-07-25","Fokontany":"Andilambe","Habitat":"House","Genus":"Rattus","Species":"Rattus rattus","Sex":"M","Number_of_Fleas":4,"X__cheopis_Count":0,"X__brasiliensis_Count":5,"S__fonquerniei_Count":0,"C__felis_Count":0,"E__gallinacea_Count":0,"F1_RDT":"neg","Bacteriology":"neg","qPCR":"neg","Serology":"neg","Source":"Ramasindrazana et al. 2025. PLoS Negl Trop Dis 19(11):e0013710 (journal_pntd_0013710_s001.xlsx)","Longitude":48.966948000000002,"Latitude":-15.377507}},{"type":"Feature","id":361,"geometry":{"type":"Point","coordinates":[48.966948000000059,-15.37750699999998]},"properties":{"OBJECTID":361,"ID":"ADB30","Date":"2022-07-25","Fokontany":"Andilambe","Habitat":"House","Genus":"Rattus","Species":"Rattus rattus","Sex":"M","Number_of_Fleas":0,"X__cheopis_Count":0,"X__brasiliensis_Count":0,"S__fonquerniei_Count":0,"C__felis_Count":0,"E__gallinacea_Count":0,"F1_RDT":"neg","Bacteriology":"neg","qPCR":"neg","Serology":"neg","Source":"Ramasindrazana et al. 2025. PLoS Negl Trop Dis 19(11):e0013710 (journal_pntd_0013710_s001.xlsx)","Longitude":48.966948000000002,"Latitude":-15.377507}},{"type":"Feature","id":362,"geometry":{"type":"Point","coordinates":[48.968573000000049,-15.376340999999968]},"properties":{"OBJECTID":362,"ID":"ADB31","Date":"2022-07-25","Fokontany":"Andilambe","Habitat":"House","Genus":"Rattus","Species":"Rattus rattus","Sex":"F","Number_of_Fleas":1,"X__cheopis_Count":0,"X__brasiliensis_Count":1,"S__fonquerniei_Count":0,"C__felis_Count":0,"E__gallinacea_Count":0,"F1_RDT":"neg","Bacteriology":"neg","qPCR":"neg","Serology":"neg","Source":"Ramasindrazana et al. 2025. PLoS Negl Trop Dis 19(11):e0013710 (journal_pntd_0013710_s001.xlsx)","Longitude":48.968572999999999,"Latitude":-15.376341}},{"type":"Feature","id":363,"geometry":{"type":"Point","coordinates":[48.96744700000005,-15.377132999999958]},"properties":{"OBJECTID":363,"ID":"ADB32","Date":"2022-07-26","Fokontany":"Andilambe","Habitat":"House","Genus":"Rattus","Species":"Rattus rattus","Sex":"F","Number_of_Fleas":5,"X__cheopis_Count":1,"X__brasiliensis_Count":4,"S__fonquerniei_Count":0,"C__felis_Count":0,"E__gallinacea_Count":0,"F1_RDT":"neg","Bacteriology":"neg","qPCR":"neg","Serology":"neg","Source":"Ramasindrazana et al. 2025. PLoS Negl Trop Dis 19(11):e0013710 (journal_pntd_0013710_s001.xlsx)","Longitude":48.967447,"Latitude":-15.377133000000001}},{"type":"Feature","id":364,"geometry":{"type":"Point","coordinates":[48.967571000000078,-15.377124999999978]},"properties":{"OBJECTID":364,"ID":"ADB33","Date":"2022-07-26","Fokontany":"Andilambe","Habitat":"House","Genus":"Rattus","Species":"Rattus rattus","Sex":"F","Number_of_Fleas":3,"X__cheopis_Count":0,"X__brasiliensis_Count":2,"S__fonquerniei_Count":0,"C__felis_Count":0,"E__gallinacea_Count":0,"F1_RDT":"neg","Bacteriology":"neg","qPCR":"neg","Serology":"neg","Source":"Ramasindrazana et al. 2025. PLoS Negl Trop Dis 19(11):e0013710 (journal_pntd_0013710_s001.xlsx)","Longitude":48.967571,"Latitude":-15.377124999999999}},{"type":"Feature","id":365,"geometry":{"type":"Point","coordinates":[48.967649000000051,-15.377080999999976]},"properties":{"OBJECTID":365,"ID":"ADB34","Date":"2022-07-26","Fokontany":"Andilambe","Habitat":"House","Genus":"Rattus","Species":"Rattus rattus","Sex":"F","Number_of_Fleas":22,"X__cheopis_Count":0,"X__brasiliensis_Count":22,"S__fonquerniei_Count":0,"C__felis_Count":0,"E__gallinacea_Count":0,"F1_RDT":"neg","Bacteriology":"neg","qPCR":"neg","Serology":"neg","Source":"Ramasindrazana et al. 2025. PLoS Negl Trop Dis 19(11):e0013710 (journal_pntd_0013710_s001.xlsx)","Longitude":48.967649000000002,"Latitude":-15.377081}},{"type":"Feature","id":366,"geometry":{"type":"Point","coordinates":[48.968166000000053,-15.377189999999928]},"properties":{"OBJECTID":366,"ID":"ADB35","Date":"2022-07-26","Fokontany":"Andilambe","Habitat":"House","Genus":"Rattus","Species":"Rattus rattus","Sex":"M","Number_of_Fleas":5,"X__cheopis_Count":0,"X__brasiliensis_Count":3,"S__fonquerniei_Count":0,"C__felis_Count":0,"E__gallinacea_Count":0,"F1_RDT":"neg","Bacteriology":"neg","qPCR":"neg","Serology":"neg","Source":"Ramasindrazana et al. 2025. PLoS Negl Trop Dis 19(11):e0013710 (journal_pntd_0013710_s001.xlsx)","Longitude":48.968165999999997,"Latitude":-15.377190000000001}},{"type":"Feature","id":367,"geometry":{"type":"Point","coordinates":[48.968271000000072,-15.377228999999943]},"properties":{"OBJECTID":367,"ID":"ADB36","Date":"2022-07-26","Fokontany":"Andilambe","Habitat":"House","Genus":"Rattus","Species":"Rattus rattus","Sex":"F","Number_of_Fleas":4,"X__cheopis_Count":4,"X__brasiliensis_Count":0,"S__fonquerniei_Count":0,"C__felis_Count":0,"E__gallinacea_Count":0,"F1_RDT":"neg","Bacteriology":"neg","qPCR":"neg","Serology":"neg","Source":"Ramasindrazana et al. 2025. PLoS Negl Trop Dis 19(11):e0013710 (journal_pntd_0013710_s001.xlsx)","Longitude":48.968271000000001,"Latitude":-15.377229}},{"type":"Feature","id":368,"geometry":{"type":"Point","coordinates":[48.968285000000037,-15.377497999999946]},"properties":{"OBJECTID":368,"ID":"ADB37","Date":"2022-07-26","Fokontany":"Andilambe","Habitat":"House","Genus":"Suncus","Species":"Suncus murinus","Sex":"F","Number_of_Fleas":0,"X__cheopis_Count":0,"X__brasiliensis_Count":5,"S__fonquerniei_Count":0,"C__felis_Count":0,"E__gallinacea_Count":0,"F1_RDT":"neg","Bacteriology":"neg","qPCR":"neg","Serology":"neg","Source":"Ramasindrazana et al. 2025. PLoS Negl Trop Dis 19(11):e0013710 (journal_pntd_0013710_s001.xlsx)","Longitude":48.968285000000002,"Latitude":-15.377497999999999}},{"type":"Feature","id":369,"geometry":{"type":"Point","coordinates":[48.968243000000029,-15.377565999999945]},"properties":{"OBJECTID":369,"ID":"ADB38","Date":"2022-07-26","Fokontany":"Andilambe","Habitat":"House","Genus":"Rattus","Species":"Rattus rattus","Sex":"F","Number_of_Fleas":8,"X__cheopis_Count":0,"X__brasiliensis_Count":0,"S__fonquerniei_Count":0,"C__felis_Count":0,"E__gallinacea_Count":0,"F1_RDT":"neg","Bacteriology":"neg","qPCR":"neg","Serology":"neg","Source":"Ramasindrazana et al. 2025. PLoS Negl Trop Dis 19(11):e0013710 (journal_pntd_0013710_s001.xlsx)","Longitude":48.968243000000001,"Latitude":-15.377566}},{"type":"Feature","id":370,"geometry":{"type":"Point","coordinates":[48.968243000000029,-15.377565999999945]},"properties":{"OBJECTID":370,"ID":"ADB39","Date":"2022-07-26","Fokontany":"Andilambe","Habitat":"House","Genus":"Rattus","Species":"Rattus rattus","Sex":"M","Number_of_Fleas":4,"X__cheopis_Count":0,"X__brasiliensis_Count":7,"S__fonquerniei_Count":0,"C__felis_Count":0,"E__gallinacea_Count":0,"F1_RDT":"neg","Bacteriology":"neg","qPCR":"neg","Serology":"neg","Source":"Ramasindrazana et al. 2025. PLoS Negl Trop Dis 19(11):e0013710 (journal_pntd_0013710_s001.xlsx)","Longitude":48.968243000000001,"Latitude":-15.377566}},{"type":"Feature","id":371,"geometry":{"type":"Point","coordinates":[48.968243000000029,-15.377565999999945]},"properties":{"OBJECTID":371,"ID":"ADB40","Date":"2022-07-26","Fokontany":"Andilambe","Habitat":"House","Genus":"Rattus","Species":"Rattus rattus","Sex":"M","Number_of_Fleas":2,"X__cheopis_Count":0,"X__brasiliensis_Count":2,"S__fonquerniei_Count":0,"C__felis_Count":0,"E__gallinacea_Count":0,"F1_RDT":"neg","Bacteriology":"neg","qPCR":"neg","Serology":"neg","Source":"Ramasindrazana et al. 2025. PLoS Negl Trop Dis 19(11):e0013710 (journal_pntd_0013710_s001.xlsx)","Longitude":48.968243000000001,"Latitude":-15.377566}},{"type":"Feature","id":372,"geometry":{"type":"Point","coordinates":[48.968491000000029,-15.377578999999969]},"properties":{"OBJECTID":372,"ID":"ADB41","Date":"2022-07-26","Fokontany":"Andilambe","Habitat":"House","Genus":"Rattus","Species":"Rattus rattus","Sex":"F","Number_of_Fleas":5,"X__cheopis_Count":0,"X__brasiliensis_Count":5,"S__fonquerniei_Count":0,"C__felis_Count":0,"E__gallinacea_Count":0,"F1_RDT":"neg","Bacteriology":"neg","qPCR":"neg","Serology":"neg","Source":"Ramasindrazana et al. 2025. PLoS Negl Trop Dis 19(11):e0013710 (journal_pntd_0013710_s001.xlsx)","Longitude":48.968491,"Latitude":-15.377579000000001}},{"type":"Feature","id":373,"geometry":{"type":"Point","coordinates":[48.968870000000038,-15.377530999999976]},"properties":{"OBJECTID":373,"ID":"ADB42","Date":"2022-07-26","Fokontany":"Andilambe","Habitat":"House","Genus":"Rattus","Species":"Rattus rattus","Sex":"F","Number_of_Fleas":0,"X__cheopis_Count":0,"X__brasiliensis_Count":0,"S__fonquerniei_Count":0,"C__felis_Count":0,"E__gallinacea_Count":0,"F1_RDT":"neg","Bacteriology":"neg","qPCR":"neg","Serology":"neg","Source":"Ramasindrazana et al. 2025. PLoS Negl Trop Dis 19(11):e0013710 (journal_pntd_0013710_s001.xlsx)","Longitude":48.968870000000003,"Latitude":-15.377530999999999}},{"type":"Feature","id":374,"geometry":{"type":"Point","coordinates":[48.968870000000038,-15.377530999999976]},"properties":{"OBJECTID":374,"ID":"ADB43","Date":"2022-07-26","Fokontany":"Andilambe","Habitat":"House","Genus":"Rattus","Species":"Rattus rattus","Sex":"M","Number_of_Fleas":0,"X__cheopis_Count":0,"X__brasiliensis_Count":0,"S__fonquerniei_Count":0,"C__felis_Count":0,"E__gallinacea_Count":0,"F1_RDT":"neg","Bacteriology":"neg","qPCR":"neg","Serology":"neg","Source":"Ramasindrazana et al. 2025. PLoS Negl Trop Dis 19(11):e0013710 (journal_pntd_0013710_s001.xlsx)","Longitude":48.968870000000003,"Latitude":-15.377530999999999}},{"type":"Feature","id":375,"geometry":{"type":"Point","coordinates":[48.968651000000079,-15.377905999999939]},"properties":{"OBJECTID":375,"ID":"ADB44","Date":"2022-07-26","Fokontany":"Andilambe","Habitat":"House","Genus":"Rattus","Species":"Rattus rattus","Sex":"F","Number_of_Fleas":2,"X__cheopis_Count":0,"X__brasiliensis_Count":2,"S__fonquerniei_Count":0,"C__felis_Count":0,"E__gallinacea_Count":0,"F1_RDT":"neg","Bacteriology":"neg","qPCR":"neg","Serology":"neg","Source":"Ramasindrazana et al. 2025. PLoS Negl Trop Dis 19(11):e0013710 (journal_pntd_0013710_s001.xlsx)","Longitude":48.968651000000001,"Latitude":-15.377905999999999}},{"type":"Feature","id":376,"geometry":{"type":"Point","coordinates":[48.968630000000076,-15.378277999999966]},"properties":{"OBJECTID":376,"ID":"ADB45","Date":"2022-07-26","Fokontany":"Andilambe","Habitat":"House","Genus":"Rattus","Species":"Rattus rattus","Sex":"F","Number_of_Fleas":2,"X__cheopis_Count":2,"X__brasiliensis_Count":0,"S__fonquerniei_Count":0,"C__felis_Count":0,"E__gallinacea_Count":1,"F1_RDT":"neg","Bacteriology":"neg","qPCR":"neg","Serology":"neg","Source":"Ramasindrazana et al. 2025. PLoS Negl Trop Dis 19(11):e0013710 (journal_pntd_0013710_s001.xlsx)","Longitude":48.968629999999997,"Latitude":-15.378278}},{"type":"Feature","id":377,"geometry":{"type":"Point","coordinates":[48.969139000000041,-15.378139999999973]},"properties":{"OBJECTID":377,"ID":"ADB46","Date":"2022-07-26","Fokontany":"Andilambe","Habitat":"House","Genus":"Rattus","Species":"Rattus rattus","Sex":"F","Number_of_Fleas":4,"X__cheopis_Count":0,"X__brasiliensis_Count":4,"S__fonquerniei_Count":0,"C__felis_Count":0,"E__gallinacea_Count":0,"F1_RDT":"neg","Bacteriology":"neg","qPCR":"neg","Serology":"neg","Source":"Ramasindrazana et al. 2025. PLoS Negl Trop Dis 19(11):e0013710 (journal_pntd_0013710_s001.xlsx)","Longitude":48.969138999999998,"Latitude":-15.37814}},{"type":"Feature","id":378,"geometry":{"type":"Point","coordinates":[48.968762000000027,-15.379042999999967]},"properties":{"OBJECTID":378,"ID":"ADB47","Date":"2022-07-26","Fokontany":"Andilambe","Habitat":"House","Genus":"Rattus","Species":"Rattus rattus","Sex":"F","Number_of_Fleas":6,"X__cheopis_Count":3,"X__brasiliensis_Count":3,"S__fonquerniei_Count":0,"C__felis_Count":0,"E__gallinacea_Count":1,"F1_RDT":"neg","Bacteriology":"neg","qPCR":"neg","Serology":"neg","Source":"Ramasindrazana et al. 2025. PLoS Negl Trop Dis 19(11):e0013710 (journal_pntd_0013710_s001.xlsx)","Longitude":48.968761999999998,"Latitude":-15.379042999999999}},{"type":"Feature","id":379,"geometry":{"type":"Point","coordinates":[48.968687000000045,-15.379089999999962]},"properties":{"OBJECTID":379,"ID":"ADB48","Date":"2022-07-26","Fokontany":"Andilambe","Habitat":"House","Genus":"Rattus","Species":"Rattus rattus","Sex":"F","Number_of_Fleas":1,"X__cheopis_Count":1,"X__brasiliensis_Count":0,"S__fonquerniei_Count":0,"C__felis_Count":0,"E__gallinacea_Count":0,"F1_RDT":"neg","Bacteriology":"neg","qPCR":"neg","Serology":"neg","Source":"Ramasindrazana et al. 2025. PLoS Negl Trop Dis 19(11):e0013710 (journal_pntd_0013710_s001.xlsx)","Longitude":48.968687000000003,"Latitude":-15.37909}},{"type":"Feature","id":380,"geometry":{"type":"Point","coordinates":[48.968392000000051,-15.379003999999952]},"properties":{"OBJECTID":380,"ID":"ADB49","Date":"2022-07-26","Fokontany":"Andilambe","Habitat":"House","Genus":"Rattus","Species":"Rattus rattus","Sex":"F","Number_of_Fleas":5,"X__cheopis_Count":0,"X__brasiliensis_Count":3,"S__fonquerniei_Count":0,"C__felis_Count":0,"E__gallinacea_Count":0,"F1_RDT":"neg","Bacteriology":"neg","qPCR":"neg","Serology":"neg","Source":"Ramasindrazana et al. 2025. PLoS Negl Trop Dis 19(11):e0013710 (journal_pntd_0013710_s001.xlsx)","Longitude":48.968392000000001,"Latitude":-15.379004}},{"type":"Feature","id":381,"geometry":{"type":"Point","coordinates":[48.968274000000065,-15.379060999999979]},"properties":{"OBJECTID":381,"ID":"ADB50","Date":"2022-07-26","Fokontany":"Andilambe","Habitat":"House","Genus":"Rattus","Species":"Rattus rattus","Sex":"M","Number_of_Fleas":15,"X__cheopis_Count":0,"X__brasiliensis_Count":10,"S__fonquerniei_Count":0,"C__felis_Count":0,"E__gallinacea_Count":2,"F1_RDT":"neg","Bacteriology":"neg","qPCR":"neg","Serology":"neg","Source":"Ramasindrazana et al. 2025. PLoS Negl Trop Dis 19(11):e0013710 (journal_pntd_0013710_s001.xlsx)","Longitude":48.968274000000001,"Latitude":-15.379061}},{"type":"Feature","id":382,"geometry":{"type":"Point","coordinates":[48.968717000000026,-15.378378999999939]},"properties":{"OBJECTID":382,"ID":"ADB51","Date":"2022-07-26","Fokontany":"Andilambe","Habitat":"House","Genus":"Rattus","Species":"Rattus rattus","Sex":"M","Number_of_Fleas":11,"X__cheopis_Count":0,"X__brasiliensis_Count":9,"S__fonquerniei_Count":0,"C__felis_Count":0,"E__gallinacea_Count":2,"F1_RDT":"neg","Bacteriology":"neg","qPCR":"neg","Serology":"neg","Source":"Ramasindrazana et al. 2025. PLoS Negl Trop Dis 19(11):e0013710 (journal_pntd_0013710_s001.xlsx)","Longitude":48.968716999999998,"Latitude":-15.378379000000001}},{"type":"Feature","id":383,"geometry":{"type":"Point","coordinates":[48.968204000000071,-15.377740999999958]},"properties":{"OBJECTID":383,"ID":"ADB52","Date":"2022-07-26","Fokontany":"Andilambe","Habitat":"House","Genus":"Mus","Species":"Mus musculus","Sex":"F","Number_of_Fleas":1,"X__cheopis_Count":1,"X__brasiliensis_Count":0,"S__fonquerniei_Count":0,"C__felis_Count":0,"E__gallinacea_Count":0,"F1_RDT":"neg","Bacteriology":"neg","qPCR":"neg","Serology":"neg","Source":"Ramasindrazana et al. 2025. PLoS Negl Trop Dis 19(11):e0013710 (journal_pntd_0013710_s001.xlsx)","Longitude":48.968204,"Latitude":-15.377741}},{"type":"Feature","id":384,"geometry":{"type":"Point","coordinates":[48.968797000000052,-15.377918999999963]},"properties":{"OBJECTID":384,"ID":"ADB53","Date":"2022-07-26","Fokontany":"Andilambe","Habitat":"House","Genus":"Rattus","Species":"Rattus rattus","Sex":"F","Number_of_Fleas":0,"X__cheopis_Count":0,"X__brasiliensis_Count":0,"S__fonquerniei_Count":0,"C__felis_Count":0,"E__gallinacea_Count":0,"F1_RDT":"neg","Bacteriology":"neg","qPCR":"neg","Serology":"neg","Source":"Ramasindrazana et al. 2025. PLoS Negl Trop Dis 19(11):e0013710 (journal_pntd_0013710_s001.xlsx)","Longitude":48.968797000000002,"Latitude":-15.377919}},{"type":"Feature","id":385,"geometry":{"type":"Point","coordinates":[48.968743000000075,-15.378005999999971]},"properties":{"OBJECTID":385,"ID":"ADB54","Date":"2022-07-26","Fokontany":"Andilambe","Habitat":"House","Genus":"Rattus","Species":"Rattus rattus","Sex":"M","Number_of_Fleas":7,"X__cheopis_Count":0,"X__brasiliensis_Count":5,"S__fonquerniei_Count":0,"C__felis_Count":0,"E__gallinacea_Count":0,"F1_RDT":"neg","Bacteriology":"neg","qPCR":"neg","Serology":"neg","Source":"Ramasindrazana et al. 2025. PLoS Negl Trop Dis 19(11):e0013710 (journal_pntd_0013710_s001.xlsx)","Longitude":48.968743000000003,"Latitude":-15.378005999999999}},{"type":"Feature","id":386,"geometry":{"type":"Point","coordinates":[48.96911700000004,-15.377530999999976]},"properties":{"OBJECTID":386,"ID":"ADB55","Date":"2022-07-26","Fokontany":"Andilambe","Habitat":"House","Genus":"Rattus","Species":"Rattus rattus","Sex":"F","Number_of_Fleas":0,"X__cheopis_Count":0,"X__brasiliensis_Count":0,"S__fonquerniei_Count":0,"C__felis_Count":0,"E__gallinacea_Count":0,"F1_RDT":"neg","Bacteriology":"neg","qPCR":"neg","Serology":"neg","Source":"Ramasindrazana et al. 2025. PLoS Negl Trop Dis 19(11):e0013710 (journal_pntd_0013710_s001.xlsx)","Longitude":48.969116999999997,"Latitude":-15.377530999999999}},{"type":"Feature","id":387,"geometry":{"type":"Point","coordinates":[48.968571000000054,-15.378439999999955]},"properties":{"OBJECTID":387,"ID":"ADB56","Date":"2022-07-26","Fokontany":"Andilambe","Habitat":"House","Genus":"Rattus","Species":"Rattus rattus","Sex":"M","Number_of_Fleas":2,"X__cheopis_Count":0,"X__brasiliensis_Count":2,"S__fonquerniei_Count":0,"C__felis_Count":0,"E__gallinacea_Count":0,"F1_RDT":"neg","Bacteriology":"neg","qPCR":"neg","Serology":"neg","Source":"Ramasindrazana et al. 2025. PLoS Negl Trop Dis 19(11):e0013710 (journal_pntd_0013710_s001.xlsx)","Longitude":48.968570999999997,"Latitude":-15.378439999999999}},{"type":"Feature","id":388,"geometry":{"type":"Point","coordinates":[48.966948000000059,-15.37750699999998]},"properties":{"OBJECTID":388,"ID":"ADB57","Date":"2022-07-26","Fokontany":"Andilambe","Habitat":"House","Genus":"Rattus","Species":"Rattus rattus","Sex":"F","Number_of_Fleas":4,"X__cheopis_Count":1,"X__brasiliensis_Count":3,"S__fonquerniei_Count":0,"C__felis_Count":0,"E__gallinacea_Count":0,"F1_RDT":"neg","Bacteriology":"neg","qPCR":"neg","Serology":"neg","Source":"Ramasindrazana et al. 2025. PLoS Negl Trop Dis 19(11):e0013710 (journal_pntd_0013710_s001.xlsx)","Longitude":48.966948000000002,"Latitude":-15.377507}},{"type":"Feature","id":389,"geometry":{"type":"Point","coordinates":[48.968573000000049,-15.376340999999968]},"properties":{"OBJECTID":389,"ID":"ADB58","Date":"2022-07-26","Fokontany":"Andilambe","Habitat":"House","Genus":"Rattus","Species":"Rattus rattus","Sex":"F","Number_of_Fleas":5,"X__cheopis_Count":0,"X__brasiliensis_Count":4,"S__fonquerniei_Count":0,"C__felis_Count":0,"E__gallinacea_Count":0,"F1_RDT":"neg","Bacteriology":"neg","qPCR":"neg","Serology":"neg","Source":"Ramasindrazana et al. 2025. PLoS Negl Trop Dis 19(11):e0013710 (journal_pntd_0013710_s001.xlsx)","Longitude":48.968572999999999,"Latitude":-15.376341}},{"type":"Feature","id":390,"geometry":{"type":"Point","coordinates":[48.967189000000076,-15.377154999999959]},"properties":{"OBJECTID":390,"ID":"ADB59","Date":"2022-07-27","Fokontany":"Andilambe","Habitat":"House","Genus":"Rattus","Species":"Rattus rattus","Sex":"F","Number_of_Fleas":12,"X__cheopis_Count":1,"X__brasiliensis_Count":10,"S__fonquerniei_Count":0,"C__felis_Count":0,"E__gallinacea_Count":0,"F1_RDT":"neg","Bacteriology":"neg","qPCR":"neg","Serology":"neg","Source":"Ramasindrazana et al. 2025. PLoS Negl Trop Dis 19(11):e0013710 (journal_pntd_0013710_s001.xlsx)","Longitude":48.967188999999998,"Latitude":-15.377155}},{"type":"Feature","id":391,"geometry":{"type":"Point","coordinates":[48.967571000000078,-15.377124999999978]},"properties":{"OBJECTID":391,"ID":"ADB60","Date":"2022-07-27","Fokontany":"Andilambe","Habitat":"House","Genus":"Rattus","Species":"Rattus rattus","Sex":"M","Number_of_Fleas":10,"X__cheopis_Count":0,"X__brasiliensis_Count":7,"S__fonquerniei_Count":0,"C__felis_Count":0,"E__gallinacea_Count":0,"F1_RDT":"neg","Bacteriology":"neg","qPCR":"neg","Serology":"neg","Source":"Ramasindrazana et al. 2025. PLoS Negl Trop Dis 19(11):e0013710 (journal_pntd_0013710_s001.xlsx)","Longitude":48.967571,"Latitude":-15.377124999999999}},{"type":"Feature","id":392,"geometry":{"type":"Point","coordinates":[48.967649000000051,-15.377080999999976]},"properties":{"OBJECTID":392,"ID":"ADB61","Date":"2022-07-27","Fokontany":"Andilambe","Habitat":"House","Genus":"Rattus","Species":"Rattus rattus","Sex":"M","Number_of_Fleas":13,"X__cheopis_Count":0,"X__brasiliensis_Count":15,"S__fonquerniei_Count":0,"C__felis_Count":0,"E__gallinacea_Count":0,"F1_RDT":"neg","Bacteriology":"neg","qPCR":"neg","Serology":"neg","Source":"Ramasindrazana et al. 2025. PLoS Negl Trop Dis 19(11):e0013710 (journal_pntd_0013710_s001.xlsx)","Longitude":48.967649000000002,"Latitude":-15.377081}},{"type":"Feature","id":393,"geometry":{"type":"Point","coordinates":[48.968503000000055,-15.377847999999972]},"properties":{"OBJECTID":393,"ID":"ADB62","Date":"2022-07-27","Fokontany":"Andilambe","Habitat":"House","Genus":"Rattus","Species":"Rattus rattus","Sex":"F","Number_of_Fleas":4,"X__cheopis_Count":0,"X__brasiliensis_Count":4,"S__fonquerniei_Count":0,"C__felis_Count":0,"E__gallinacea_Count":0,"F1_RDT":"neg","Bacteriology":"neg","qPCR":"neg","Serology":"neg","Source":"Ramasindrazana et al. 2025. PLoS Negl Trop Dis 19(11):e0013710 (journal_pntd_0013710_s001.xlsx)","Longitude":48.968502999999998,"Latitude":-15.377848}},{"type":"Feature","id":394,"geometry":{"type":"Point","coordinates":[48.968870000000038,-15.377530999999976]},"properties":{"OBJECTID":394,"ID":"ADB63","Date":"2022-07-27","Fokontany":"Andilambe","Habitat":"House","Genus":"Rattus","Species":"Rattus rattus","Sex":"M","Number_of_Fleas":2,"X__cheopis_Count":0,"X__brasiliensis_Count":3,"S__fonquerniei_Count":0,"C__felis_Count":0,"E__gallinacea_Count":0,"F1_RDT":"neg","Bacteriology":"neg","qPCR":"neg","Serology":"neg","Source":"Ramasindrazana et al. 2025. PLoS Negl Trop Dis 19(11):e0013710 (journal_pntd_0013710_s001.xlsx)","Longitude":48.968870000000003,"Latitude":-15.377530999999999}},{"type":"Feature","id":395,"geometry":{"type":"Point","coordinates":[48.968870000000038,-15.377530999999976]},"properties":{"OBJECTID":395,"ID":"ADB64","Date":"2022-07-27","Fokontany":"Andilambe","Habitat":"House","Genus":"Rattus","Species":"Rattus rattus","Sex":"F","Number_of_Fleas":0,"X__cheopis_Count":0,"X__brasiliensis_Count":0,"S__fonquerniei_Count":0,"C__felis_Count":0,"E__gallinacea_Count":0,"F1_RDT":"neg","Bacteriology":"neg","qPCR":"neg","Serology":"neg","Source":"Ramasindrazana et al. 2025. PLoS Negl Trop Dis 19(11):e0013710 (journal_pntd_0013710_s001.xlsx)","Longitude":48.968870000000003,"Latitude":-15.377530999999999}},{"type":"Feature","id":396,"geometry":{"type":"Point","coordinates":[48.968651000000079,-15.377905999999939]},"properties":{"OBJECTID":396,"ID":"ADB65","Date":"2022-07-27","Fokontany":"Andilambe","Habitat":"House","Genus":"Rattus","Species":"Rattus rattus","Sex":"M","Number_of_Fleas":0,"X__cheopis_Count":0,"X__brasiliensis_Count":0,"S__fonquerniei_Count":0,"C__felis_Count":0,"E__gallinacea_Count":0,"F1_RDT":"neg","Bacteriology":"neg","qPCR":"neg","Serology":"neg","Source":"Ramasindrazana et al. 2025. PLoS Negl Trop Dis 19(11):e0013710 (journal_pntd_0013710_s001.xlsx)","Longitude":48.968651000000001,"Latitude":-15.377905999999999}},{"type":"Feature","id":397,"geometry":{"type":"Point","coordinates":[48.96846000000005,-15.37796899999995]},"properties":{"OBJECTID":397,"ID":"ADB66","Date":"2022-07-27","Fokontany":"Andilambe","Habitat":"House","Genus":"Rattus","Species":"Rattus rattus","Sex":"F","Number_of_Fleas":0,"X__cheopis_Count":0,"X__brasiliensis_Count":0,"S__fonquerniei_Count":0,"C__felis_Count":0,"E__gallinacea_Count":0,"F1_RDT":"neg","Bacteriology":"neg","qPCR":"neg","Serology":"neg","Source":"Ramasindrazana et al. 2025. PLoS Negl Trop Dis 19(11):e0013710 (journal_pntd_0013710_s001.xlsx)","Longitude":48.96846,"Latitude":-15.377969}},{"type":"Feature","id":398,"geometry":{"type":"Point","coordinates":[48.968548000000055,-15.378175999999939]},"properties":{"OBJECTID":398,"ID":"ADB67","Date":"2022-07-27","Fokontany":"Andilambe","Habitat":"House","Genus":"Rattus","Species":"Rattus rattus","Sex":"F","Number_of_Fleas":0,"X__cheopis_Count":0,"X__brasiliensis_Count":0,"S__fonquerniei_Count":0,"C__felis_Count":0,"E__gallinacea_Count":0,"F1_RDT":"neg","Bacteriology":"neg","qPCR":"neg","Serology":"neg","Source":"Ramasindrazana et al. 2025. PLoS Negl Trop Dis 19(11):e0013710 (journal_pntd_0013710_s001.xlsx)","Longitude":48.968547999999998,"Latitude":-15.378176}},{"type":"Feature","id":399,"geometry":{"type":"Point","coordinates":[48.969159000000047,-15.377925999999945]},"properties":{"OBJECTID":399,"ID":"ADB68","Date":"2022-07-27","Fokontany":"Andilambe","Habitat":"House","Genus":"Rattus","Species":"Rattus rattus","Sex":"F","Number_of_Fleas":0,"X__cheopis_Count":0,"X__brasiliensis_Count":0,"S__fonquerniei_Count":0,"C__felis_Count":0,"E__gallinacea_Count":0,"F1_RDT":"neg","Bacteriology":"neg","qPCR":"neg","Serology":"neg","Source":"Ramasindrazana et al. 2025. PLoS Negl Trop Dis 19(11):e0013710 (journal_pntd_0013710_s001.xlsx)","Longitude":48.969158999999998,"Latitude":-15.377926}},{"type":"Feature","id":400,"geometry":{"type":"Point","coordinates":[48.969139000000041,-15.378139999999973]},"properties":{"OBJECTID":400,"ID":"ADB69","Date":"2022-07-27","Fokontany":"Andilambe","Habitat":"House","Genus":"Mus","Species":"Mus musculus","Sex":"F","Number_of_Fleas":0,"X__cheopis_Count":0,"X__brasiliensis_Count":0,"S__fonquerniei_Count":0,"C__felis_Count":0,"E__gallinacea_Count":0,"F1_RDT":"neg","Bacteriology":"neg","qPCR":"neg","Serology":"neg","Source":"Ramasindrazana et al. 2025. PLoS Negl Trop Dis 19(11):e0013710 (journal_pntd_0013710_s001.xlsx)","Longitude":48.969138999999998,"Latitude":-15.37814}},{"type":"Feature","id":401,"geometry":{"type":"Point","coordinates":[48.968762000000027,-15.379042999999967]},"properties":{"OBJECTID":401,"ID":"ADB70","Date":"2022-07-27","Fokontany":"Andilambe","Habitat":"House","Genus":"Rattus","Species":"Rattus rattus","Sex":"F","Number_of_Fleas":4,"X__cheopis_Count":0,"X__brasiliensis_Count":4,"S__fonquerniei_Count":0,"C__felis_Count":0,"E__gallinacea_Count":0,"F1_RDT":"neg","Bacteriology":"neg","qPCR":"neg","Serology":"neg","Source":"Ramasindrazana et al. 2025. PLoS Negl Trop Dis 19(11):e0013710 (journal_pntd_0013710_s001.xlsx)","Longitude":48.968761999999998,"Latitude":-15.379042999999999}},{"type":"Feature","id":402,"geometry":{"type":"Point","coordinates":[48.968687000000045,-15.379089999999962]},"properties":{"OBJECTID":402,"ID":"ADB71","Date":"2022-07-27","Fokontany":"Andilambe","Habitat":"House","Genus":"Rattus","Species":"Rattus rattus","Sex":"M","Number_of_Fleas":3,"X__cheopis_Count":3,"X__brasiliensis_Count":3,"S__fonquerniei_Count":0,"C__felis_Count":0,"E__gallinacea_Count":0,"F1_RDT":"neg","Bacteriology":"neg","qPCR":"neg","Serology":"neg","Source":"Ramasindrazana et al. 2025. PLoS Negl Trop Dis 19(11):e0013710 (journal_pntd_0013710_s001.xlsx)","Longitude":48.968687000000003,"Latitude":-15.37909}},{"type":"Feature","id":403,"geometry":{"type":"Point","coordinates":[48.968392000000051,-15.379003999999952]},"properties":{"OBJECTID":403,"ID":"ADB72","Date":"2022-07-27","Fokontany":"Andilambe","Habitat":"House","Genus":"Rattus","Species":"Rattus rattus","Sex":"M","Number_of_Fleas":8,"X__cheopis_Count":2,"X__brasiliensis_Count":7,"S__fonquerniei_Count":0,"C__felis_Count":0,"E__gallinacea_Count":0,"F1_RDT":"neg","Bacteriology":"neg","qPCR":"neg","Serology":"neg","Source":"Ramasindrazana et al. 2025. PLoS Negl Trop Dis 19(11):e0013710 (journal_pntd_0013710_s001.xlsx)","Longitude":48.968392000000001,"Latitude":-15.379004}},{"type":"Feature","id":404,"geometry":{"type":"Point","coordinates":[48.968305000000043,-15.379015999999979]},"properties":{"OBJECTID":404,"ID":"ADB73","Date":"2022-07-27","Fokontany":"Andilambe","Habitat":"House","Genus":"Rattus","Species":"Rattus rattus","Sex":"M","Number_of_Fleas":3,"X__cheopis_Count":0,"X__brasiliensis_Count":3,"S__fonquerniei_Count":0,"C__felis_Count":0,"E__gallinacea_Count":0,"F1_RDT":"neg","Bacteriology":"neg","qPCR":"neg","Serology":"neg","Source":"Ramasindrazana et al. 2025. PLoS Negl Trop Dis 19(11):e0013710 (journal_pntd_0013710_s001.xlsx)","Longitude":48.968305000000001,"Latitude":-15.379016}},{"type":"Feature","id":405,"geometry":{"type":"Point","coordinates":[48.968743000000075,-15.378005999999971]},"properties":{"OBJECTID":405,"ID":"ADB74","Date":"2022-07-27","Fokontany":"Andilambe","Habitat":"House","Genus":"Rattus","Species":"Rattus rattus","Sex":"F","Number_of_Fleas":0,"X__cheopis_Count":0,"X__brasiliensis_Count":0,"S__fonquerniei_Count":0,"C__felis_Count":0,"E__gallinacea_Count":0,"F1_RDT":"neg","Bacteriology":"neg","qPCR":"neg","Serology":"neg","Source":"Ramasindrazana et al. 2025. PLoS Negl Trop Dis 19(11):e0013710 (journal_pntd_0013710_s001.xlsx)","Longitude":48.968743000000003,"Latitude":-15.378005999999999}},{"type":"Feature","id":406,"geometry":{"type":"Point","coordinates":[48.968571000000054,-15.378439999999955]},"properties":{"OBJECTID":406,"ID":"ADB75","Date":"2022-07-27","Fokontany":"Andilambe","Habitat":"House","Genus":"Rattus","Species":"Rattus rattus","Sex":"F","Number_of_Fleas":0,"X__cheopis_Count":0,"X__brasiliensis_Count":0,"S__fonquerniei_Count":0,"C__felis_Count":0,"E__gallinacea_Count":0,"F1_RDT":"neg","Bacteriology":"neg","qPCR":"neg","Serology":"neg","Source":"Ramasindrazana et al. 2025. PLoS Negl Trop Dis 19(11):e0013710 (journal_pntd_0013710_s001.xlsx)","Longitude":48.968570999999997,"Latitude":-15.378439999999999}},{"type":"Feature","id":407,"geometry":{"type":"Point","coordinates":[48.966948000000059,-15.37750699999998]},"properties":{"OBJECTID":407,"ID":"ADB76","Date":"2022-07-27","Fokontany":"Andilambe","Habitat":"House","Genus":"Rattus","Species":"Rattus rattus","Sex":"M","Number_of_Fleas":1,"X__cheopis_Count":0,"X__brasiliensis_Count":1,"S__fonquerniei_Count":0,"C__felis_Count":0,"E__gallinacea_Count":0,"F1_RDT":"neg","Bacteriology":"neg","qPCR":"neg","Serology":"neg","Source":"Ramasindrazana et al. 2025. PLoS Negl Trop Dis 19(11):e0013710 (journal_pntd_0013710_s001.xlsx)","Longitude":48.966948000000002,"Latitude":-15.377507}},{"type":"Feature","id":408,"geometry":{"type":"Point","coordinates":[48.968573000000049,-15.376340999999968]},"properties":{"OBJECTID":408,"ID":"ADB77","Date":"2022-07-27","Fokontany":"Andilambe","Habitat":"House","Genus":"Rattus","Species":"Rattus rattus","Sex":"M","Number_of_Fleas":2,"X__cheopis_Count":0,"X__brasiliensis_Count":2,"S__fonquerniei_Count":0,"C__felis_Count":0,"E__gallinacea_Count":0,"F1_RDT":"neg","Bacteriology":"neg","qPCR":"neg","Serology":"neg","Source":"Ramasindrazana et al. 2025. PLoS Negl Trop Dis 19(11):e0013710 (journal_pntd_0013710_s001.xlsx)","Longitude":48.968572999999999,"Latitude":-15.376341}},{"type":"Feature","id":409,"geometry":{"type":"Point","coordinates":[48.968573000000049,-15.376340999999968]},"properties":{"OBJECTID":409,"ID":"ADB78","Date":"2022-07-27","Fokontany":"Andilambe","Habitat":"House","Genus":"Rattus","Species":"Rattus rattus","Sex":"F","Number_of_Fleas":0,"X__cheopis_Count":0,"X__brasiliensis_Count":0,"S__fonquerniei_Count":0,"C__felis_Count":0,"E__gallinacea_Count":0,"F1_RDT":"neg","Bacteriology":"neg","qPCR":"neg","Serology":"neg","Source":"Ramasindrazana et al. 2025. PLoS Negl Trop Dis 19(11):e0013710 (journal_pntd_0013710_s001.xlsx)","Longitude":48.968572999999999,"Latitude":-15.376341}},{"type":"Feature","id":410,"geometry":{"type":"Point","coordinates":[48.967649000000051,-15.377080999999976]},"properties":{"OBJECTID":410,"ID":"ADB79","Date":"2022-07-28","Fokontany":"Andilambe","Habitat":"House","Genus":"Rattus","Species":"Rattus rattus","Sex":"M","Number_of_Fleas":21,"X__cheopis_Count":1,"X__brasiliensis_Count":20,"S__fonquerniei_Count":0,"C__felis_Count":0,"E__gallinacea_Count":0,"F1_RDT":"neg","Bacteriology":"neg","qPCR":"neg","Serology":"neg","Source":"Ramasindrazana et al. 2025. PLoS Negl Trop Dis 19(11):e0013710 (journal_pntd_0013710_s001.xlsx)","Longitude":48.967649000000002,"Latitude":-15.377081}},{"type":"Feature","id":411,"geometry":{"type":"Point","coordinates":[48.968271000000072,-15.377228999999943]},"properties":{"OBJECTID":411,"ID":"ADB80","Date":"2022-07-28","Fokontany":"Andilambe","Habitat":"House","Genus":"Rattus","Species":"Rattus rattus","Sex":"M","Number_of_Fleas":4,"X__cheopis_Count":1,"X__brasiliensis_Count":1,"S__fonquerniei_Count":0,"C__felis_Count":0,"E__gallinacea_Count":3,"F1_RDT":"neg","Bacteriology":"neg","qPCR":"neg","Serology":"neg","Source":"Ramasindrazana et al. 2025. PLoS Negl Trop Dis 19(11):e0013710 (journal_pntd_0013710_s001.xlsx)","Longitude":48.968271000000001,"Latitude":-15.377229}},{"type":"Feature","id":412,"geometry":{"type":"Point","coordinates":[48.968870000000038,-15.377530999999976]},"properties":{"OBJECTID":412,"ID":"ADB81","Date":"2022-07-28","Fokontany":"Andilambe","Habitat":"House","Genus":"Mus","Species":"Mus musculus","Sex":"F","Number_of_Fleas":0,"X__cheopis_Count":0,"X__brasiliensis_Count":0,"S__fonquerniei_Count":0,"C__felis_Count":0,"E__gallinacea_Count":0,"F1_RDT":"neg","Bacteriology":"neg","qPCR":"neg","Serology":"neg","Source":"Ramasindrazana et al. 2025. PLoS Negl Trop Dis 19(11):e0013710 (journal_pntd_0013710_s001.xlsx)","Longitude":48.968870000000003,"Latitude":-15.377530999999999}},{"type":"Feature","id":413,"geometry":{"type":"Point","coordinates":[48.96846000000005,-15.37796899999995]},"properties":{"OBJECTID":413,"ID":"ADB82","Date":"2022-07-28","Fokontany":"Andilambe","Habitat":"House","Genus":"Rattus","Species":"Rattus rattus","Sex":"F","Number_of_Fleas":2,"X__cheopis_Count":0,"X__brasiliensis_Count":4,"S__fonquerniei_Count":0,"C__felis_Count":0,"E__gallinacea_Count":0,"F1_RDT":"neg","Bacteriology":"neg","qPCR":"neg","Serology":"neg","Source":"Ramasindrazana et al. 2025. PLoS Negl Trop Dis 19(11):e0013710 (journal_pntd_0013710_s001.xlsx)","Longitude":48.96846,"Latitude":-15.377969}},{"type":"Feature","id":414,"geometry":{"type":"Point","coordinates":[48.968523000000062,-15.378252999999972]},"properties":{"OBJECTID":414,"ID":"ADB83","Date":"2022-07-28","Fokontany":"Andilambe","Habitat":"House","Genus":"Mus","Species":"Mus musculus","Sex":"F","Number_of_Fleas":0,"X__cheopis_Count":0,"X__brasiliensis_Count":0,"S__fonquerniei_Count":0,"C__felis_Count":0,"E__gallinacea_Count":0,"F1_RDT":"neg","Bacteriology":"neg","qPCR":"neg","Serology":"neg","Source":"Ramasindrazana et al. 2025. PLoS Negl Trop Dis 19(11):e0013710 (journal_pntd_0013710_s001.xlsx)","Longitude":48.968522999999998,"Latitude":-15.378253000000001}},{"type":"Feature","id":415,"geometry":{"type":"Point","coordinates":[48.968737000000033,-15.378289999999936]},"properties":{"OBJECTID":415,"ID":"ADB84","Date":"2022-07-28","Fokontany":"Andilambe","Habitat":"House","Genus":"Rattus","Species":"Rattus rattus","Sex":"F","Number_of_Fleas":4,"X__cheopis_Count":3,"X__brasiliensis_Count":1,"S__fonquerniei_Count":0,"C__felis_Count":0,"E__gallinacea_Count":0,"F1_RDT":"neg","Bacteriology":"neg","qPCR":"neg","Serology":"neg","Source":"Ramasindrazana et al. 2025. PLoS Negl Trop Dis 19(11):e0013710 (journal_pntd_0013710_s001.xlsx)","Longitude":48.968736999999997,"Latitude":-15.37829}},{"type":"Feature","id":416,"geometry":{"type":"Point","coordinates":[48.969139000000041,-15.378139999999973]},"properties":{"OBJECTID":416,"ID":"ADB85","Date":"2022-07-28","Fokontany":"Andilambe","Habitat":"House","Genus":"Rattus","Species":"Rattus rattus","Sex":"F","Number_of_Fleas":11,"X__cheopis_Count":0,"X__brasiliensis_Count":11,"S__fonquerniei_Count":0,"C__felis_Count":0,"E__gallinacea_Count":0,"F1_RDT":"neg","Bacteriology":"neg","qPCR":"neg","Serology":"neg","Source":"Ramasindrazana et al. 2025. PLoS Negl Trop Dis 19(11):e0013710 (journal_pntd_0013710_s001.xlsx)","Longitude":48.969138999999998,"Latitude":-15.37814}},{"type":"Feature","id":417,"geometry":{"type":"Point","coordinates":[48.969139000000041,-15.378139999999973]},"properties":{"OBJECTID":417,"ID":"ADB86","Date":"2022-07-28","Fokontany":"Andilambe","Habitat":"House","Genus":"Rattus","Species":"Rattus rattus","Sex":"M","Number_of_Fleas":5,"X__cheopis_Count":0,"X__brasiliensis_Count":4,"S__fonquerniei_Count":0,"C__felis_Count":0,"E__gallinacea_Count":0,"F1_RDT":"neg","Bacteriology":"neg","qPCR":"neg","Serology":"neg","Source":"Ramasindrazana et al. 2025. PLoS Negl Trop Dis 19(11):e0013710 (journal_pntd_0013710_s001.xlsx)","Longitude":48.969138999999998,"Latitude":-15.37814}},{"type":"Feature","id":418,"geometry":{"type":"Point","coordinates":[48.968762000000027,-15.379042999999967]},"properties":{"OBJECTID":418,"ID":"ADB87","Date":"2022-07-28","Fokontany":"Andilambe","Habitat":"House","Genus":"Rattus","Species":"Rattus rattus","Sex":"F","Number_of_Fleas":23,"X__cheopis_Count":16,"X__brasiliensis_Count":2,"S__fonquerniei_Count":0,"C__felis_Count":0,"E__gallinacea_Count":0,"F1_RDT":"neg","Bacteriology":"neg","qPCR":"neg","Serology":"neg","Source":"Ramasindrazana et al. 2025. PLoS Negl Trop Dis 19(11):e0013710 (journal_pntd_0013710_s001.xlsx)","Longitude":48.968761999999998,"Latitude":-15.379042999999999}},{"type":"Feature","id":419,"geometry":{"type":"Point","coordinates":[48.968274000000065,-15.379060999999979]},"properties":{"OBJECTID":419,"ID":"ADB88","Date":"2022-07-28","Fokontany":"Andilambe","Habitat":"House","Genus":"Rattus","Species":"Rattus rattus","Sex":"M","Number_of_Fleas":12,"X__cheopis_Count":4,"X__brasiliensis_Count":7,"S__fonquerniei_Count":0,"C__felis_Count":0,"E__gallinacea_Count":1,"F1_RDT":"neg","Bacteriology":"neg","qPCR":"neg","Serology":"neg","Source":"Ramasindrazana et al. 2025. PLoS Negl Trop Dis 19(11):e0013710 (journal_pntd_0013710_s001.xlsx)","Longitude":48.968274000000001,"Latitude":-15.379061}},{"type":"Feature","id":420,"geometry":{"type":"Point","coordinates":[48.968274000000065,-15.379060999999979]},"properties":{"OBJECTID":420,"ID":"ADB89","Date":"2022-07-28","Fokontany":"Andilambe","Habitat":"House","Genus":"Rattus","Species":"Rattus rattus","Sex":"F","Number_of_Fleas":10,"X__cheopis_Count":2,"X__brasiliensis_Count":7,"S__fonquerniei_Count":0,"C__felis_Count":0,"E__gallinacea_Count":0,"F1_RDT":"neg","Bacteriology":"neg","qPCR":"neg","Serology":"neg","Source":"Ramasindrazana et al. 2025. PLoS Negl Trop Dis 19(11):e0013710 (journal_pntd_0013710_s001.xlsx)","Longitude":48.968274000000001,"Latitude":-15.379061}},{"type":"Feature","id":421,"geometry":{"type":"Point","coordinates":[48.968743000000075,-15.378005999999971]},"properties":{"OBJECTID":421,"ID":"ADB90","Date":"2022-07-28","Fokontany":"Andilambe","Habitat":"House","Genus":"Rattus","Species":"Rattus rattus","Sex":"F","Number_of_Fleas":3,"X__cheopis_Count":0,"X__brasiliensis_Count":2,"S__fonquerniei_Count":0,"C__felis_Count":0,"E__gallinacea_Count":0,"F1_RDT":"neg","Bacteriology":"neg","qPCR":"neg","Serology":"neg","Source":"Ramasindrazana et al. 2025. PLoS Negl Trop Dis 19(11):e0013710 (journal_pntd_0013710_s001.xlsx)","Longitude":48.968743000000003,"Latitude":-15.378005999999999}},{"type":"Feature","id":422,"geometry":{"type":"Point","coordinates":[48.968573000000049,-15.376340999999968]},"properties":{"OBJECTID":422,"ID":"ADB91","Date":"2022-07-28","Fokontany":"Andilambe","Habitat":"House","Genus":"Rattus","Species":"Rattus rattus","Sex":"F","Number_of_Fleas":2,"X__cheopis_Count":1,"X__brasiliensis_Count":1,"S__fonquerniei_Count":0,"C__felis_Count":0,"E__gallinacea_Count":0,"F1_RDT":"neg","Bacteriology":"neg","qPCR":"neg","Serology":"neg","Source":"Ramasindrazana et al. 2025. PLoS Negl Trop Dis 19(11):e0013710 (journal_pntd_0013710_s001.xlsx)","Longitude":48.968572999999999,"Latitude":-15.376341}},{"type":"Feature","id":423,"geometry":{"type":"Point","coordinates":[48.968573000000049,-15.376340999999968]},"properties":{"OBJECTID":423,"ID":"ADB92","Date":"2022-07-28","Fokontany":"Andilambe","Habitat":"House","Genus":"Rattus","Species":"Rattus rattus","Sex":"F","Number_of_Fleas":2,"X__cheopis_Count":1,"X__brasiliensis_Count":1,"S__fonquerniei_Count":0,"C__felis_Count":0,"E__gallinacea_Count":0,"F1_RDT":"neg","Bacteriology":"neg","qPCR":"neg","Serology":"neg","Source":"Ramasindrazana et al. 2025. PLoS Negl Trop Dis 19(11):e0013710 (journal_pntd_0013710_s001.xlsx)","Longitude":48.968572999999999,"Latitude":-15.376341}},{"type":"Feature","id":424,"geometry":{"type":"Point","coordinates":[48.971968000000061,-15.376599999999939]},"properties":{"OBJECTID":424,"ID":"ADB93","Date":"2022-07-30","Fokontany":"Andilambe","Habitat":"outside","Genus":"Rattus","Species":"Rattus rattus","Sex":"M","Number_of_Fleas":0,"X__cheopis_Count":0,"X__brasiliensis_Count":0,"S__fonquerniei_Count":0,"C__felis_Count":0,"E__gallinacea_Count":0,"F1_RDT":"neg","Bacteriology":"neg","qPCR":"neg","Serology":"neg","Source":"Ramasindrazana et al. 2025. PLoS Negl Trop Dis 19(11):e0013710 (journal_pntd_0013710_s001.xlsx)","Longitude":48.971967999999997,"Latitude":-15.3766}},{"type":"Feature","id":425,"geometry":{"type":"Point","coordinates":[48.972160000000031,-15.376805999999931]},"properties":{"OBJECTID":425,"ID":"ADB94","Date":"2022-07-30","Fokontany":"Andilambe","Habitat":"outside","Genus":"Suncus","Species":"Suncus murinus","Sex":"M","Number_of_Fleas":0,"X__cheopis_Count":0,"X__brasiliensis_Count":0,"S__fonquerniei_Count":0,"C__felis_Count":0,"E__gallinacea_Count":0,"F1_RDT":"neg","Bacteriology":"neg","qPCR":"neg","Serology":"neg","Source":"Ramasindrazana et al. 2025. PLoS Negl Trop Dis 19(11):e0013710 (journal_pntd_0013710_s001.xlsx)","Longitude":48.972160000000002,"Latitude":-15.376806}},{"type":"Feature","id":426,"geometry":{"type":"Point","coordinates":[48.972190000000069,-15.376773999999955]},"properties":{"OBJECTID":426,"ID":"ADB95","Date":"2022-07-30","Fokontany":"Andilambe","Habitat":"outside","Genus":"Rattus","Species":"Rattus rattus","Sex":"M","Number_of_Fleas":0,"X__cheopis_Count":0,"X__brasiliensis_Count":0,"S__fonquerniei_Count":0,"C__felis_Count":0,"E__gallinacea_Count":0,"F1_RDT":"neg","Bacteriology":"neg","qPCR":"neg","Serology":"neg","Source":"Ramasindrazana et al. 2025. PLoS Negl Trop Dis 19(11):e0013710 (journal_pntd_0013710_s001.xlsx)","Longitude":48.972189999999998,"Latitude":-15.376773999999999}},{"type":"Feature","id":427,"geometry":{"type":"Point","coordinates":[48.97222000000005,-15.376886999999954]},"properties":{"OBJECTID":427,"ID":"ADB96","Date":"2022-07-30","Fokontany":"Andilambe","Habitat":"outside","Genus":"Rattus","Species":"Rattus rattus","Sex":"M","Number_of_Fleas":0,"X__cheopis_Count":0,"X__brasiliensis_Count":0,"S__fonquerniei_Count":0,"C__felis_Count":0,"E__gallinacea_Count":0,"F1_RDT":"neg","Bacteriology":"neg","qPCR":"neg","Serology":"neg","Source":"Ramasindrazana et al. 2025. PLoS Negl Trop Dis 19(11):e0013710 (journal_pntd_0013710_s001.xlsx)","Longitude":48.97222,"Latitude":-15.376887}},{"type":"Feature","id":428,"geometry":{"type":"Point","coordinates":[48.972235000000069,-15.376901999999973]},"properties":{"OBJECTID":428,"ID":"ADB97","Date":"2022-07-30","Fokontany":"Andilambe","Habitat":"outside","Genus":"Rattus","Species":"Rattus rattus","Sex":"F","Number_of_Fleas":0,"X__cheopis_Count":0,"X__brasiliensis_Count":0,"S__fonquerniei_Count":0,"C__felis_Count":0,"E__gallinacea_Count":0,"F1_RDT":"neg","Bacteriology":"neg","qPCR":"neg","Serology":"neg","Source":"Ramasindrazana et al. 2025. PLoS Negl Trop Dis 19(11):e0013710 (journal_pntd_0013710_s001.xlsx)","Longitude":48.972234999999998,"Latitude":-15.376901999999999}},{"type":"Feature","id":429,"geometry":{"type":"Point","coordinates":[48.972301000000073,-15.376973999999962]},"properties":{"OBJECTID":429,"ID":"ADB98","Date":"2022-07-30","Fokontany":"Andilambe","Habitat":"outside","Genus":"Rattus","Species":"Rattus rattus","Sex":"F","Number_of_Fleas":0,"X__cheopis_Count":0,"X__brasiliensis_Count":0,"S__fonquerniei_Count":0,"C__felis_Count":0,"E__gallinacea_Count":0,"F1_RDT":"neg","Bacteriology":"neg","qPCR":"neg","Serology":"neg","Source":"Ramasindrazana et al. 2025. PLoS Negl Trop Dis 19(11):e0013710 (journal_pntd_0013710_s001.xlsx)","Longitude":48.972301000000002,"Latitude":-15.376974000000001}},{"type":"Feature","id":430,"geometry":{"type":"Point","coordinates":[48.972665000000063,-15.377609999999947]},"properties":{"OBJECTID":430,"ID":"ADB99","Date":"2022-07-30","Fokontany":"Andilambe","Habitat":"outside","Genus":"Rattus","Species":"Rattus rattus","Sex":"F","Number_of_Fleas":0,"X__cheopis_Count":0,"X__brasiliensis_Count":0,"S__fonquerniei_Count":0,"C__felis_Count":0,"E__gallinacea_Count":0,"F1_RDT":"neg","Bacteriology":"neg","qPCR":"neg","Serology":"neg","Source":"Ramasindrazana et al. 2025. PLoS Negl Trop Dis 19(11):e0013710 (journal_pntd_0013710_s001.xlsx)","Longitude":48.972664999999999,"Latitude":-15.377610000000001}},{"type":"Feature","id":431,"geometry":{"type":"Point","coordinates":[48.972657000000027,-15.377633999999944]},"properties":{"OBJECTID":431,"ID":"ADB100","Date":"2022-07-30","Fokontany":"Andilambe","Habitat":"outside","Genus":"Rattus","Species":"Rattus rattus","Sex":"F","Number_of_Fleas":0,"X__cheopis_Count":0,"X__brasiliensis_Count":0,"S__fonquerniei_Count":0,"C__felis_Count":0,"E__gallinacea_Count":0,"F1_RDT":"neg","Bacteriology":"neg","qPCR":"neg","Serology":"neg","Source":"Ramasindrazana et al. 2025. PLoS Negl Trop Dis 19(11):e0013710 (journal_pntd_0013710_s001.xlsx)","Longitude":48.972656999999998,"Latitude":-15.377634}},{"type":"Feature","id":432,"geometry":{"type":"Point","coordinates":[48.972639000000072,-15.377824999999973]},"properties":{"OBJECTID":432,"ID":"ADB101","Date":"2022-07-30","Fokontany":"Andilambe","Habitat":"outside","Genus":"Rattus","Species":"Rattus rattus","Sex":"F","Number_of_Fleas":0,"X__cheopis_Count":0,"X__brasiliensis_Count":0,"S__fonquerniei_Count":0,"C__felis_Count":0,"E__gallinacea_Count":0,"F1_RDT":"neg","Bacteriology":"neg","qPCR":"neg","Serology":"neg","Source":"Ramasindrazana et al. 2025. PLoS Negl Trop Dis 19(11):e0013710 (journal_pntd_0013710_s001.xlsx)","Longitude":48.972639000000001,"Latitude":-15.377825}},{"type":"Feature","id":433,"geometry":{"type":"Point","coordinates":[48.972600000000057,-15.377826999999968]},"properties":{"OBJECTID":433,"ID":"ADB102","Date":"2022-07-30","Fokontany":"Andilambe","Habitat":"outside","Genus":"Rattus","Species":"Rattus rattus","Sex":"F","Number_of_Fleas":0,"X__cheopis_Count":0,"X__brasiliensis_Count":0,"S__fonquerniei_Count":0,"C__felis_Count":0,"E__gallinacea_Count":0,"F1_RDT":"neg","Bacteriology":"neg","qPCR":"neg","Serology":"neg","Source":"Ramasindrazana et al. 2025. PLoS Negl Trop Dis 19(11):e0013710 (journal_pntd_0013710_s001.xlsx)","Longitude":48.9726,"Latitude":-15.377827}},{"type":"Feature","id":434,"geometry":{"type":"Point","coordinates":[48.972630000000038,-15.377859999999941]},"properties":{"OBJECTID":434,"ID":"ADB103","Date":"2022-07-30","Fokontany":"Andilambe","Habitat":"outside","Genus":"Rattus","Species":"Rattus rattus","Sex":"F","Number_of_Fleas":0,"X__cheopis_Count":0,"X__brasiliensis_Count":0,"S__fonquerniei_Count":0,"C__felis_Count":0,"E__gallinacea_Count":0,"F1_RDT":"neg","Bacteriology":"neg","qPCR":"neg","Serology":"neg","Source":"Ramasindrazana et al. 2025. PLoS Negl Trop Dis 19(11):e0013710 (journal_pntd_0013710_s001.xlsx)","Longitude":48.972630000000002,"Latitude":-15.37786}},{"type":"Feature","id":435,"geometry":{"type":"Point","coordinates":[48.972693000000049,-15.377887999999928]},"properties":{"OBJECTID":435,"ID":"ADB104","Date":"2022-07-30","Fokontany":"Andilambe","Habitat":"outside","Genus":"Rattus","Species":"Rattus rattus","Sex":"M","Number_of_Fleas":0,"X__cheopis_Count":0,"X__brasiliensis_Count":0,"S__fonquerniei_Count":0,"C__felis_Count":0,"E__gallinacea_Count":0,"F1_RDT":"neg","Bacteriology":"neg","qPCR":"neg","Serology":"neg","Source":"Ramasindrazana et al. 2025. PLoS Negl Trop Dis 19(11):e0013710 (journal_pntd_0013710_s001.xlsx)","Longitude":48.972693,"Latitude":-15.377888}},{"type":"Feature","id":436,"geometry":{"type":"Point","coordinates":[48.972802000000058,-15.377964999999961]},"properties":{"OBJECTID":436,"ID":"ADB105","Date":"2022-07-30","Fokontany":"Andilambe","Habitat":"outside","Genus":"Rattus","Species":"Rattus rattus","Sex":"F","Number_of_Fleas":0,"X__cheopis_Count":0,"X__brasiliensis_Count":0,"S__fonquerniei_Count":0,"C__felis_Count":0,"E__gallinacea_Count":0,"F1_RDT":"neg","Bacteriology":"neg","qPCR":"neg","Serology":"neg","Source":"Ramasindrazana et al. 2025. PLoS Negl Trop Dis 19(11):e0013710 (journal_pntd_0013710_s001.xlsx)","Longitude":48.972802000000001,"Latitude":-15.377965}},{"type":"Feature","id":437,"geometry":{"type":"Point","coordinates":[48.972846000000061,-15.377958999999976]},"properties":{"OBJECTID":437,"ID":"ADB106","Date":"2022-07-30","Fokontany":"Andilambe","Habitat":"outside","Genus":"Rattus","Species":"Rattus rattus","Sex":"F","Number_of_Fleas":0,"X__cheopis_Count":0,"X__brasiliensis_Count":0,"S__fonquerniei_Count":0,"C__felis_Count":0,"E__gallinacea_Count":0,"F1_RDT":"neg","Bacteriology":"neg","qPCR":"neg","Serology":"neg","Source":"Ramasindrazana et al. 2025. PLoS Negl Trop Dis 19(11):e0013710 (journal_pntd_0013710_s001.xlsx)","Longitude":48.972845999999997,"Latitude":-15.377959000000001}},{"type":"Feature","id":438,"geometry":{"type":"Point","coordinates":[48.972848000000056,-15.378015999999946]},"properties":{"OBJECTID":438,"ID":"ADB107","Date":"2022-07-30","Fokontany":"Andilambe","Habitat":"outside","Genus":"Rattus","Species":"Rattus rattus","Sex":"M","Number_of_Fleas":1,"X__cheopis_Count":0,"X__brasiliensis_Count":1,"S__fonquerniei_Count":0,"C__felis_Count":0,"E__gallinacea_Count":0,"F1_RDT":"neg","Bacteriology":"neg","qPCR":"neg","Serology":"neg","Source":"Ramasindrazana et al. 2025. PLoS Negl Trop Dis 19(11):e0013710 (journal_pntd_0013710_s001.xlsx)","Longitude":48.972847999999999,"Latitude":-15.378016000000001}},{"type":"Feature","id":439,"geometry":{"type":"Point","coordinates":[48.972830000000044,-15.378056999999956]},"properties":{"OBJECTID":439,"ID":"ADB108","Date":"2022-07-30","Fokontany":"Andilambe","Habitat":"outside","Genus":"Rattus","Species":"Rattus rattus","Sex":"F","Number_of_Fleas":1,"X__cheopis_Count":0,"X__brasiliensis_Count":0,"S__fonquerniei_Count":1,"C__felis_Count":0,"E__gallinacea_Count":0,"F1_RDT":"neg","Bacteriology":"neg","qPCR":"neg","Serology":"neg","Source":"Ramasindrazana et al. 2025. PLoS Negl Trop Dis 19(11):e0013710 (journal_pntd_0013710_s001.xlsx)","Longitude":48.972830000000002,"Latitude":-15.378057}},{"type":"Feature","id":440,"geometry":{"type":"Point","coordinates":[48.972925000000032,-15.377998999999932]},"properties":{"OBJECTID":440,"ID":"ADB109","Date":"2022-07-30","Fokontany":"Andilambe","Habitat":"outside","Genus":"Rattus","Species":"Rattus rattus","Sex":"F","Number_of_Fleas":0,"X__cheopis_Count":0,"X__brasiliensis_Count":0,"S__fonquerniei_Count":0,"C__felis_Count":0,"E__gallinacea_Count":0,"F1_RDT":"neg","Bacteriology":"neg","qPCR":"neg","Serology":"neg","Source":"Ramasindrazana et al. 2025. PLoS Negl Trop Dis 19(11):e0013710 (journal_pntd_0013710_s001.xlsx)","Longitude":48.972924999999996,"Latitude":-15.377999000000001}},{"type":"Feature","id":441,"geometry":{"type":"Point","coordinates":[48.972917000000052,-15.378160999999977]},"properties":{"OBJECTID":441,"ID":"ADB110","Date":"2022-07-30","Fokontany":"Andilambe","Habitat":"outside","Genus":"Rattus","Species":"Rattus rattus","Sex":"M","Number_of_Fleas":0,"X__cheopis_Count":0,"X__brasiliensis_Count":0,"S__fonquerniei_Count":0,"C__felis_Count":0,"E__gallinacea_Count":0,"F1_RDT":"neg","Bacteriology":"neg","qPCR":"neg","Serology":"neg","Source":"Ramasindrazana et al. 2025. PLoS Negl Trop Dis 19(11):e0013710 (journal_pntd_0013710_s001.xlsx)","Longitude":48.972917000000002,"Latitude":-15.378161}},{"type":"Feature","id":442,"geometry":{"type":"Point","coordinates":[48.973156000000074,-15.377754999999979]},"properties":{"OBJECTID":442,"ID":"ADB111","Date":"2022-07-30","Fokontany":"Andilambe","Habitat":"outside","Genus":"Rattus","Species":"Rattus rattus","Sex":"M","Number_of_Fleas":0,"X__cheopis_Count":0,"X__brasiliensis_Count":0,"S__fonquerniei_Count":0,"C__felis_Count":0,"E__gallinacea_Count":0,"F1_RDT":"neg","Bacteriology":"neg","qPCR":"neg","Serology":"neg","Source":"Ramasindrazana et al. 2025. PLoS Negl Trop Dis 19(11):e0013710 (journal_pntd_0013710_s001.xlsx)","Longitude":48.973156000000003,"Latitude":-15.377755000000001}},{"type":"Feature","id":443,"geometry":{"type":"Point","coordinates":[48.97305700000004,-15.377773999999931]},"properties":{"OBJECTID":443,"ID":"ADB112","Date":"2022-07-30","Fokontany":"Andilambe","Habitat":"outside","Genus":"Rattus","Species":"Rattus rattus","Sex":"F","Number_of_Fleas":0,"X__cheopis_Count":0,"X__brasiliensis_Count":0,"S__fonquerniei_Count":0,"C__felis_Count":0,"E__gallinacea_Count":0,"F1_RDT":"neg","Bacteriology":"neg","qPCR":"neg","Serology":"neg","Source":"Ramasindrazana et al. 2025. PLoS Negl Trop Dis 19(11):e0013710 (journal_pntd_0013710_s001.xlsx)","Longitude":48.973056999999997,"Latitude":-15.377774}},{"type":"Feature","id":444,"geometry":{"type":"Point","coordinates":[48.973029000000054,-15.377617999999927]},"properties":{"OBJECTID":444,"ID":"ADB113","Date":"2022-07-30","Fokontany":"Andilambe","Habitat":"outside","Genus":"Rattus","Species":"Rattus rattus","Sex":"M","Number_of_Fleas":0,"X__cheopis_Count":0,"X__brasiliensis_Count":0,"S__fonquerniei_Count":0,"C__felis_Count":0,"E__gallinacea_Count":0,"F1_RDT":"neg","Bacteriology":"neg","qPCR":"neg","Serology":"neg","Source":"Ramasindrazana et al. 2025. PLoS Negl Trop Dis 19(11):e0013710 (journal_pntd_0013710_s001.xlsx)","Longitude":48.973028999999997,"Latitude":-15.377618}},{"type":"Feature","id":445,"geometry":{"type":"Point","coordinates":[48.972953000000075,-15.377566999999942]},"properties":{"OBJECTID":445,"ID":"ADB114","Date":"2022-07-30","Fokontany":"Andilambe","Habitat":"outside","Genus":"Rattus","Species":"Rattus rattus","Sex":"F","Number_of_Fleas":0,"X__cheopis_Count":0,"X__brasiliensis_Count":0,"S__fonquerniei_Count":0,"C__felis_Count":0,"E__gallinacea_Count":0,"F1_RDT":"neg","Bacteriology":"neg","qPCR":"neg","Serology":"neg","Source":"Ramasindrazana et al. 2025. PLoS Negl Trop Dis 19(11):e0013710 (journal_pntd_0013710_s001.xlsx)","Longitude":48.972952999999997,"Latitude":-15.377567000000001}},{"type":"Feature","id":446,"geometry":{"type":"Point","coordinates":[48.97291400000006,-15.377544999999941]},"properties":{"OBJECTID":446,"ID":"ADB115","Date":"2022-07-30","Fokontany":"Andilambe","Habitat":"outside","Genus":"Rattus","Species":"Rattus rattus","Sex":"F","Number_of_Fleas":0,"X__cheopis_Count":0,"X__brasiliensis_Count":0,"S__fonquerniei_Count":0,"C__felis_Count":0,"E__gallinacea_Count":0,"F1_RDT":"neg","Bacteriology":"neg","qPCR":"neg","Serology":"neg","Source":"Ramasindrazana et al. 2025. PLoS Negl Trop Dis 19(11):e0013710 (journal_pntd_0013710_s001.xlsx)","Longitude":48.972914000000003,"Latitude":-15.377545}},{"type":"Feature","id":447,"geometry":{"type":"Point","coordinates":[48.972896000000048,-15.377516999999955]},"properties":{"OBJECTID":447,"ID":"ADB116","Date":"2022-07-30","Fokontany":"Andilambe","Habitat":"outside","Genus":"Rattus","Species":"Rattus rattus","Sex":"F","Number_of_Fleas":0,"X__cheopis_Count":0,"X__brasiliensis_Count":0,"S__fonquerniei_Count":0,"C__felis_Count":0,"E__gallinacea_Count":0,"F1_RDT":"neg","Bacteriology":"neg","qPCR":"neg","Serology":"neg","Source":"Ramasindrazana et al. 2025. PLoS Negl Trop Dis 19(11):e0013710 (journal_pntd_0013710_s001.xlsx)","Longitude":48.972895999999999,"Latitude":-15.377516999999999}},{"type":"Feature","id":448,"geometry":{"type":"Point","coordinates":[48.973073000000056,-15.377497999999946]},"properties":{"OBJECTID":448,"ID":"ADB117","Date":"2022-07-30","Fokontany":"Andilambe","Habitat":"outside","Genus":"Rattus","Species":"Rattus rattus","Sex":"F","Number_of_Fleas":1,"X__cheopis_Count":0,"X__brasiliensis_Count":0,"S__fonquerniei_Count":1,"C__felis_Count":0,"E__gallinacea_Count":0,"F1_RDT":"neg","Bacteriology":"neg","qPCR":"neg","Serology":"neg","Source":"Ramasindrazana et al. 2025. PLoS Negl Trop Dis 19(11):e0013710 (journal_pntd_0013710_s001.xlsx)","Longitude":48.973072999999999,"Latitude":-15.377497999999999}},{"type":"Feature","id":449,"geometry":{"type":"Point","coordinates":[48.973044000000073,-15.377529999999979]},"properties":{"OBJECTID":449,"ID":"ADB118","Date":"2022-07-30","Fokontany":"Andilambe","Habitat":"outside","Genus":"Rattus","Species":"Rattus rattus","Sex":"F","Number_of_Fleas":0,"X__cheopis_Count":0,"X__brasiliensis_Count":0,"S__fonquerniei_Count":0,"C__felis_Count":0,"E__gallinacea_Count":0,"F1_RDT":"neg","Bacteriology":"neg","qPCR":"neg","Serology":"neg","Source":"Ramasindrazana et al. 2025. PLoS Negl Trop Dis 19(11):e0013710 (journal_pntd_0013710_s001.xlsx)","Longitude":48.973044000000002,"Latitude":-15.37753}},{"type":"Feature","id":450,"geometry":{"type":"Point","coordinates":[48.973104000000035,-15.377392999999927]},"properties":{"OBJECTID":450,"ID":"ADB119","Date":"2022-07-30","Fokontany":"Andilambe","Habitat":"outside","Genus":"Rattus","Species":"Rattus rattus","Sex":"F","Number_of_Fleas":0,"X__cheopis_Count":0,"X__brasiliensis_Count":0,"S__fonquerniei_Count":0,"C__felis_Count":0,"E__gallinacea_Count":0,"F1_RDT":"neg","Bacteriology":"neg","qPCR":"neg","Serology":"neg","Source":"Ramasindrazana et al. 2025. PLoS Negl Trop Dis 19(11):e0013710 (journal_pntd_0013710_s001.xlsx)","Longitude":48.973103999999999,"Latitude":-15.377393}},{"type":"Feature","id":451,"geometry":{"type":"Point","coordinates":[48.97322500000007,-15.377429999999947]},"properties":{"OBJECTID":451,"ID":"ADB120","Date":"2022-07-30","Fokontany":"Andilambe","Habitat":"outside","Genus":"Rattus","Species":"Rattus rattus","Sex":"M","Number_of_Fleas":0,"X__cheopis_Count":0,"X__brasiliensis_Count":0,"S__fonquerniei_Count":0,"C__felis_Count":0,"E__gallinacea_Count":0,"F1_RDT":"neg","Bacteriology":"neg","qPCR":"neg","Serology":"neg","Source":"Ramasindrazana et al. 2025. PLoS Negl Trop Dis 19(11):e0013710 (journal_pntd_0013710_s001.xlsx)","Longitude":48.973224999999999,"Latitude":-15.37743}},{"type":"Feature","id":452,"geometry":{"type":"Point","coordinates":[48.971968000000061,-15.376599999999939]},"properties":{"OBJECTID":452,"ID":"ADB121","Date":"2022-07-31","Fokontany":"Andilambe","Habitat":"outside","Genus":"Rattus","Species":"Rattus rattus","Sex":"M","Number_of_Fleas":0,"X__cheopis_Count":0,"X__brasiliensis_Count":0,"S__fonquerniei_Count":0,"C__felis_Count":0,"E__gallinacea_Count":0,"F1_RDT":"neg","Bacteriology":"neg","qPCR":"neg","Serology":"neg","Source":"Ramasindrazana et al. 2025. PLoS Negl Trop Dis 19(11):e0013710 (journal_pntd_0013710_s001.xlsx)","Longitude":48.971967999999997,"Latitude":-15.3766}},{"type":"Feature","id":453,"geometry":{"type":"Point","coordinates":[48.971937000000025,-15.376739999999927]},"properties":{"OBJECTID":453,"ID":"ADB122","Date":"2022-07-31","Fokontany":"Andilambe","Habitat":"outside","Genus":"Rattus","Species":"Rattus rattus","Sex":"F","Number_of_Fleas":0,"X__cheopis_Count":0,"X__brasiliensis_Count":0,"S__fonquerniei_Count":0,"C__felis_Count":0,"E__gallinacea_Count":0,"F1_RDT":"neg","Bacteriology":"neg","qPCR":"neg","Serology":"neg","Source":"Ramasindrazana et al. 2025. PLoS Negl Trop Dis 19(11):e0013710 (journal_pntd_0013710_s001.xlsx)","Longitude":48.971936999999997,"Latitude":-15.37674}},{"type":"Feature","id":454,"geometry":{"type":"Point","coordinates":[48.972129000000052,-15.376826999999935]},"properties":{"OBJECTID":454,"ID":"ADB123","Date":"2022-07-31","Fokontany":"Andilambe","Habitat":"outside","Genus":"Suncus","Species":"Suncus murinus","Sex":"F","Number_of_Fleas":0,"X__cheopis_Count":0,"X__brasiliensis_Count":0,"S__fonquerniei_Count":0,"C__felis_Count":0,"E__gallinacea_Count":0,"F1_RDT":"neg","Bacteriology":"neg","qPCR":"neg","Serology":"neg","Source":"Ramasindrazana et al. 2025. PLoS Negl Trop Dis 19(11):e0013710 (journal_pntd_0013710_s001.xlsx)","Longitude":48.972129000000002,"Latitude":-15.376827}},{"type":"Feature","id":455,"geometry":{"type":"Point","coordinates":[48.972129000000052,-15.376826999999935]},"properties":{"OBJECTID":455,"ID":"ADB124","Date":"2022-07-31","Fokontany":"Andilambe","Habitat":"outside","Genus":"Suncus","Species":"Suncus murinus","Sex":"M","Number_of_Fleas":0,"X__cheopis_Count":0,"X__brasiliensis_Count":0,"S__fonquerniei_Count":0,"C__felis_Count":0,"E__gallinacea_Count":0,"F1_RDT":"neg","Bacteriology":"neg","qPCR":"neg","Serology":"neg","Source":"Ramasindrazana et al. 2025. PLoS Negl Trop Dis 19(11):e0013710 (journal_pntd_0013710_s001.xlsx)","Longitude":48.972129000000002,"Latitude":-15.376827}},{"type":"Feature","id":456,"geometry":{"type":"Point","coordinates":[48.972227000000032,-15.376764999999978]},"properties":{"OBJECTID":456,"ID":"ADB125","Date":"2022-07-31","Fokontany":"Andilambe","Habitat":"outside","Genus":"Rattus","Species":"Rattus rattus","Sex":"F","Number_of_Fleas":0,"X__cheopis_Count":0,"X__brasiliensis_Count":0,"S__fonquerniei_Count":0,"C__felis_Count":0,"E__gallinacea_Count":0,"F1_RDT":"neg","Bacteriology":"neg","qPCR":"neg","Serology":"neg","Source":"Ramasindrazana et al. 2025. PLoS Negl Trop Dis 19(11):e0013710 (journal_pntd_0013710_s001.xlsx)","Longitude":48.972226999999997,"Latitude":-15.376765000000001}},{"type":"Feature","id":457,"geometry":{"type":"Point","coordinates":[48.972235000000069,-15.376901999999973]},"properties":{"OBJECTID":457,"ID":"ADB126","Date":"2022-07-31","Fokontany":"Andilambe","Habitat":"outside","Genus":"Rattus","Species":"Rattus rattus","Sex":"F","Number_of_Fleas":0,"X__cheopis_Count":0,"X__brasiliensis_Count":0,"S__fonquerniei_Count":0,"C__felis_Count":0,"E__gallinacea_Count":0,"F1_RDT":"neg","Bacteriology":"neg","qPCR":"neg","Serology":"neg","Source":"Ramasindrazana et al. 2025. PLoS Negl Trop Dis 19(11):e0013710 (journal_pntd_0013710_s001.xlsx)","Longitude":48.972234999999998,"Latitude":-15.376901999999999}},{"type":"Feature","id":458,"geometry":{"type":"Point","coordinates":[48.972503000000074,-15.377054999999928]},"properties":{"OBJECTID":458,"ID":"ADB127","Date":"2022-07-31","Fokontany":"Andilambe","Habitat":"outside","Genus":"Suncus","Species":"Suncus murinus","Sex":"M","Number_of_Fleas":0,"X__cheopis_Count":0,"X__brasiliensis_Count":0,"S__fonquerniei_Count":0,"C__felis_Count":0,"E__gallinacea_Count":0,"F1_RDT":"neg","Bacteriology":"neg","qPCR":"neg","Serology":"neg","Source":"Ramasindrazana et al. 2025. PLoS Negl Trop Dis 19(11):e0013710 (journal_pntd_0013710_s001.xlsx)","Longitude":48.972503000000003,"Latitude":-15.377055}},{"type":"Feature","id":459,"geometry":{"type":"Point","coordinates":[48.972665000000063,-15.377609999999947]},"properties":{"OBJECTID":459,"ID":"ADB128","Date":"2022-07-31","Fokontany":"Andilambe","Habitat":"outside","Genus":"Rattus","Species":"Rattus rattus","Sex":"F","Number_of_Fleas":1,"X__cheopis_Count":0,"X__brasiliensis_Count":0,"S__fonquerniei_Count":1,"C__felis_Count":0,"E__gallinacea_Count":0,"F1_RDT":"neg","Bacteriology":"neg","qPCR":"neg","Serology":"neg","Source":"Ramasindrazana et al. 2025. PLoS Negl Trop Dis 19(11):e0013710 (journal_pntd_0013710_s001.xlsx)","Longitude":48.972664999999999,"Latitude":-15.377610000000001}},{"type":"Feature","id":460,"geometry":{"type":"Point","coordinates":[48.972639000000072,-15.377824999999973]},"properties":{"OBJECTID":460,"ID":"ADB129","Date":"2022-07-31","Fokontany":"Andilambe","Habitat":"outside","Genus":"Rattus","Species":"Rattus rattus","Sex":"M","Number_of_Fleas":0,"X__cheopis_Count":0,"X__brasiliensis_Count":0,"S__fonquerniei_Count":0,"C__felis_Count":0,"E__gallinacea_Count":0,"F1_RDT":"neg","Bacteriology":"neg","qPCR":"neg","Serology":"neg","Source":"Ramasindrazana et al. 2025. PLoS Negl Trop Dis 19(11):e0013710 (journal_pntd_0013710_s001.xlsx)","Longitude":48.972639000000001,"Latitude":-15.377825}},{"type":"Feature","id":461,"geometry":{"type":"Point","coordinates":[48.972593000000074,-15.37783399999995]},"properties":{"OBJECTID":461,"ID":"ADB130","Date":"2022-07-31","Fokontany":"Andilambe","Habitat":"outside","Genus":"Rattus","Species":"Rattus rattus","Sex":"M","Number_of_Fleas":0,"X__cheopis_Count":0,"X__brasiliensis_Count":0,"S__fonquerniei_Count":0,"C__felis_Count":0,"E__gallinacea_Count":0,"F1_RDT":"neg","Bacteriology":"neg","qPCR":"neg","Serology":"neg","Source":"Ramasindrazana et al. 2025. PLoS Negl Trop Dis 19(11):e0013710 (journal_pntd_0013710_s001.xlsx)","Longitude":48.972593000000003,"Latitude":-15.377834}},{"type":"Feature","id":462,"geometry":{"type":"Point","coordinates":[48.972646000000054,-15.377877999999953]},"properties":{"OBJECTID":462,"ID":"ADB131","Date":"2022-07-31","Fokontany":"Andilambe","Habitat":"outside","Genus":"Rattus","Species":"Rattus rattus","Sex":"M","Number_of_Fleas":0,"X__cheopis_Count":0,"X__brasiliensis_Count":0,"S__fonquerniei_Count":0,"C__felis_Count":0,"E__gallinacea_Count":0,"F1_RDT":"neg","Bacteriology":"neg","qPCR":"neg","Serology":"neg","Source":"Ramasindrazana et al. 2025. PLoS Negl Trop Dis 19(11):e0013710 (journal_pntd_0013710_s001.xlsx)","Longitude":48.972645999999997,"Latitude":-15.377878000000001}},{"type":"Feature","id":463,"geometry":{"type":"Point","coordinates":[48.972693000000049,-15.377887999999928]},"properties":{"OBJECTID":463,"ID":"ADB132","Date":"2022-07-31","Fokontany":"Andilambe","Habitat":"outside","Genus":"Rattus","Species":"Rattus rattus","Sex":"F","Number_of_Fleas":1,"X__cheopis_Count":0,"X__brasiliensis_Count":0,"S__fonquerniei_Count":1,"C__felis_Count":0,"E__gallinacea_Count":0,"F1_RDT":"neg","Bacteriology":"neg","qPCR":"neg","Serology":"neg","Source":"Ramasindrazana et al. 2025. PLoS Negl Trop Dis 19(11):e0013710 (journal_pntd_0013710_s001.xlsx)","Longitude":48.972693,"Latitude":-15.377888}},{"type":"Feature","id":464,"geometry":{"type":"Point","coordinates":[48.972802000000058,-15.377964999999961]},"properties":{"OBJECTID":464,"ID":"ADB133","Date":"2022-07-31","Fokontany":"Andilambe","Habitat":"outside","Genus":"Rattus","Species":"Rattus rattus","Sex":"M","Number_of_Fleas":0,"X__cheopis_Count":0,"X__brasiliensis_Count":0,"S__fonquerniei_Count":0,"C__felis_Count":0,"E__gallinacea_Count":0,"F1_RDT":"neg","Bacteriology":"neg","qPCR":"neg","Serology":"neg","Source":"Ramasindrazana et al. 2025. PLoS Negl Trop Dis 19(11):e0013710 (journal_pntd_0013710_s001.xlsx)","Longitude":48.972802000000001,"Latitude":-15.377965}},{"type":"Feature","id":465,"geometry":{"type":"Point","coordinates":[48.972846000000061,-15.377958999999976]},"properties":{"OBJECTID":465,"ID":"ADB134","Date":"2022-07-31","Fokontany":"Andilambe","Habitat":"outside","Genus":"Rattus","Species":"Rattus rattus","Sex":"F","Number_of_Fleas":3,"X__cheopis_Count":0,"X__brasiliensis_Count":1,"S__fonquerniei_Count":2,"C__felis_Count":0,"E__gallinacea_Count":0,"F1_RDT":"neg","Bacteriology":"neg","qPCR":"neg","Serology":"neg","Source":"Ramasindrazana et al. 2025. PLoS Negl Trop Dis 19(11):e0013710 (journal_pntd_0013710_s001.xlsx)","Longitude":48.972845999999997,"Latitude":-15.377959000000001}},{"type":"Feature","id":466,"geometry":{"type":"Point","coordinates":[48.972848000000056,-15.378015999999946]},"properties":{"OBJECTID":466,"ID":"ADB135","Date":"2022-07-31","Fokontany":"Andilambe","Habitat":"outside","Genus":"Rattus","Species":"Rattus rattus","Sex":"F","Number_of_Fleas":0,"X__cheopis_Count":0,"X__brasiliensis_Count":0,"S__fonquerniei_Count":0,"C__felis_Count":0,"E__gallinacea_Count":0,"F1_RDT":"neg","Bacteriology":"neg","qPCR":"neg","Serology":"neg","Source":"Ramasindrazana et al. 2025. PLoS Negl Trop Dis 19(11):e0013710 (journal_pntd_0013710_s001.xlsx)","Longitude":48.972847999999999,"Latitude":-15.378016000000001}},{"type":"Feature","id":467,"geometry":{"type":"Point","coordinates":[48.972830000000044,-15.378056999999956]},"properties":{"OBJECTID":467,"ID":"ADB136","Date":"2022-07-31","Fokontany":"Andilambe","Habitat":"outside","Genus":"Rattus","Species":"Rattus rattus","Sex":"F","Number_of_Fleas":0,"X__cheopis_Count":0,"X__brasiliensis_Count":0,"S__fonquerniei_Count":0,"C__felis_Count":0,"E__gallinacea_Count":0,"F1_RDT":"neg","Bacteriology":"neg","qPCR":"neg","Serology":"neg","Source":"Ramasindrazana et al. 2025. PLoS Negl Trop Dis 19(11):e0013710 (journal_pntd_0013710_s001.xlsx)","Longitude":48.972830000000002,"Latitude":-15.378057}},{"type":"Feature","id":468,"geometry":{"type":"Point","coordinates":[48.972953000000075,-15.377566999999942]},"properties":{"OBJECTID":468,"ID":"ADB137","Date":"2022-07-31","Fokontany":"Andilambe","Habitat":"outside","Genus":"Rattus","Species":"Rattus rattus","Sex":"F","Number_of_Fleas":0,"X__cheopis_Count":0,"X__brasiliensis_Count":0,"S__fonquerniei_Count":0,"C__felis_Count":0,"E__gallinacea_Count":0,"F1_RDT":"neg","Bacteriology":"neg","qPCR":"neg","Serology":"neg","Source":"Ramasindrazana et al. 2025. PLoS Negl Trop Dis 19(11):e0013710 (journal_pntd_0013710_s001.xlsx)","Longitude":48.972952999999997,"Latitude":-15.377567000000001}},{"type":"Feature","id":469,"geometry":{"type":"Point","coordinates":[48.972896000000048,-15.377516999999955]},"properties":{"OBJECTID":469,"ID":"ADB138","Date":"2022-07-31","Fokontany":"Andilambe","Habitat":"outside","Genus":"Rattus","Species":"Rattus rattus","Sex":"F","Number_of_Fleas":0,"X__cheopis_Count":0,"X__brasiliensis_Count":0,"S__fonquerniei_Count":0,"C__felis_Count":0,"E__gallinacea_Count":0,"F1_RDT":"neg","Bacteriology":"neg","qPCR":"neg","Serology":"neg","Source":"Ramasindrazana et al. 2025. PLoS Negl Trop Dis 19(11):e0013710 (journal_pntd_0013710_s001.xlsx)","Longitude":48.972895999999999,"Latitude":-15.377516999999999}},{"type":"Feature","id":470,"geometry":{"type":"Point","coordinates":[48.972190000000069,-15.376773999999955]},"properties":{"OBJECTID":470,"ID":"ADB139","Date":"2022-08-01","Fokontany":"Andilambe","Habitat":"outside","Genus":"Rattus","Species":"Rattus rattus","Sex":"M","Number_of_Fleas":0,"X__cheopis_Count":0,"X__brasiliensis_Count":0,"S__fonquerniei_Count":0,"C__felis_Count":0,"E__gallinacea_Count":0,"F1_RDT":"neg","Bacteriology":"neg","qPCR":"neg","Serology":"neg","Source":"Ramasindrazana et al. 2025. PLoS Negl Trop Dis 19(11):e0013710 (journal_pntd_0013710_s001.xlsx)","Longitude":48.972189999999998,"Latitude":-15.376773999999999}},{"type":"Feature","id":471,"geometry":{"type":"Point","coordinates":[48.972190000000069,-15.376773999999955]},"properties":{"OBJECTID":471,"ID":"ADB140","Date":"2022-08-01","Fokontany":"Andilambe","Habitat":"outside","Genus":"Rattus","Species":"Rattus rattus","Sex":"F","Number_of_Fleas":0,"X__cheopis_Count":0,"X__brasiliensis_Count":0,"S__fonquerniei_Count":0,"C__felis_Count":0,"E__gallinacea_Count":0,"F1_RDT":"neg","Bacteriology":"neg","qPCR":"neg","Serology":"neg","Source":"Ramasindrazana et al. 2025. PLoS Negl Trop Dis 19(11):e0013710 (journal_pntd_0013710_s001.xlsx)","Longitude":48.972189999999998,"Latitude":-15.376773999999999}},{"type":"Feature","id":472,"geometry":{"type":"Point","coordinates":[48.972301000000073,-15.376973999999962]},"properties":{"OBJECTID":472,"ID":"ADB141","Date":"2022-08-01","Fokontany":"Andilambe","Habitat":"outside","Genus":"Rattus","Species":"Rattus rattus","Sex":"F","Number_of_Fleas":0,"X__cheopis_Count":0,"X__brasiliensis_Count":0,"S__fonquerniei_Count":0,"C__felis_Count":0,"E__gallinacea_Count":0,"F1_RDT":"neg","Bacteriology":"neg","qPCR":"neg","Serology":"neg","Source":"Ramasindrazana et al. 2025. PLoS Negl Trop Dis 19(11):e0013710 (journal_pntd_0013710_s001.xlsx)","Longitude":48.972301000000002,"Latitude":-15.376974000000001}},{"type":"Feature","id":473,"geometry":{"type":"Point","coordinates":[48.972567000000026,-15.376915999999937]},"properties":{"OBJECTID":473,"ID":"ADB142","Date":"2022-08-01","Fokontany":"Andilambe","Habitat":"outside","Genus":"Rattus","Species":"Rattus rattus","Sex":"F","Number_of_Fleas":0,"X__cheopis_Count":0,"X__brasiliensis_Count":0,"S__fonquerniei_Count":0,"C__felis_Count":0,"E__gallinacea_Count":0,"F1_RDT":"neg","Bacteriology":"neg","qPCR":"neg","Serology":"neg","Source":"Ramasindrazana et al. 2025. PLoS Negl Trop Dis 19(11):e0013710 (journal_pntd_0013710_s001.xlsx)","Longitude":48.972566999999998,"Latitude":-15.376916}},{"type":"Feature","id":474,"geometry":{"type":"Point","coordinates":[48.972709000000066,-15.377926999999943]},"properties":{"OBJECTID":474,"ID":"ADB143","Date":"2022-08-01","Fokontany":"Andilambe","Habitat":"outside","Genus":"Rattus","Species":"Rattus rattus","Sex":"F","Number_of_Fleas":0,"X__cheopis_Count":0,"X__brasiliensis_Count":0,"S__fonquerniei_Count":0,"C__felis_Count":0,"E__gallinacea_Count":0,"F1_RDT":"neg","Bacteriology":"neg","qPCR":"neg","Serology":"neg","Source":"Ramasindrazana et al. 2025. PLoS Negl Trop Dis 19(11):e0013710 (journal_pntd_0013710_s001.xlsx)","Longitude":48.972709000000002,"Latitude":-15.377927}},{"type":"Feature","id":475,"geometry":{"type":"Point","coordinates":[48.972802000000058,-15.377964999999961]},"properties":{"OBJECTID":475,"ID":"ADB144","Date":"2022-08-01","Fokontany":"Andilambe","Habitat":"outside","Genus":"Rattus","Species":"Rattus rattus","Sex":"M","Number_of_Fleas":0,"X__cheopis_Count":0,"X__brasiliensis_Count":0,"S__fonquerniei_Count":0,"C__felis_Count":0,"E__gallinacea_Count":0,"F1_RDT":"neg","Bacteriology":"neg","qPCR":"neg","Serology":"neg","Source":"Ramasindrazana et al. 2025. PLoS Negl Trop Dis 19(11):e0013710 (journal_pntd_0013710_s001.xlsx)","Longitude":48.972802000000001,"Latitude":-15.377965}},{"type":"Feature","id":476,"geometry":{"type":"Point","coordinates":[48.972848000000056,-15.378015999999946]},"properties":{"OBJECTID":476,"ID":"ADB145","Date":"2022-08-01","Fokontany":"Andilambe","Habitat":"outside","Genus":"Rattus","Species":"Rattus rattus","Sex":"F","Number_of_Fleas":0,"X__cheopis_Count":0,"X__brasiliensis_Count":0,"S__fonquerniei_Count":0,"C__felis_Count":0,"E__gallinacea_Count":0,"F1_RDT":"neg","Bacteriology":"neg","qPCR":"neg","Serology":"neg","Source":"Ramasindrazana et al. 2025. PLoS Negl Trop Dis 19(11):e0013710 (journal_pntd_0013710_s001.xlsx)","Longitude":48.972847999999999,"Latitude":-15.378016000000001}},{"type":"Feature","id":477,"geometry":{"type":"Point","coordinates":[48.972925000000032,-15.377998999999932]},"properties":{"OBJECTID":477,"ID":"ADB146","Date":"2022-08-01","Fokontany":"Andilambe","Habitat":"outside","Genus":"Rattus","Species":"Rattus rattus","Sex":"F","Number_of_Fleas":0,"X__cheopis_Count":0,"X__brasiliensis_Count":0,"S__fonquerniei_Count":0,"C__felis_Count":0,"E__gallinacea_Count":0,"F1_RDT":"neg","Bacteriology":"neg","qPCR":"neg","Serology":"neg","Source":"Ramasindrazana et al. 2025. PLoS Negl Trop Dis 19(11):e0013710 (journal_pntd_0013710_s001.xlsx)","Longitude":48.972924999999996,"Latitude":-15.377999000000001}},{"type":"Feature","id":478,"geometry":{"type":"Point","coordinates":[48.972953000000075,-15.377566999999942]},"properties":{"OBJECTID":478,"ID":"ADB147","Date":"2022-08-01","Fokontany":"Andilambe","Habitat":"outside","Genus":"Rattus","Species":"Rattus rattus","Sex":"M","Number_of_Fleas":0,"X__cheopis_Count":0,"X__brasiliensis_Count":0,"S__fonquerniei_Count":0,"C__felis_Count":0,"E__gallinacea_Count":0,"F1_RDT":"neg","Bacteriology":"neg","qPCR":"neg","Serology":"neg","Source":"Ramasindrazana et al. 2025. PLoS Negl Trop Dis 19(11):e0013710 (journal_pntd_0013710_s001.xlsx)","Longitude":48.972952999999997,"Latitude":-15.377567000000001}},{"type":"Feature","id":479,"geometry":{"type":"Point","coordinates":[48.972000000000037,-15.376641999999947]},"properties":{"OBJECTID":479,"ID":"ADB148","Date":"2022-08-02","Fokontany":"Andilambe","Habitat":"outside","Genus":"Suncus","Species":"Suncus murinus","Sex":"M","Number_of_Fleas":0,"X__cheopis_Count":0,"X__brasiliensis_Count":0,"S__fonquerniei_Count":0,"C__felis_Count":0,"E__gallinacea_Count":0,"F1_RDT":"neg","Bacteriology":"neg","qPCR":"neg","Serology":"neg","Source":"Ramasindrazana et al. 2025. PLoS Negl Trop Dis 19(11):e0013710 (journal_pntd_0013710_s001.xlsx)","Longitude":48.972000000000001,"Latitude":-15.376642}},{"type":"Feature","id":480,"geometry":{"type":"Point","coordinates":[48.971949000000052,-15.37667799999997]},"properties":{"OBJECTID":480,"ID":"ADB149","Date":"2022-08-02","Fokontany":"Andilambe","Habitat":"outside","Genus":"Rattus","Species":"Rattus rattus","Sex":"F","Number_of_Fleas":0,"X__cheopis_Count":0,"X__brasiliensis_Count":0,"S__fonquerniei_Count":0,"C__felis_Count":0,"E__gallinacea_Count":0,"F1_RDT":"neg","Bacteriology":"neg","qPCR":"neg","Serology":"neg","Source":"Ramasindrazana et al. 2025. PLoS Negl Trop Dis 19(11):e0013710 (journal_pntd_0013710_s001.xlsx)","Longitude":48.971949000000002,"Latitude":-15.376678}},{"type":"Feature","id":481,"geometry":{"type":"Point","coordinates":[48.971937000000025,-15.376739999999927]},"properties":{"OBJECTID":481,"ID":"ADB150","Date":"2022-08-02","Fokontany":"Andilambe","Habitat":"outside","Genus":"Rattus","Species":"Rattus rattus","Sex":"M","Number_of_Fleas":0,"X__cheopis_Count":0,"X__brasiliensis_Count":0,"S__fonquerniei_Count":0,"C__felis_Count":0,"E__gallinacea_Count":0,"F1_RDT":"neg","Bacteriology":"neg","qPCR":"neg","Serology":"neg","Source":"Ramasindrazana et al. 2025. PLoS Negl Trop Dis 19(11):e0013710 (journal_pntd_0013710_s001.xlsx)","Longitude":48.971936999999997,"Latitude":-15.37674}},{"type":"Feature","id":482,"geometry":{"type":"Point","coordinates":[48.972503000000074,-15.377054999999928]},"properties":{"OBJECTID":482,"ID":"ADB151","Date":"2022-08-02","Fokontany":"Andilambe","Habitat":"outside","Genus":"Suncus","Species":"Suncus murinus","Sex":"F","Number_of_Fleas":0,"X__cheopis_Count":0,"X__brasiliensis_Count":0,"S__fonquerniei_Count":0,"C__felis_Count":0,"E__gallinacea_Count":0,"F1_RDT":"neg","Bacteriology":"neg","qPCR":"neg","Serology":"neg","Source":"Ramasindrazana et al. 2025. PLoS Negl Trop Dis 19(11):e0013710 (journal_pntd_0013710_s001.xlsx)","Longitude":48.972503000000003,"Latitude":-15.377055}},{"type":"Feature","id":483,"geometry":{"type":"Point","coordinates":[48.972846000000061,-15.377958999999976]},"properties":{"OBJECTID":483,"ID":"ADB152","Date":"2022-08-02","Fokontany":"Andilambe","Habitat":"outside","Genus":"Rattus","Species":"Rattus rattus","Sex":"M","Number_of_Fleas":0,"X__cheopis_Count":0,"X__brasiliensis_Count":0,"S__fonquerniei_Count":0,"C__felis_Count":0,"E__gallinacea_Count":0,"F1_RDT":"neg","Bacteriology":"neg","qPCR":"neg","Serology":"neg","Source":"Ramasindrazana et al. 2025. PLoS Negl Trop Dis 19(11):e0013710 (journal_pntd_0013710_s001.xlsx)","Longitude":48.972845999999997,"Latitude":-15.377959000000001}},{"type":"Feature","id":484,"geometry":{"type":"Point","coordinates":[48.972953000000075,-15.377566999999942]},"properties":{"OBJECTID":484,"ID":"ADB153","Date":"2022-08-02","Fokontany":"Andilambe","Habitat":"outside","Genus":"Rattus","Species":"Rattus rattus","Sex":"F","Number_of_Fleas":0,"X__cheopis_Count":0,"X__brasiliensis_Count":0,"S__fonquerniei_Count":0,"C__felis_Count":0,"E__gallinacea_Count":0,"F1_RDT":"neg","Bacteriology":"neg","qPCR":"neg","Serology":"neg","Source":"Ramasindrazana et al. 2025. PLoS Negl Trop Dis 19(11):e0013710 (journal_pntd_0013710_s001.xlsx)","Longitude":48.972952999999997,"Latitude":-15.377567000000001}},{"type":"Feature","id":485,"geometry":{"type":"Point","coordinates":[48.972780000000057,-15.377579999999966]},"properties":{"OBJECTID":485,"ID":"ADB154","Date":"2022-08-02","Fokontany":"Andilambe","Habitat":"outside","Genus":"Rattus","Species":"Rattus rattus","Sex":"M","Number_of_Fleas":0,"X__cheopis_Count":0,"X__brasiliensis_Count":0,"S__fonquerniei_Count":0,"C__felis_Count":0,"E__gallinacea_Count":0,"F1_RDT":"neg","Bacteriology":"neg","qPCR":"neg","Serology":"neg","Source":"Ramasindrazana et al. 2025. PLoS Negl Trop Dis 19(11):e0013710 (journal_pntd_0013710_s001.xlsx)","Longitude":48.97278,"Latitude":-15.37758}},{"type":"Feature","id":486,"geometry":{"type":"Point","coordinates":[48.954620000000034,-15.364138999999966]},"properties":{"OBJECTID":486,"ID":"TRB1","Date":"2022-08-05","Fokontany":"Tsarabanjina","Habitat":"outside","Genus":"Rattus","Species":"Rattus rattus","Sex":"M","Number_of_Fleas":0,"X__cheopis_Count":0,"X__brasiliensis_Count":0,"S__fonquerniei_Count":0,"C__felis_Count":0,"E__gallinacea_Count":0,"F1_RDT":"neg","Bacteriology":"neg","qPCR":"neg","Serology":"neg","Source":"Ramasindrazana et al. 2025. PLoS Negl Trop Dis 19(11):e0013710 (journal_pntd_0013710_s001.xlsx)","Longitude":48.954619999999998,"Latitude":-15.364139}},{"type":"Feature","id":487,"geometry":{"type":"Point","coordinates":[48.954612000000054,-15.364093999999966]},"properties":{"OBJECTID":487,"ID":"TRB2","Date":"2022-08-05","Fokontany":"Tsarabanjina","Habitat":"outside","Genus":"Rattus","Species":"Rattus rattus","Sex":"M","Number_of_Fleas":0,"X__cheopis_Count":0,"X__brasiliensis_Count":0,"S__fonquerniei_Count":0,"C__felis_Count":0,"E__gallinacea_Count":0,"F1_RDT":"neg","Bacteriology":"neg","qPCR":"neg","Serology":"neg","Source":"Ramasindrazana et al. 2025. PLoS Negl Trop Dis 19(11):e0013710 (journal_pntd_0013710_s001.xlsx)","Longitude":48.954611999999997,"Latitude":-15.364094}},{"type":"Feature","id":488,"geometry":{"type":"Point","coordinates":[48.954537000000073,-15.364008999999953]},"properties":{"OBJECTID":488,"ID":"TRB3","Date":"2022-08-05","Fokontany":"Tsarabanjina","Habitat":"outside","Genus":"Rattus","Species":"Rattus rattus","Sex":"F","Number_of_Fleas":0,"X__cheopis_Count":0,"X__brasiliensis_Count":0,"S__fonquerniei_Count":0,"C__felis_Count":0,"E__gallinacea_Count":0,"F1_RDT":"neg","Bacteriology":"neg","qPCR":"neg","Serology":"neg","Source":"Ramasindrazana et al. 2025. PLoS Negl Trop Dis 19(11):e0013710 (journal_pntd_0013710_s001.xlsx)","Longitude":48.954537000000002,"Latitude":-15.364008999999999}},{"type":"Feature","id":489,"geometry":{"type":"Point","coordinates":[48.95450100000005,-15.363920999999948]},"properties":{"OBJECTID":489,"ID":"TRB4","Date":"2022-08-05","Fokontany":"Tsarabanjina","Habitat":"outside","Genus":"Rattus","Species":"Rattus rattus","Sex":"M","Number_of_Fleas":0,"X__cheopis_Count":0,"X__brasiliensis_Count":0,"S__fonquerniei_Count":0,"C__felis_Count":0,"E__gallinacea_Count":0,"F1_RDT":"neg","Bacteriology":"neg","qPCR":"neg","Serology":"neg","Source":"Ramasindrazana et al. 2025. PLoS Negl Trop Dis 19(11):e0013710 (journal_pntd_0013710_s001.xlsx)","Longitude":48.954501,"Latitude":-15.363920999999999}},{"type":"Feature","id":490,"geometry":{"type":"Point","coordinates":[48.954420000000027,-15.363872999999955]},"properties":{"OBJECTID":490,"ID":"TRB5","Date":"2022-08-05","Fokontany":"Tsarabanjina","Habitat":"outside","Genus":"Rattus","Species":"Rattus rattus","Sex":"M","Number_of_Fleas":0,"X__cheopis_Count":0,"X__brasiliensis_Count":0,"S__fonquerniei_Count":0,"C__felis_Count":0,"E__gallinacea_Count":0,"F1_RDT":"neg","Bacteriology":"neg","qPCR":"neg","Serology":"neg","Source":"Ramasindrazana et al. 2025. PLoS Negl Trop Dis 19(11):e0013710 (journal_pntd_0013710_s001.xlsx)","Longitude":48.954419999999999,"Latitude":-15.363873}},{"type":"Feature","id":491,"geometry":{"type":"Point","coordinates":[48.954517000000067,-15.363900999999942]},"properties":{"OBJECTID":491,"ID":"TRB6","Date":"2022-08-05","Fokontany":"Tsarabanjina","Habitat":"outside","Genus":"Rattus","Species":"Rattus rattus","Sex":"M","Number_of_Fleas":0,"X__cheopis_Count":0,"X__brasiliensis_Count":0,"S__fonquerniei_Count":0,"C__felis_Count":0,"E__gallinacea_Count":0,"F1_RDT":"neg","Bacteriology":"neg","qPCR":"neg","Serology":"neg","Source":"Ramasindrazana et al. 2025. PLoS Negl Trop Dis 19(11):e0013710 (journal_pntd_0013710_s001.xlsx)","Longitude":48.954517000000003,"Latitude":-15.363901}},{"type":"Feature","id":492,"geometry":{"type":"Point","coordinates":[48.954422000000079,-15.36378899999994]},"properties":{"OBJECTID":492,"ID":"TRB7","Date":"2022-08-05","Fokontany":"Tsarabanjina","Habitat":"outside","Genus":"Rattus","Species":"Rattus rattus","Sex":"F","Number_of_Fleas":0,"X__cheopis_Count":0,"X__brasiliensis_Count":0,"S__fonquerniei_Count":0,"C__felis_Count":0,"E__gallinacea_Count":0,"F1_RDT":"neg","Bacteriology":"neg","qPCR":"neg","Serology":"neg","Source":"Ramasindrazana et al. 2025. PLoS Negl Trop Dis 19(11):e0013710 (journal_pntd_0013710_s001.xlsx)","Longitude":48.954422000000001,"Latitude":-15.363789000000001}},{"type":"Feature","id":493,"geometry":{"type":"Point","coordinates":[48.95445200000006,-15.363722999999936]},"properties":{"OBJECTID":493,"ID":"TRB8","Date":"2022-08-05","Fokontany":"Tsarabanjina","Habitat":"outside","Genus":"Rattus","Species":"Rattus rattus","Sex":"F","Number_of_Fleas":0,"X__cheopis_Count":0,"X__brasiliensis_Count":0,"S__fonquerniei_Count":0,"C__felis_Count":0,"E__gallinacea_Count":0,"F1_RDT":"neg","Bacteriology":"neg","qPCR":"neg","Serology":"neg","Source":"Ramasindrazana et al. 2025. PLoS Negl Trop Dis 19(11):e0013710 (journal_pntd_0013710_s001.xlsx)","Longitude":48.954452000000003,"Latitude":-15.363723}},{"type":"Feature","id":494,"geometry":{"type":"Point","coordinates":[48.954442000000029,-15.363665999999967]},"properties":{"OBJECTID":494,"ID":"TRB9","Date":"2022-08-05","Fokontany":"Tsarabanjina","Habitat":"outside","Genus":"Rattus","Species":"Rattus rattus","Sex":"M","Number_of_Fleas":0,"X__cheopis_Count":0,"X__brasiliensis_Count":0,"S__fonquerniei_Count":0,"C__felis_Count":0,"E__gallinacea_Count":0,"F1_RDT":"neg","Bacteriology":"neg","qPCR":"neg","Serology":"neg","Source":"Ramasindrazana et al. 2025. PLoS Negl Trop Dis 19(11):e0013710 (journal_pntd_0013710_s001.xlsx)","Longitude":48.954442,"Latitude":-15.363666}},{"type":"Feature","id":495,"geometry":{"type":"Point","coordinates":[48.954458000000045,-15.363625999999954]},"properties":{"OBJECTID":495,"ID":"TRB10","Date":"2022-08-05","Fokontany":"Tsarabanjina","Habitat":"outside","Genus":"Rattus","Species":"Rattus rattus","Sex":"M","Number_of_Fleas":0,"X__cheopis_Count":0,"X__brasiliensis_Count":0,"S__fonquerniei_Count":0,"C__felis_Count":0,"E__gallinacea_Count":0,"F1_RDT":"neg","Bacteriology":"neg","qPCR":"neg","Serology":"neg","Source":"Ramasindrazana et al. 2025. PLoS Negl Trop Dis 19(11):e0013710 (journal_pntd_0013710_s001.xlsx)","Longitude":48.954458000000002,"Latitude":-15.363626}},{"type":"Feature","id":496,"geometry":{"type":"Point","coordinates":[48.954467000000079,-15.363509999999962]},"properties":{"OBJECTID":496,"ID":"TRB11","Date":"2022-08-05","Fokontany":"Tsarabanjina","Habitat":"outside","Genus":"Rattus","Species":"Rattus rattus","Sex":"M","Number_of_Fleas":0,"X__cheopis_Count":0,"X__brasiliensis_Count":0,"S__fonquerniei_Count":0,"C__felis_Count":0,"E__gallinacea_Count":0,"F1_RDT":"neg","Bacteriology":"neg","qPCR":"neg","Serology":"neg","Source":"Ramasindrazana et al. 2025. PLoS Negl Trop Dis 19(11):e0013710 (journal_pntd_0013710_s001.xlsx)","Longitude":48.954467000000001,"Latitude":-15.36351}},{"type":"Feature","id":497,"geometry":{"type":"Point","coordinates":[48.954527000000041,-15.363415999999972]},"properties":{"OBJECTID":497,"ID":"TRB12","Date":"2022-08-05","Fokontany":"Tsarabanjina","Habitat":"outside","Genus":"Rattus","Species":"Rattus rattus","Sex":"F","Number_of_Fleas":0,"X__cheopis_Count":0,"X__brasiliensis_Count":0,"S__fonquerniei_Count":0,"C__felis_Count":0,"E__gallinacea_Count":0,"F1_RDT":"neg","Bacteriology":"neg","qPCR":"neg","Serology":"neg","Source":"Ramasindrazana et al. 2025. PLoS Negl Trop Dis 19(11):e0013710 (journal_pntd_0013710_s001.xlsx)","Longitude":48.954526999999999,"Latitude":-15.363416000000001}},{"type":"Feature","id":498,"geometry":{"type":"Point","coordinates":[48.954567000000054,-15.363328999999965]},"properties":{"OBJECTID":498,"ID":"TRB13","Date":"2022-08-05","Fokontany":"Tsarabanjina","Habitat":"outside","Genus":"Rattus","Species":"Rattus rattus","Sex":"M","Number_of_Fleas":0,"X__cheopis_Count":0,"X__brasiliensis_Count":0,"S__fonquerniei_Count":0,"C__felis_Count":0,"E__gallinacea_Count":0,"F1_RDT":"neg","Bacteriology":"neg","qPCR":"neg","Serology":"neg","Source":"Ramasindrazana et al. 2025. PLoS Negl Trop Dis 19(11):e0013710 (journal_pntd_0013710_s001.xlsx)","Longitude":48.954566999999997,"Latitude":-15.363329}},{"type":"Feature","id":499,"geometry":{"type":"Point","coordinates":[48.954631000000063,-15.363269999999943]},"properties":{"OBJECTID":499,"ID":"TRB14","Date":"2022-08-05","Fokontany":"Tsarabanjina","Habitat":"outside","Genus":"Rattus","Species":"Rattus rattus","Sex":"F","Number_of_Fleas":0,"X__cheopis_Count":0,"X__brasiliensis_Count":0,"S__fonquerniei_Count":0,"C__felis_Count":0,"E__gallinacea_Count":0,"F1_RDT":"neg","Bacteriology":"neg","qPCR":"neg","Serology":"neg","Source":"Ramasindrazana et al. 2025. PLoS Negl Trop Dis 19(11):e0013710 (journal_pntd_0013710_s001.xlsx)","Longitude":48.954630999999999,"Latitude":-15.36327}},{"type":"Feature","id":500,"geometry":{"type":"Point","coordinates":[48.954700000000059,-15.363260999999966]},"properties":{"OBJECTID":500,"ID":"TRB15","Date":"2022-08-05","Fokontany":"Tsarabanjina","Habitat":"outside","Genus":"Rattus","Species":"Rattus rattus","Sex":"M","Number_of_Fleas":0,"X__cheopis_Count":0,"X__brasiliensis_Count":0,"S__fonquerniei_Count":0,"C__felis_Count":0,"E__gallinacea_Count":0,"F1_RDT":"neg","Bacteriology":"neg","qPCR":"neg","Serology":"neg","Source":"Ramasindrazana et al. 2025. PLoS Negl Trop Dis 19(11):e0013710 (journal_pntd_0013710_s001.xlsx)","Longitude":48.954700000000003,"Latitude":-15.363261}},{"type":"Feature","id":501,"geometry":{"type":"Point","coordinates":[48.954743000000065,-15.363119999999981]},"properties":{"OBJECTID":501,"ID":"TRB16","Date":"2022-08-05","Fokontany":"Tsarabanjina","Habitat":"outside","Genus":"Rattus","Species":"Rattus rattus","Sex":"F","Number_of_Fleas":0,"X__cheopis_Count":0,"X__brasiliensis_Count":0,"S__fonquerniei_Count":0,"C__felis_Count":0,"E__gallinacea_Count":0,"F1_RDT":"neg","Bacteriology":"neg","qPCR":"neg","Serology":"neg","Source":"Ramasindrazana et al. 2025. PLoS Negl Trop Dis 19(11):e0013710 (journal_pntd_0013710_s001.xlsx)","Longitude":48.954743000000001,"Latitude":-15.36312}},{"type":"Feature","id":502,"geometry":{"type":"Point","coordinates":[48.954766000000063,-15.363081999999963]},"properties":{"OBJECTID":502,"ID":"TRB17","Date":"2022-08-05","Fokontany":"Tsarabanjina","Habitat":"outside","Genus":"Rattus","Species":"Rattus rattus","Sex":"F","Number_of_Fleas":0,"X__cheopis_Count":0,"X__brasiliensis_Count":0,"S__fonquerniei_Count":0,"C__felis_Count":0,"E__gallinacea_Count":0,"F1_RDT":"neg","Bacteriology":"neg","qPCR":"neg","Serology":"neg","Source":"Ramasindrazana et al. 2025. PLoS Negl Trop Dis 19(11):e0013710 (journal_pntd_0013710_s001.xlsx)","Longitude":48.954765999999999,"Latitude":-15.363082}},{"type":"Feature","id":503,"geometry":{"type":"Point","coordinates":[48.954785000000072,-15.362972999999954]},"properties":{"OBJECTID":503,"ID":"TRB18","Date":"2022-08-05","Fokontany":"Tsarabanjina","Habitat":"outside","Genus":"Rattus","Species":"Rattus rattus","Sex":"M","Number_of_Fleas":0,"X__cheopis_Count":0,"X__brasiliensis_Count":0,"S__fonquerniei_Count":0,"C__felis_Count":0,"E__gallinacea_Count":0,"F1_RDT":"neg","Bacteriology":"neg","qPCR":"neg","Serology":"neg","Source":"Ramasindrazana et al. 2025. PLoS Negl Trop Dis 19(11):e0013710 (journal_pntd_0013710_s001.xlsx)","Longitude":48.954785000000001,"Latitude":-15.362973}},{"type":"Feature","id":504,"geometry":{"type":"Point","coordinates":[48.954822000000036,-15.362971999999957]},"properties":{"OBJECTID":504,"ID":"TRB19","Date":"2022-08-05","Fokontany":"Tsarabanjina","Habitat":"outside","Genus":"Rattus","Species":"Rattus rattus","Sex":"F","Number_of_Fleas":0,"X__cheopis_Count":0,"X__brasiliensis_Count":0,"S__fonquerniei_Count":0,"C__felis_Count":0,"E__gallinacea_Count":0,"F1_RDT":"neg","Bacteriology":"neg","qPCR":"neg","Serology":"neg","Source":"Ramasindrazana et al. 2025. PLoS Negl Trop Dis 19(11):e0013710 (journal_pntd_0013710_s001.xlsx)","Longitude":48.954822,"Latitude":-15.362971999999999}},{"type":"Feature","id":505,"geometry":{"type":"Point","coordinates":[48.954784000000075,-15.362821999999937]},"properties":{"OBJECTID":505,"ID":"TRB20","Date":"2022-08-05","Fokontany":"Tsarabanjina","Habitat":"outside","Genus":"Rattus","Species":"Rattus rattus","Sex":"F","Number_of_Fleas":0,"X__cheopis_Count":0,"X__brasiliensis_Count":0,"S__fonquerniei_Count":0,"C__felis_Count":0,"E__gallinacea_Count":0,"F1_RDT":"neg","Bacteriology":"neg","qPCR":"neg","Serology":"neg","Source":"Ramasindrazana et al. 2025. PLoS Negl Trop Dis 19(11):e0013710 (journal_pntd_0013710_s001.xlsx)","Longitude":48.954783999999997,"Latitude":-15.362822}},{"type":"Feature","id":506,"geometry":{"type":"Point","coordinates":[48.954814000000056,-15.362753999999939]},"properties":{"OBJECTID":506,"ID":"TRB21","Date":"2022-08-05","Fokontany":"Tsarabanjina","Habitat":"outside","Genus":"Rattus","Species":"Rattus rattus","Sex":"F","Number_of_Fleas":0,"X__cheopis_Count":0,"X__brasiliensis_Count":0,"S__fonquerniei_Count":0,"C__felis_Count":0,"E__gallinacea_Count":0,"F1_RDT":"neg","Bacteriology":"neg","qPCR":"neg","Serology":"neg","Source":"Ramasindrazana et al. 2025. PLoS Negl Trop Dis 19(11):e0013710 (journal_pntd_0013710_s001.xlsx)","Longitude":48.954813999999999,"Latitude":-15.362754000000001}},{"type":"Feature","id":507,"geometry":{"type":"Point","coordinates":[48.954711000000032,-15.362671999999975]},"properties":{"OBJECTID":507,"ID":"TRB22","Date":"2022-08-05","Fokontany":"Tsarabanjina","Habitat":"outside","Genus":"Rattus","Species":"Rattus rattus","Sex":"F","Number_of_Fleas":0,"X__cheopis_Count":0,"X__brasiliensis_Count":0,"S__fonquerniei_Count":0,"C__felis_Count":0,"E__gallinacea_Count":0,"F1_RDT":"neg","Bacteriology":"neg","qPCR":"neg","Serology":"neg","Source":"Ramasindrazana et al. 2025. PLoS Negl Trop Dis 19(11):e0013710 (journal_pntd_0013710_s001.xlsx)","Longitude":48.954711000000003,"Latitude":-15.362672}},{"type":"Feature","id":508,"geometry":{"type":"Point","coordinates":[48.954551000000038,-15.362709999999936]},"properties":{"OBJECTID":508,"ID":"TRB23","Date":"2022-08-05","Fokontany":"Tsarabanjina","Habitat":"outside","Genus":"Rattus","Species":"Rattus rattus","Sex":"F","Number_of_Fleas":0,"X__cheopis_Count":0,"X__brasiliensis_Count":0,"S__fonquerniei_Count":0,"C__felis_Count":0,"E__gallinacea_Count":0,"F1_RDT":"neg","Bacteriology":"neg","qPCR":"neg","Serology":"neg","Source":"Ramasindrazana et al. 2025. PLoS Negl Trop Dis 19(11):e0013710 (journal_pntd_0013710_s001.xlsx)","Longitude":48.954551000000002,"Latitude":-15.36271}},{"type":"Feature","id":509,"geometry":{"type":"Point","coordinates":[48.954611000000057,-15.362622999999928]},"properties":{"OBJECTID":509,"ID":"TRB24","Date":"2022-08-05","Fokontany":"Tsarabanjina","Habitat":"House","Genus":"Mus","Species":"Mus musculus","Sex":"F","Number_of_Fleas":0,"X__cheopis_Count":0,"X__brasiliensis_Count":0,"S__fonquerniei_Count":0,"C__felis_Count":0,"E__gallinacea_Count":0,"F1_RDT":"neg","Bacteriology":"neg","qPCR":"neg","Serology":"neg","Source":"Ramasindrazana et al. 2025. PLoS Negl Trop Dis 19(11):e0013710 (journal_pntd_0013710_s001.xlsx)","Longitude":48.954611,"Latitude":-15.362622999999999}},{"type":"Feature","id":510,"geometry":{"type":"Point","coordinates":[48.987393000000054,-15.512825999999961]},"properties":{"OBJECTID":510,"ID":"TRB25","Date":"2022-08-05","Fokontany":"Tsarabanjina","Habitat":"House","Genus":"Mus","Species":"Mus musculus","Sex":"M","Number_of_Fleas":0,"X__cheopis_Count":0,"X__brasiliensis_Count":0,"S__fonquerniei_Count":0,"C__felis_Count":0,"E__gallinacea_Count":0,"F1_RDT":"neg","Bacteriology":"neg","qPCR":"neg","Serology":"neg","Source":"Ramasindrazana et al. 2025. PLoS Negl Trop Dis 19(11):e0013710 (journal_pntd_0013710_s001.xlsx)","Longitude":48.987392999999997,"Latitude":-15.512826}},{"type":"Feature","id":511,"geometry":{"type":"Point","coordinates":[48.956208000000061,-15.364837999999963]},"properties":{"OBJECTID":511,"ID":"TRB26","Date":"2022-08-05","Fokontany":"Tsarabanjina","Habitat":"House","Genus":"Rattus","Species":"Rattus rattus","Sex":"M","Number_of_Fleas":7,"X__cheopis_Count":0,"X__brasiliensis_Count":7,"S__fonquerniei_Count":0,"C__felis_Count":0,"E__gallinacea_Count":0,"F1_RDT":"neg","Bacteriology":"neg","qPCR":"neg","Serology":"neg","Source":"Ramasindrazana et al. 2025. PLoS Negl Trop Dis 19(11):e0013710 (journal_pntd_0013710_s001.xlsx)","Longitude":48.956207999999997,"Latitude":-15.364838000000001}},{"type":"Feature","id":512,"geometry":{"type":"Point","coordinates":[48.95621600000004,-15.364685999999949]},"properties":{"OBJECTID":512,"ID":"TRB27","Date":"2022-08-05","Fokontany":"Tsarabanjina","Habitat":"House","Genus":"Mus","Species":"Mus musculus","Sex":"F","Number_of_Fleas":0,"X__cheopis_Count":0,"X__brasiliensis_Count":0,"S__fonquerniei_Count":0,"C__felis_Count":0,"E__gallinacea_Count":0,"F1_RDT":"neg","Bacteriology":"neg","qPCR":"neg","Serology":"neg","Source":"Ramasindrazana et al. 2025. PLoS Negl Trop Dis 19(11):e0013710 (journal_pntd_0013710_s001.xlsx)","Longitude":48.956215999999998,"Latitude":-15.364686000000001}},{"type":"Feature","id":513,"geometry":{"type":"Point","coordinates":[48.956172000000038,-15.36443799999995]},"properties":{"OBJECTID":513,"ID":"TRB28","Date":"2022-08-05","Fokontany":"Tsarabanjina","Habitat":"House","Genus":"Rattus","Species":"Rattus rattus","Sex":"M","Number_of_Fleas":0,"X__cheopis_Count":0,"X__brasiliensis_Count":0,"S__fonquerniei_Count":0,"C__felis_Count":0,"E__gallinacea_Count":0,"F1_RDT":"neg","Bacteriology":"neg","qPCR":"neg","Serology":"neg","Source":"Ramasindrazana et al. 2025. PLoS Negl Trop Dis 19(11):e0013710 (journal_pntd_0013710_s001.xlsx)","Longitude":48.956172000000002,"Latitude":-15.364438}},{"type":"Feature","id":514,"geometry":{"type":"Point","coordinates":[48.956331000000034,-15.364761999999928]},"properties":{"OBJECTID":514,"ID":"TRB29","Date":"2022-08-05","Fokontany":"Tsarabanjina","Habitat":"House","Genus":"Rattus","Species":"Rattus rattus","Sex":"F","Number_of_Fleas":8,"X__cheopis_Count":0,"X__brasiliensis_Count":8,"S__fonquerniei_Count":0,"C__felis_Count":0,"E__gallinacea_Count":0,"F1_RDT":"neg","Bacteriology":"neg","qPCR":"neg","Serology":"neg","Source":"Ramasindrazana et al. 2025. PLoS Negl Trop Dis 19(11):e0013710 (journal_pntd_0013710_s001.xlsx)","Longitude":48.956330999999999,"Latitude":-15.364762000000001}},{"type":"Feature","id":515,"geometry":{"type":"Point","coordinates":[48.956285000000037,-15.364667999999938]},"properties":{"OBJECTID":515,"ID":"TRB30","Date":"2022-08-05","Fokontany":"Tsarabanjina","Habitat":"House","Genus":"Mus","Species":"Mus musculus","Sex":"M","Number_of_Fleas":0,"X__cheopis_Count":0,"X__brasiliensis_Count":0,"S__fonquerniei_Count":0,"C__felis_Count":0,"E__gallinacea_Count":0,"F1_RDT":"neg","Bacteriology":"neg","qPCR":"neg","Serology":"neg","Source":"Ramasindrazana et al. 2025. PLoS Negl Trop Dis 19(11):e0013710 (journal_pntd_0013710_s001.xlsx)","Longitude":48.956285000000001,"Latitude":-15.364668}},{"type":"Feature","id":516,"geometry":{"type":"Point","coordinates":[48.95626100000004,-15.364802999999938]},"properties":{"OBJECTID":516,"ID":"TRB31","Date":"2022-08-05","Fokontany":"Tsarabanjina","Habitat":"House","Genus":"Rattus","Species":"Rattus rattus","Sex":"M","Number_of_Fleas":40,"X__cheopis_Count":0,"X__brasiliensis_Count":39,"S__fonquerniei_Count":0,"C__felis_Count":0,"E__gallinacea_Count":0,"F1_RDT":"neg","Bacteriology":"neg","qPCR":"neg","Serology":"neg","Source":"Ramasindrazana et al. 2025. PLoS Negl Trop Dis 19(11):e0013710 (journal_pntd_0013710_s001.xlsx)","Longitude":48.956260999999998,"Latitude":-15.364803}},{"type":"Feature","id":517,"geometry":{"type":"Point","coordinates":[48.956311000000028,-15.364905999999962]},"properties":{"OBJECTID":517,"ID":"TRB32","Date":"2022-08-05","Fokontany":"Tsarabanjina","Habitat":"House","Genus":"Rattus","Species":"Rattus rattus","Sex":"M","Number_of_Fleas":37,"X__cheopis_Count":0,"X__brasiliensis_Count":34,"S__fonquerniei_Count":0,"C__felis_Count":0,"E__gallinacea_Count":1,"F1_RDT":"neg","Bacteriology":"neg","qPCR":"neg","Serology":"neg","Source":"Ramasindrazana et al. 2025. PLoS Negl Trop Dis 19(11):e0013710 (journal_pntd_0013710_s001.xlsx)","Longitude":48.956310999999999,"Latitude":-15.364906}},{"type":"Feature","id":518,"geometry":{"type":"Point","coordinates":[48.956652000000076,-15.364967999999976]},"properties":{"OBJECTID":518,"ID":"TRB33","Date":"2022-08-05","Fokontany":"Tsarabanjina","Habitat":"House","Genus":"Rattus","Species":"Rattus rattus","Sex":"F","Number_of_Fleas":29,"X__cheopis_Count":0,"X__brasiliensis_Count":17,"S__fonquerniei_Count":0,"C__felis_Count":0,"E__gallinacea_Count":2,"F1_RDT":"neg","Bacteriology":"neg","qPCR":"neg","Serology":"neg","Source":"Ramasindrazana et al. 2025. PLoS Negl Trop Dis 19(11):e0013710 (journal_pntd_0013710_s001.xlsx)","Longitude":48.956651999999998,"Latitude":-15.364967999999999}},{"type":"Feature","id":519,"geometry":{"type":"Point","coordinates":[48.95611800000006,-15.364777999999944]},"properties":{"OBJECTID":519,"ID":"TRB34","Date":"2022-08-05","Fokontany":"Tsarabanjina","Habitat":"House","Genus":"Rattus","Species":"Rattus rattus","Sex":"F","Number_of_Fleas":3,"X__cheopis_Count":0,"X__brasiliensis_Count":3,"S__fonquerniei_Count":0,"C__felis_Count":0,"E__gallinacea_Count":0,"F1_RDT":"neg","Bacteriology":"neg","qPCR":"neg","Serology":"neg","Source":"Ramasindrazana et al. 2025. PLoS Negl Trop Dis 19(11):e0013710 (journal_pntd_0013710_s001.xlsx)","Longitude":48.956117999999996,"Latitude":-15.364777999999999}},{"type":"Feature","id":520,"geometry":{"type":"Point","coordinates":[48.956551000000047,-15.364588999999967]},"properties":{"OBJECTID":520,"ID":"TRB35","Date":"2022-08-05","Fokontany":"Tsarabanjina","Habitat":"House","Genus":"Rattus","Species":"Rattus rattus","Sex":"F","Number_of_Fleas":3,"X__cheopis_Count":0,"X__brasiliensis_Count":3,"S__fonquerniei_Count":0,"C__felis_Count":0,"E__gallinacea_Count":0,"F1_RDT":"neg","Bacteriology":"neg","qPCR":"neg","Serology":"neg","Source":"Ramasindrazana et al. 2025. PLoS Negl Trop Dis 19(11):e0013710 (journal_pntd_0013710_s001.xlsx)","Longitude":48.956550999999997,"Latitude":-15.364589}},{"type":"Feature","id":521,"geometry":{"type":"Point","coordinates":[48.956720000000075,-15.364554999999939]},"properties":{"OBJECTID":521,"ID":"TRB36","Date":"2022-08-05","Fokontany":"Tsarabanjina","Habitat":"House","Genus":"Rattus","Species":"Rattus rattus","Sex":"M","Number_of_Fleas":2,"X__cheopis_Count":0,"X__brasiliensis_Count":2,"S__fonquerniei_Count":0,"C__felis_Count":0,"E__gallinacea_Count":0,"F1_RDT":"neg","Bacteriology":"neg","qPCR":"neg","Serology":"neg","Source":"Ramasindrazana et al. 2025. PLoS Negl Trop Dis 19(11):e0013710 (journal_pntd_0013710_s001.xlsx)","Longitude":48.956719999999997,"Latitude":-15.364554999999999}},{"type":"Feature","id":522,"geometry":{"type":"Point","coordinates":[48.956786000000079,-15.364822999999944]},"properties":{"OBJECTID":522,"ID":"TRB37","Date":"2022-08-05","Fokontany":"Tsarabanjina","Habitat":"House","Genus":"Rattus","Species":"Rattus rattus","Sex":"F","Number_of_Fleas":0,"X__cheopis_Count":0,"X__brasiliensis_Count":0,"S__fonquerniei_Count":0,"C__felis_Count":0,"E__gallinacea_Count":0,"F1_RDT":"neg","Bacteriology":"neg","qPCR":"neg","Serology":"neg","Source":"Ramasindrazana et al. 2025. PLoS Negl Trop Dis 19(11):e0013710 (journal_pntd_0013710_s001.xlsx)","Longitude":48.956786000000001,"Latitude":-15.364822999999999}},{"type":"Feature","id":523,"geometry":{"type":"Point","coordinates":[48.956891000000041,-15.364934999999946]},"properties":{"OBJECTID":523,"ID":"TRB38","Date":"2022-08-05","Fokontany":"Tsarabanjina","Habitat":"House","Genus":"Rattus","Species":"Rattus rattus","Sex":"M","Number_of_Fleas":0,"X__cheopis_Count":0,"X__brasiliensis_Count":0,"S__fonquerniei_Count":0,"C__felis_Count":0,"E__gallinacea_Count":0,"F1_RDT":"neg","Bacteriology":"neg","qPCR":"neg","Serology":"neg","Source":"Ramasindrazana et al. 2025. PLoS Negl Trop Dis 19(11):e0013710 (journal_pntd_0013710_s001.xlsx)","Longitude":48.956890999999999,"Latitude":-15.364934999999999}},{"type":"Feature","id":524,"geometry":{"type":"Point","coordinates":[48.957122000000027,-15.36500499999994]},"properties":{"OBJECTID":524,"ID":"TRB39","Date":"2022-08-05","Fokontany":"Tsarabanjina","Habitat":"House","Genus":"Rattus","Species":"Rattus rattus","Sex":"F","Number_of_Fleas":20,"X__cheopis_Count":0,"X__brasiliensis_Count":17,"S__fonquerniei_Count":0,"C__felis_Count":0,"E__gallinacea_Count":1,"F1_RDT":"neg","Bacteriology":"neg","qPCR":"neg","Serology":"neg","Source":"Ramasindrazana et al. 2025. PLoS Negl Trop Dis 19(11):e0013710 (journal_pntd_0013710_s001.xlsx)","Longitude":48.957121999999998,"Latitude":-15.365005}},{"type":"Feature","id":525,"geometry":{"type":"Point","coordinates":[48.957227000000046,-15.365187999999932]},"properties":{"OBJECTID":525,"ID":"TRB40","Date":"2022-08-05","Fokontany":"Tsarabanjina","Habitat":"House","Genus":"Rattus","Species":"Rattus rattus","Sex":"M","Number_of_Fleas":9,"X__cheopis_Count":0,"X__brasiliensis_Count":9,"S__fonquerniei_Count":0,"C__felis_Count":0,"E__gallinacea_Count":0,"F1_RDT":"neg","Bacteriology":"neg","qPCR":"neg","Serology":"neg","Source":"Ramasindrazana et al. 2025. PLoS Negl Trop Dis 19(11):e0013710 (journal_pntd_0013710_s001.xlsx)","Longitude":48.957227000000003,"Latitude":-15.365188}},{"type":"Feature","id":526,"geometry":{"type":"Point","coordinates":[48.956716000000029,-15.364956999999947]},"properties":{"OBJECTID":526,"ID":"TRB41","Date":"2022-08-05","Fokontany":"Tsarabanjina","Habitat":"House","Genus":"Rattus","Species":"Rattus rattus","Sex":"M","Number_of_Fleas":13,"X__cheopis_Count":0,"X__brasiliensis_Count":12,"S__fonquerniei_Count":0,"C__felis_Count":1,"E__gallinacea_Count":3,"F1_RDT":"neg","Bacteriology":"neg","qPCR":"neg","Serology":"neg","Source":"Ramasindrazana et al. 2025. PLoS Negl Trop Dis 19(11):e0013710 (journal_pntd_0013710_s001.xlsx)","Longitude":48.956716,"Latitude":-15.364957}},{"type":"Feature","id":527,"geometry":{"type":"Point","coordinates":[48.957204000000047,-15.364965999999981]},"properties":{"OBJECTID":527,"ID":"TRB42","Date":"2022-08-05","Fokontany":"Tsarabanjina","Habitat":"House","Genus":"Rattus","Species":"Rattus rattus","Sex":"M","Number_of_Fleas":7,"X__cheopis_Count":0,"X__brasiliensis_Count":6,"S__fonquerniei_Count":0,"C__felis_Count":0,"E__gallinacea_Count":1,"F1_RDT":"neg","Bacteriology":"neg","qPCR":"neg","Serology":"neg","Source":"Ramasindrazana et al. 2025. PLoS Negl Trop Dis 19(11):e0013710 (journal_pntd_0013710_s001.xlsx)","Longitude":48.957203999999997,"Latitude":-15.364966000000001}},{"type":"Feature","id":528,"geometry":{"type":"Point","coordinates":[48.957328000000075,-15.365046999999947]},"properties":{"OBJECTID":528,"ID":"TRB43","Date":"2022-08-05","Fokontany":"Tsarabanjina","Habitat":"House","Genus":"Mus","Species":"Mus musculus","Sex":"M","Number_of_Fleas":0,"X__cheopis_Count":0,"X__brasiliensis_Count":0,"S__fonquerniei_Count":0,"C__felis_Count":0,"E__gallinacea_Count":0,"F1_RDT":"neg","Bacteriology":"neg","qPCR":"neg","Serology":"neg","Source":"Ramasindrazana et al. 2025. PLoS Negl Trop Dis 19(11):e0013710 (journal_pntd_0013710_s001.xlsx)","Longitude":48.957327999999997,"Latitude":-15.365047000000001}},{"type":"Feature","id":529,"geometry":{"type":"Point","coordinates":[48.957329000000072,-15.365040999999962]},"properties":{"OBJECTID":529,"ID":"TRB44","Date":"2022-08-05","Fokontany":"Tsarabanjina","Habitat":"House","Genus":"Rattus","Species":"Rattus rattus","Sex":"F","Number_of_Fleas":15,"X__cheopis_Count":0,"X__brasiliensis_Count":14,"S__fonquerniei_Count":0,"C__felis_Count":0,"E__gallinacea_Count":1,"F1_RDT":"neg","Bacteriology":"neg","qPCR":"neg","Serology":"neg","Source":"Ramasindrazana et al. 2025. PLoS Negl Trop Dis 19(11):e0013710 (journal_pntd_0013710_s001.xlsx)","Longitude":48.957329000000001,"Latitude":-15.365041}},{"type":"Feature","id":530,"geometry":{"type":"Point","coordinates":[48.95477900000003,-15.361315999999931]},"properties":{"OBJECTID":530,"ID":"TRB45","Date":"2022-08-06","Fokontany":"Tsarabanjina","Habitat":"outside","Genus":"Rattus","Species":"Rattus rattus","Sex":"F","Number_of_Fleas":0,"X__cheopis_Count":0,"X__brasiliensis_Count":0,"S__fonquerniei_Count":0,"C__felis_Count":0,"E__gallinacea_Count":0,"F1_RDT":"neg","Bacteriology":"neg","qPCR":"neg","Serology":"neg","Source":"Ramasindrazana et al. 2025. PLoS Negl Trop Dis 19(11):e0013710 (journal_pntd_0013710_s001.xlsx)","Longitude":48.954779000000002,"Latitude":-15.361316}},{"type":"Feature","id":531,"geometry":{"type":"Point","coordinates":[48.95479000000006,-15.361296999999979]},"properties":{"OBJECTID":531,"ID":"TRB46","Date":"2022-08-06","Fokontany":"Tsarabanjina","Habitat":"outside","Genus":"Rattus","Species":"Rattus rattus","Sex":"M","Number_of_Fleas":0,"X__cheopis_Count":0,"X__brasiliensis_Count":0,"S__fonquerniei_Count":0,"C__felis_Count":0,"E__gallinacea_Count":0,"F1_RDT":"neg","Bacteriology":"neg","qPCR":"neg","Serology":"neg","Source":"Ramasindrazana et al. 2025. PLoS Negl Trop Dis 19(11):e0013710 (journal_pntd_0013710_s001.xlsx)","Longitude":48.954790000000003,"Latitude":-15.361297}},{"type":"Feature","id":532,"geometry":{"type":"Point","coordinates":[48.954787000000067,-15.361365999999975]},"properties":{"OBJECTID":532,"ID":"TRB47","Date":"2022-08-06","Fokontany":"Tsarabanjina","Habitat":"outside","Genus":"Rattus","Species":"Rattus rattus","Sex":"M","Number_of_Fleas":0,"X__cheopis_Count":0,"X__brasiliensis_Count":0,"S__fonquerniei_Count":0,"C__felis_Count":0,"E__gallinacea_Count":0,"F1_RDT":"neg","Bacteriology":"neg","qPCR":"neg","Serology":"neg","Source":"Ramasindrazana et al. 2025. PLoS Negl Trop Dis 19(11):e0013710 (journal_pntd_0013710_s001.xlsx)","Longitude":48.954787000000003,"Latitude":-15.361366}},{"type":"Feature","id":533,"geometry":{"type":"Point","coordinates":[48.95473700000008,-15.36142099999995]},"properties":{"OBJECTID":533,"ID":"TRB48","Date":"2022-08-06","Fokontany":"Tsarabanjina","Habitat":"outside","Genus":"Rattus","Species":"Rattus rattus","Sex":"F","Number_of_Fleas":0,"X__cheopis_Count":0,"X__brasiliensis_Count":0,"S__fonquerniei_Count":0,"C__felis_Count":0,"E__gallinacea_Count":0,"F1_RDT":"neg","Bacteriology":"neg","qPCR":"neg","Serology":"neg","Source":"Ramasindrazana et al. 2025. PLoS Negl Trop Dis 19(11):e0013710 (journal_pntd_0013710_s001.xlsx)","Longitude":48.954737000000002,"Latitude":-15.361421}},{"type":"Feature","id":534,"geometry":{"type":"Point","coordinates":[48.954672000000073,-15.361512999999945]},"properties":{"OBJECTID":534,"ID":"TRB49","Date":"2022-08-06","Fokontany":"Tsarabanjina","Habitat":"outside","Genus":"Rattus","Species":"Rattus rattus","Sex":"M","Number_of_Fleas":0,"X__cheopis_Count":0,"X__brasiliensis_Count":0,"S__fonquerniei_Count":0,"C__felis_Count":0,"E__gallinacea_Count":0,"F1_RDT":"neg","Bacteriology":"neg","qPCR":"neg","Serology":"neg","Source":"Ramasindrazana et al. 2025. PLoS Negl Trop Dis 19(11):e0013710 (journal_pntd_0013710_s001.xlsx)","Longitude":48.954672000000002,"Latitude":-15.361513}},{"type":"Feature","id":535,"geometry":{"type":"Point","coordinates":[48.954629000000068,-15.361639999999966]},"properties":{"OBJECTID":535,"ID":"TRB50","Date":"2022-08-06","Fokontany":"Tsarabanjina","Habitat":"outside","Genus":"Rattus","Species":"Rattus rattus","Sex":"M","Number_of_Fleas":0,"X__cheopis_Count":0,"X__brasiliensis_Count":0,"S__fonquerniei_Count":0,"C__felis_Count":0,"E__gallinacea_Count":0,"F1_RDT":"neg","Bacteriology":"neg","qPCR":"neg","Serology":"neg","Source":"Ramasindrazana et al. 2025. PLoS Negl Trop Dis 19(11):e0013710 (journal_pntd_0013710_s001.xlsx)","Longitude":48.954628999999997,"Latitude":-15.36164}},{"type":"Feature","id":536,"geometry":{"type":"Point","coordinates":[48.954609000000062,-15.36175499999996]},"properties":{"OBJECTID":536,"ID":"TRB51","Date":"2022-08-06","Fokontany":"Tsarabanjina","Habitat":"outside","Genus":"Rattus","Species":"Rattus rattus","Sex":"M","Number_of_Fleas":0,"X__cheopis_Count":0,"X__brasiliensis_Count":0,"S__fonquerniei_Count":0,"C__felis_Count":0,"E__gallinacea_Count":0,"F1_RDT":"neg","Bacteriology":"neg","qPCR":"neg","Serology":"neg","Source":"Ramasindrazana et al. 2025. PLoS Negl Trop Dis 19(11):e0013710 (journal_pntd_0013710_s001.xlsx)","Longitude":48.954608999999998,"Latitude":-15.361755}},{"type":"Feature","id":537,"geometry":{"type":"Point","coordinates":[48.954573000000039,-15.361829999999941]},"properties":{"OBJECTID":537,"ID":"TRB52","Date":"2022-08-06","Fokontany":"Tsarabanjina","Habitat":"outside","Genus":"Rattus","Species":"Rattus rattus","Sex":"M","Number_of_Fleas":0,"X__cheopis_Count":0,"X__brasiliensis_Count":0,"S__fonquerniei_Count":0,"C__felis_Count":0,"E__gallinacea_Count":0,"F1_RDT":"neg","Bacteriology":"neg","qPCR":"neg","Serology":"neg","Source":"Ramasindrazana et al. 2025. PLoS Negl Trop Dis 19(11):e0013710 (journal_pntd_0013710_s001.xlsx)","Longitude":48.954573000000003,"Latitude":-15.361829999999999}},{"type":"Feature","id":538,"geometry":{"type":"Point","coordinates":[48.954608000000064,-15.361898999999937]},"properties":{"OBJECTID":538,"ID":"TRB53","Date":"2022-08-06","Fokontany":"Tsarabanjina","Habitat":"outside","Genus":"Rattus","Species":"Rattus rattus","Sex":"F","Number_of_Fleas":0,"X__cheopis_Count":0,"X__brasiliensis_Count":0,"S__fonquerniei_Count":0,"C__felis_Count":0,"E__gallinacea_Count":0,"F1_RDT":"neg","Bacteriology":"neg","qPCR":"neg","Serology":"neg","Source":"Ramasindrazana et al. 2025. PLoS Negl Trop Dis 19(11):e0013710 (journal_pntd_0013710_s001.xlsx)","Longitude":48.954608,"Latitude":-15.361898999999999}},{"type":"Feature","id":539,"geometry":{"type":"Point","coordinates":[48.954670000000078,-15.362011999999936]},"properties":{"OBJECTID":539,"ID":"TRB54","Date":"2022-08-06","Fokontany":"Tsarabanjina","Habitat":"outside","Genus":"Rattus","Species":"Rattus rattus","Sex":"F","Number_of_Fleas":0,"X__cheopis_Count":0,"X__brasiliensis_Count":0,"S__fonquerniei_Count":0,"C__felis_Count":0,"E__gallinacea_Count":0,"F1_RDT":"neg","Bacteriology":"neg","qPCR":"neg","Serology":"neg","Source":"Ramasindrazana et al. 2025. PLoS Negl Trop Dis 19(11):e0013710 (journal_pntd_0013710_s001.xlsx)","Longitude":48.95467,"Latitude":-15.362012}},{"type":"Feature","id":540,"geometry":{"type":"Point","coordinates":[48.954713000000027,-15.362101999999936]},"properties":{"OBJECTID":540,"ID":"TRB55","Date":"2022-08-06","Fokontany":"Tsarabanjina","Habitat":"outside","Genus":"Rattus","Species":"Rattus rattus","Sex":"M","Number_of_Fleas":0,"X__cheopis_Count":0,"X__brasiliensis_Count":0,"S__fonquerniei_Count":0,"C__felis_Count":0,"E__gallinacea_Count":0,"F1_RDT":"neg","Bacteriology":"neg","qPCR":"neg","Serology":"neg","Source":"Ramasindrazana et al. 2025. PLoS Negl Trop Dis 19(11):e0013710 (journal_pntd_0013710_s001.xlsx)","Longitude":48.954712999999998,"Latitude":-15.362102}},{"type":"Feature","id":541,"geometry":{"type":"Point","coordinates":[48.954820000000041,-15.362098999999944]},"properties":{"OBJECTID":541,"ID":"TRB56","Date":"2022-08-06","Fokontany":"Tsarabanjina","Habitat":"outside","Genus":"Rattus","Species":"Rattus rattus","Sex":"F","Number_of_Fleas":0,"X__cheopis_Count":0,"X__brasiliensis_Count":0,"S__fonquerniei_Count":0,"C__felis_Count":0,"E__gallinacea_Count":0,"F1_RDT":"neg","Bacteriology":"neg","qPCR":"neg","Serology":"neg","Source":"Ramasindrazana et al. 2025. PLoS Negl Trop Dis 19(11):e0013710 (journal_pntd_0013710_s001.xlsx)","Longitude":48.954819999999998,"Latitude":-15.362099000000001}},{"type":"Feature","id":542,"geometry":{"type":"Point","coordinates":[48.95621600000004,-15.364685999999949]},"properties":{"OBJECTID":542,"ID":"TRB57","Date":"2022-08-06","Fokontany":"Tsarabanjina","Habitat":"House","Genus":"Mus","Species":"Mus musculus","Sex":"M","Number_of_Fleas":0,"X__cheopis_Count":0,"X__brasiliensis_Count":0,"S__fonquerniei_Count":0,"C__felis_Count":0,"E__gallinacea_Count":0,"F1_RDT":"neg","Bacteriology":"neg","qPCR":"neg","Serology":"neg","Source":"Ramasindrazana et al. 2025. PLoS Negl Trop Dis 19(11):e0013710 (journal_pntd_0013710_s001.xlsx)","Longitude":48.956215999999998,"Latitude":-15.364686000000001}},{"type":"Feature","id":543,"geometry":{"type":"Point","coordinates":[48.956172000000038,-15.36443799999995]},"properties":{"OBJECTID":543,"ID":"TRB58","Date":"2022-08-06","Fokontany":"Tsarabanjina","Habitat":"House","Genus":"Mus","Species":"Mus musculus","Sex":"F","Number_of_Fleas":0,"X__cheopis_Count":0,"X__brasiliensis_Count":0,"S__fonquerniei_Count":0,"C__felis_Count":0,"E__gallinacea_Count":0,"F1_RDT":"neg","Bacteriology":"neg","qPCR":"neg","Serology":"neg","Source":"Ramasindrazana et al. 2025. PLoS Negl Trop Dis 19(11):e0013710 (journal_pntd_0013710_s001.xlsx)","Longitude":48.956172000000002,"Latitude":-15.364438}},{"type":"Feature","id":544,"geometry":{"type":"Point","coordinates":[48.956331000000034,-15.364761999999928]},"properties":{"OBJECTID":544,"ID":"TRB59","Date":"2022-08-06","Fokontany":"Tsarabanjina","Habitat":"House","Genus":"Rattus","Species":"Rattus rattus","Sex":"F","Number_of_Fleas":6,"X__cheopis_Count":0,"X__brasiliensis_Count":6,"S__fonquerniei_Count":0,"C__felis_Count":0,"E__gallinacea_Count":0,"F1_RDT":"neg","Bacteriology":"neg","qPCR":"neg","Serology":"neg","Source":"Ramasindrazana et al. 2025. PLoS Negl Trop Dis 19(11):e0013710 (journal_pntd_0013710_s001.xlsx)","Longitude":48.956330999999999,"Latitude":-15.364762000000001}},{"type":"Feature","id":545,"geometry":{"type":"Point","coordinates":[48.956285000000037,-15.364667999999938]},"properties":{"OBJECTID":545,"ID":"TRB60","Date":"2022-08-06","Fokontany":"Tsarabanjina","Habitat":"House","Genus":"Rattus","Species":"Rattus rattus","Sex":"F","Number_of_Fleas":0,"X__cheopis_Count":0,"X__brasiliensis_Count":0,"S__fonquerniei_Count":0,"C__felis_Count":0,"E__gallinacea_Count":0,"F1_RDT":"neg","Bacteriology":"neg","qPCR":"neg","Serology":"neg","Source":"Ramasindrazana et al. 2025. PLoS Negl Trop Dis 19(11):e0013710 (journal_pntd_0013710_s001.xlsx)","Longitude":48.956285000000001,"Latitude":-15.364668}},{"type":"Feature","id":546,"geometry":{"type":"Point","coordinates":[48.95626100000004,-15.364802999999938]},"properties":{"OBJECTID":546,"ID":"TRB61","Date":"2022-08-06","Fokontany":"Tsarabanjina","Habitat":"House","Genus":"Suncus","Species":"Suncus murinus","Sex":"M","Number_of_Fleas":6,"X__cheopis_Count":0,"X__brasiliensis_Count":6,"S__fonquerniei_Count":0,"C__felis_Count":0,"E__gallinacea_Count":0,"F1_RDT":"neg","Bacteriology":"neg","qPCR":"neg","Serology":"neg","Source":"Ramasindrazana et al. 2025. PLoS Negl Trop Dis 19(11):e0013710 (journal_pntd_0013710_s001.xlsx)","Longitude":48.956260999999998,"Latitude":-15.364803}},{"type":"Feature","id":547,"geometry":{"type":"Point","coordinates":[48.956311000000028,-15.364905999999962]},"properties":{"OBJECTID":547,"ID":"TRB62","Date":"2022-08-06","Fokontany":"Tsarabanjina","Habitat":"House","Genus":"Rattus","Species":"Rattus rattus","Sex":"F","Number_of_Fleas":24,"X__cheopis_Count":0,"X__brasiliensis_Count":26,"S__fonquerniei_Count":0,"C__felis_Count":0,"E__gallinacea_Count":0,"F1_RDT":"neg","Bacteriology":"neg","qPCR":"neg","Serology":"neg","Source":"Ramasindrazana et al. 2025. PLoS Negl Trop Dis 19(11):e0013710 (journal_pntd_0013710_s001.xlsx)","Longitude":48.956310999999999,"Latitude":-15.364906}},{"type":"Feature","id":548,"geometry":{"type":"Point","coordinates":[48.956652000000076,-15.364967999999976]},"properties":{"OBJECTID":548,"ID":"TRB63","Date":"2022-08-06","Fokontany":"Tsarabanjina","Habitat":"House","Genus":"Rattus","Species":"Rattus rattus","Sex":"M","Number_of_Fleas":12,"X__cheopis_Count":0,"X__brasiliensis_Count":12,"S__fonquerniei_Count":0,"C__felis_Count":0,"E__gallinacea_Count":0,"F1_RDT":"neg","Bacteriology":"neg","qPCR":"neg","Serology":"neg","Source":"Ramasindrazana et al. 2025. PLoS Negl Trop Dis 19(11):e0013710 (journal_pntd_0013710_s001.xlsx)","Longitude":48.956651999999998,"Latitude":-15.364967999999999}},{"type":"Feature","id":549,"geometry":{"type":"Point","coordinates":[48.95611800000006,-15.364777999999944]},"properties":{"OBJECTID":549,"ID":"TRB64","Date":"2022-08-06","Fokontany":"Tsarabanjina","Habitat":"House","Genus":"Rattus","Species":"Rattus rattus","Sex":"M","Number_of_Fleas":14,"X__cheopis_Count":0,"X__brasiliensis_Count":14,"S__fonquerniei_Count":0,"C__felis_Count":0,"E__gallinacea_Count":2,"F1_RDT":"neg","Bacteriology":"neg","qPCR":"neg","Serology":"neg","Source":"Ramasindrazana et al. 2025. PLoS Negl Trop Dis 19(11):e0013710 (journal_pntd_0013710_s001.xlsx)","Longitude":48.956117999999996,"Latitude":-15.364777999999999}},{"type":"Feature","id":550,"geometry":{"type":"Point","coordinates":[48.956551000000047,-15.364588999999967]},"properties":{"OBJECTID":550,"ID":"TRB65","Date":"2022-08-06","Fokontany":"Tsarabanjina","Habitat":"House","Genus":"Rattus","Species":"Rattus rattus","Sex":"M","Number_of_Fleas":1,"X__cheopis_Count":0,"X__brasiliensis_Count":1,"S__fonquerniei_Count":0,"C__felis_Count":0,"E__gallinacea_Count":0,"F1_RDT":"neg","Bacteriology":"neg","qPCR":"neg","Serology":"neg","Source":"Ramasindrazana et al. 2025. PLoS Negl Trop Dis 19(11):e0013710 (journal_pntd_0013710_s001.xlsx)","Longitude":48.956550999999997,"Latitude":-15.364589}},{"type":"Feature","id":551,"geometry":{"type":"Point","coordinates":[48.956720000000075,-15.364554999999939]},"properties":{"OBJECTID":551,"ID":"TRB66","Date":"2022-08-06","Fokontany":"Tsarabanjina","Habitat":"House","Genus":"Rattus","Species":"Rattus rattus","Sex":"F","Number_of_Fleas":3,"X__cheopis_Count":0,"X__brasiliensis_Count":3,"S__fonquerniei_Count":0,"C__felis_Count":0,"E__gallinacea_Count":0,"F1_RDT":"neg","Bacteriology":"neg","qPCR":"neg","Serology":"neg","Source":"Ramasindrazana et al. 2025. PLoS Negl Trop Dis 19(11):e0013710 (journal_pntd_0013710_s001.xlsx)","Longitude":48.956719999999997,"Latitude":-15.364554999999999}},{"type":"Feature","id":552,"geometry":{"type":"Point","coordinates":[48.956786000000079,-15.364822999999944]},"properties":{"OBJECTID":552,"ID":"TRB67","Date":"2022-08-06","Fokontany":"Tsarabanjina","Habitat":"House","Genus":"Rattus","Species":"Rattus rattus","Sex":"M","Number_of_Fleas":3,"X__cheopis_Count":0,"X__brasiliensis_Count":3,"S__fonquerniei_Count":0,"C__felis_Count":0,"E__gallinacea_Count":0,"F1_RDT":"neg","Bacteriology":"neg","qPCR":"neg","Serology":"neg","Source":"Ramasindrazana et al. 2025. PLoS Negl Trop Dis 19(11):e0013710 (journal_pntd_0013710_s001.xlsx)","Longitude":48.956786000000001,"Latitude":-15.364822999999999}},{"type":"Feature","id":553,"geometry":{"type":"Point","coordinates":[48.956891000000041,-15.364934999999946]},"properties":{"OBJECTID":553,"ID":"TRB68","Date":"2022-08-06","Fokontany":"Tsarabanjina","Habitat":"House","Genus":"Rattus","Species":"Rattus rattus","Sex":"F","Number_of_Fleas":9,"X__cheopis_Count":0,"X__brasiliensis_Count":9,"S__fonquerniei_Count":0,"C__felis_Count":0,"E__gallinacea_Count":1,"F1_RDT":"neg","Bacteriology":"neg","qPCR":"neg","Serology":"neg","Source":"Ramasindrazana et al. 2025. PLoS Negl Trop Dis 19(11):e0013710 (journal_pntd_0013710_s001.xlsx)","Longitude":48.956890999999999,"Latitude":-15.364934999999999}},{"type":"Feature","id":554,"geometry":{"type":"Point","coordinates":[48.957122000000027,-15.36500499999994]},"properties":{"OBJECTID":554,"ID":"TRB69","Date":"2022-08-06","Fokontany":"Tsarabanjina","Habitat":"House","Genus":"Rattus","Species":"Rattus rattus","Sex":"M","Number_of_Fleas":1,"X__cheopis_Count":0,"X__brasiliensis_Count":1,"S__fonquerniei_Count":0,"C__felis_Count":0,"E__gallinacea_Count":0,"F1_RDT":"neg","Bacteriology":"neg","qPCR":"neg","Serology":"neg","Source":"Ramasindrazana et al. 2025. PLoS Negl Trop Dis 19(11):e0013710 (journal_pntd_0013710_s001.xlsx)","Longitude":48.957121999999998,"Latitude":-15.365005}},{"type":"Feature","id":555,"geometry":{"type":"Point","coordinates":[48.957227000000046,-15.365187999999932]},"properties":{"OBJECTID":555,"ID":"TRB70","Date":"2022-08-06","Fokontany":"Tsarabanjina","Habitat":"House","Genus":"Rattus","Species":"Rattus rattus","Sex":"F","Number_of_Fleas":18,"X__cheopis_Count":0,"X__brasiliensis_Count":17,"S__fonquerniei_Count":0,"C__felis_Count":0,"E__gallinacea_Count":6,"F1_RDT":"neg","Bacteriology":"neg","qPCR":"neg","Serology":"neg","Source":"Ramasindrazana et al. 2025. PLoS Negl Trop Dis 19(11):e0013710 (journal_pntd_0013710_s001.xlsx)","Longitude":48.957227000000003,"Latitude":-15.365188}},{"type":"Feature","id":556,"geometry":{"type":"Point","coordinates":[48.957541000000049,-15.364299999999957]},"properties":{"OBJECTID":556,"ID":"TRB71","Date":"2022-08-06","Fokontany":"Tsarabanjina","Habitat":"House","Genus":"Rattus","Species":"Rattus rattus","Sex":"F","Number_of_Fleas":3,"X__cheopis_Count":0,"X__brasiliensis_Count":3,"S__fonquerniei_Count":0,"C__felis_Count":0,"E__gallinacea_Count":0,"F1_RDT":"neg","Bacteriology":"neg","qPCR":"neg","Serology":"neg","Source":"Ramasindrazana et al. 2025. PLoS Negl Trop Dis 19(11):e0013710 (journal_pntd_0013710_s001.xlsx)","Longitude":48.957540999999999,"Latitude":-15.3643}},{"type":"Feature","id":557,"geometry":{"type":"Point","coordinates":[48.957581000000062,-15.364166999999952]},"properties":{"OBJECTID":557,"ID":"TRB72","Date":"2022-08-06","Fokontany":"Tsarabanjina","Habitat":"House","Genus":"Rattus","Species":"Rattus rattus","Sex":"M","Number_of_Fleas":9,"X__cheopis_Count":0,"X__brasiliensis_Count":10,"S__fonquerniei_Count":0,"C__felis_Count":0,"E__gallinacea_Count":0,"F1_RDT":"neg","Bacteriology":"neg","qPCR":"neg","Serology":"neg","Source":"Ramasindrazana et al. 2025. PLoS Negl Trop Dis 19(11):e0013710 (journal_pntd_0013710_s001.xlsx)","Longitude":48.957580999999998,"Latitude":-15.364167}},{"type":"Feature","id":558,"geometry":{"type":"Point","coordinates":[48.957652000000053,-15.36440099999993]},"properties":{"OBJECTID":558,"ID":"TRB73","Date":"2022-08-06","Fokontany":"Tsarabanjina","Habitat":"House","Genus":"Rattus","Species":"Rattus rattus","Sex":"F","Number_of_Fleas":4,"X__cheopis_Count":0,"X__brasiliensis_Count":4,"S__fonquerniei_Count":0,"C__felis_Count":0,"E__gallinacea_Count":0,"F1_RDT":"neg","Bacteriology":"neg","qPCR":"neg","Serology":"neg","Source":"Ramasindrazana et al. 2025. PLoS Negl Trop Dis 19(11):e0013710 (journal_pntd_0013710_s001.xlsx)","Longitude":48.957652000000003,"Latitude":-15.364401000000001}},{"type":"Feature","id":559,"geometry":{"type":"Point","coordinates":[48.957779000000073,-15.364402999999982]},"properties":{"OBJECTID":559,"ID":"TRB74","Date":"2022-08-06","Fokontany":"Tsarabanjina","Habitat":"House","Genus":"Rattus","Species":"Rattus rattus","Sex":"M","Number_of_Fleas":0,"X__cheopis_Count":0,"X__brasiliensis_Count":0,"S__fonquerniei_Count":0,"C__felis_Count":0,"E__gallinacea_Count":0,"F1_RDT":"neg","Bacteriology":"neg","qPCR":"neg","Serology":"neg","Source":"Ramasindrazana et al. 2025. PLoS Negl Trop Dis 19(11):e0013710 (journal_pntd_0013710_s001.xlsx)","Longitude":48.957779000000002,"Latitude":-15.364402999999999}},{"type":"Feature","id":560,"geometry":{"type":"Point","coordinates":[48.957840000000033,-15.364449999999977]},"properties":{"OBJECTID":560,"ID":"TRB75","Date":"2022-08-06","Fokontany":"Tsarabanjina","Habitat":"House","Genus":"Rattus","Species":"Rattus rattus","Sex":"F","Number_of_Fleas":0,"X__cheopis_Count":0,"X__brasiliensis_Count":0,"S__fonquerniei_Count":0,"C__felis_Count":0,"E__gallinacea_Count":0,"F1_RDT":"neg","Bacteriology":"neg","qPCR":"neg","Serology":"neg","Source":"Ramasindrazana et al. 2025. PLoS Negl Trop Dis 19(11):e0013710 (journal_pntd_0013710_s001.xlsx)","Longitude":48.957839999999997,"Latitude":-15.36445}},{"type":"Feature","id":561,"geometry":{"type":"Point","coordinates":[48.957710000000077,-15.364558999999929]},"properties":{"OBJECTID":561,"ID":"TRB76","Date":"2022-08-06","Fokontany":"Tsarabanjina","Habitat":"House","Genus":"Rattus","Species":"Rattus rattus","Sex":"F","Number_of_Fleas":0,"X__cheopis_Count":0,"X__brasiliensis_Count":0,"S__fonquerniei_Count":0,"C__felis_Count":0,"E__gallinacea_Count":0,"F1_RDT":"neg","Bacteriology":"neg","qPCR":"neg","Serology":"neg","Source":"Ramasindrazana et al. 2025. PLoS Negl Trop Dis 19(11):e0013710 (journal_pntd_0013710_s001.xlsx)","Longitude":48.957709999999999,"Latitude":-15.364559}},{"type":"Feature","id":562,"geometry":{"type":"Point","coordinates":[48.956031000000053,-15.364636999999959]},"properties":{"OBJECTID":562,"ID":"TRB77","Date":"2022-08-06","Fokontany":"Tsarabanjina","Habitat":"House","Genus":"Rattus","Species":"Rattus rattus","Sex":"M","Number_of_Fleas":2,"X__cheopis_Count":0,"X__brasiliensis_Count":2,"S__fonquerniei_Count":0,"C__felis_Count":0,"E__gallinacea_Count":1,"F1_RDT":"neg","Bacteriology":"neg","qPCR":"neg","Serology":"neg","Source":"Ramasindrazana et al. 2025. PLoS Negl Trop Dis 19(11):e0013710 (journal_pntd_0013710_s001.xlsx)","Longitude":48.956031000000003,"Latitude":-15.364637}},{"type":"Feature","id":563,"geometry":{"type":"Point","coordinates":[48.957632000000046,-15.364530999999943]},"properties":{"OBJECTID":563,"ID":"TRB78","Date":"2022-08-06","Fokontany":"Tsarabanjina","Habitat":"House","Genus":"Rattus","Species":"Rattus rattus","Sex":"F","Number_of_Fleas":1,"X__cheopis_Count":0,"X__brasiliensis_Count":1,"S__fonquerniei_Count":0,"C__felis_Count":0,"E__gallinacea_Count":0,"F1_RDT":"neg","Bacteriology":"neg","qPCR":"neg","Serology":"neg","Source":"Ramasindrazana et al. 2025. PLoS Negl Trop Dis 19(11):e0013710 (journal_pntd_0013710_s001.xlsx)","Longitude":48.957631999999997,"Latitude":-15.364530999999999}},{"type":"Feature","id":564,"geometry":{"type":"Point","coordinates":[48.960213000000067,-15.36514399999993]},"properties":{"OBJECTID":564,"ID":"TRB79","Date":"2022-08-06","Fokontany":"Tsarabanjina","Habitat":"House","Genus":"Rattus","Species":"Rattus rattus","Sex":"F","Number_of_Fleas":2,"X__cheopis_Count":0,"X__brasiliensis_Count":2,"S__fonquerniei_Count":0,"C__felis_Count":0,"E__gallinacea_Count":0,"F1_RDT":"neg","Bacteriology":"neg","qPCR":"neg","Serology":"neg","Source":"Ramasindrazana et al. 2025. PLoS Negl Trop Dis 19(11):e0013710 (journal_pntd_0013710_s001.xlsx)","Longitude":48.960213000000003,"Latitude":-15.365144000000001}},{"type":"Feature","id":565,"geometry":{"type":"Point","coordinates":[48.954631000000063,-15.363269999999943]},"properties":{"OBJECTID":565,"ID":"TRB80","Date":"2022-08-07","Fokontany":"Tsarabanjina","Habitat":"outside","Genus":"Rattus","Species":"Rattus rattus","Sex":"F","Number_of_Fleas":0,"X__cheopis_Count":0,"X__brasiliensis_Count":0,"S__fonquerniei_Count":0,"C__felis_Count":0,"E__gallinacea_Count":0,"F1_RDT":"neg","Bacteriology":"neg","qPCR":"neg","Serology":"neg","Source":"Ramasindrazana et al. 2025. PLoS Negl Trop Dis 19(11):e0013710 (journal_pntd_0013710_s001.xlsx)","Longitude":48.954630999999999,"Latitude":-15.36327}},{"type":"Feature","id":566,"geometry":{"type":"Point","coordinates":[48.954766000000063,-15.363081999999963]},"properties":{"OBJECTID":566,"ID":"TRB81","Date":"2022-08-07","Fokontany":"Tsarabanjina","Habitat":"outside","Genus":"Rattus","Species":"Rattus rattus","Sex":"M","Number_of_Fleas":0,"X__cheopis_Count":0,"X__brasiliensis_Count":0,"S__fonquerniei_Count":0,"C__felis_Count":0,"E__gallinacea_Count":0,"F1_RDT":"neg","Bacteriology":"neg","qPCR":"neg","Serology":"neg","Source":"Ramasindrazana et al. 2025. PLoS Negl Trop Dis 19(11):e0013710 (journal_pntd_0013710_s001.xlsx)","Longitude":48.954765999999999,"Latitude":-15.363082}},{"type":"Feature","id":567,"geometry":{"type":"Point","coordinates":[48.954055000000039,-15.362361999999962]},"properties":{"OBJECTID":567,"ID":"TRB82","Date":"2022-08-07","Fokontany":"Tsarabanjina","Habitat":"outside","Genus":"Rattus","Species":"Rattus rattus","Sex":"F","Number_of_Fleas":0,"X__cheopis_Count":0,"X__brasiliensis_Count":0,"S__fonquerniei_Count":0,"C__felis_Count":0,"E__gallinacea_Count":0,"F1_RDT":"neg","Bacteriology":"neg","qPCR":"neg","Serology":"neg","Source":"Ramasindrazana et al. 2025. PLoS Negl Trop Dis 19(11):e0013710 (journal_pntd_0013710_s001.xlsx)","Longitude":48.954054999999997,"Latitude":-15.362361999999999}},{"type":"Feature","id":568,"geometry":{"type":"Point","coordinates":[48.953608000000031,-15.362083999999982]},"properties":{"OBJECTID":568,"ID":"TRB83","Date":"2022-08-07","Fokontany":"Tsarabanjina","Habitat":"outside","Genus":"Rattus","Species":"Rattus rattus","Sex":"F","Number_of_Fleas":0,"X__cheopis_Count":0,"X__brasiliensis_Count":0,"S__fonquerniei_Count":0,"C__felis_Count":0,"E__gallinacea_Count":0,"F1_RDT":"neg","Bacteriology":"neg","qPCR":"neg","Serology":"neg","Source":"Ramasindrazana et al. 2025. PLoS Negl Trop Dis 19(11):e0013710 (journal_pntd_0013710_s001.xlsx)","Longitude":48.953608000000003,"Latitude":-15.362083999999999}},{"type":"Feature","id":569,"geometry":{"type":"Point","coordinates":[48.954166000000043,-15.362162999999953]},"properties":{"OBJECTID":569,"ID":"TRB84","Date":"2022-08-07","Fokontany":"Tsarabanjina","Habitat":"outside","Genus":"Rattus","Species":"Rattus rattus","Sex":"F","Number_of_Fleas":0,"X__cheopis_Count":0,"X__brasiliensis_Count":0,"S__fonquerniei_Count":0,"C__felis_Count":0,"E__gallinacea_Count":0,"F1_RDT":"neg","Bacteriology":"neg","qPCR":"neg","Serology":"neg","Source":"Ramasindrazana et al. 2025. PLoS Negl Trop Dis 19(11):e0013710 (journal_pntd_0013710_s001.xlsx)","Longitude":48.954166000000001,"Latitude":-15.362163000000001}},{"type":"Feature","id":570,"geometry":{"type":"Point","coordinates":[48.95491700000008,-15.362560999999971]},"properties":{"OBJECTID":570,"ID":"TRB85","Date":"2022-08-07","Fokontany":"Tsarabanjina","Habitat":"outside","Genus":"Rattus","Species":"Rattus rattus","Sex":"M","Number_of_Fleas":0,"X__cheopis_Count":0,"X__brasiliensis_Count":0,"S__fonquerniei_Count":0,"C__felis_Count":0,"E__gallinacea_Count":0,"F1_RDT":"neg","Bacteriology":"neg","qPCR":"neg","Serology":"neg","Source":"Ramasindrazana et al. 2025. PLoS Negl Trop Dis 19(11):e0013710 (journal_pntd_0013710_s001.xlsx)","Longitude":48.954917000000002,"Latitude":-15.362560999999999}},{"type":"Feature","id":571,"geometry":{"type":"Point","coordinates":[48.956208000000061,-15.364837999999963]},"properties":{"OBJECTID":571,"ID":"TRB86","Date":"2022-08-07","Fokontany":"Tsarabanjina","Habitat":"House","Genus":"Mus","Species":"Mus musculus","Sex":"M","Number_of_Fleas":0,"X__cheopis_Count":0,"X__brasiliensis_Count":0,"S__fonquerniei_Count":0,"C__felis_Count":0,"E__gallinacea_Count":0,"F1_RDT":"neg","Bacteriology":"neg","qPCR":"neg","Serology":"neg","Source":"Ramasindrazana et al. 2025. PLoS Negl Trop Dis 19(11):e0013710 (journal_pntd_0013710_s001.xlsx)","Longitude":48.956207999999997,"Latitude":-15.364838000000001}},{"type":"Feature","id":572,"geometry":{"type":"Point","coordinates":[48.95621600000004,-15.364685999999949]},"properties":{"OBJECTID":572,"ID":"TRB87","Date":"2022-08-07","Fokontany":"Tsarabanjina","Habitat":"House","Genus":"Mus","Species":"Mus musculus","Sex":"F","Number_of_Fleas":0,"X__cheopis_Count":0,"X__brasiliensis_Count":0,"S__fonquerniei_Count":0,"C__felis_Count":0,"E__gallinacea_Count":0,"F1_RDT":"neg","Bacteriology":"neg","qPCR":"neg","Serology":"neg","Source":"Ramasindrazana et al. 2025. PLoS Negl Trop Dis 19(11):e0013710 (journal_pntd_0013710_s001.xlsx)","Longitude":48.956215999999998,"Latitude":-15.364686000000001}},{"type":"Feature","id":573,"geometry":{"type":"Point","coordinates":[48.987393000000054,-15.512825999999961]},"properties":{"OBJECTID":573,"ID":"TRB88","Date":"2022-08-07","Fokontany":"Tsarabanjina","Habitat":"House","Genus":"Rattus","Species":"Rattus rattus","Sex":"M","Number_of_Fleas":6,"X__cheopis_Count":0,"X__brasiliensis_Count":7,"S__fonquerniei_Count":0,"C__felis_Count":0,"E__gallinacea_Count":0,"F1_RDT":"neg","Bacteriology":"neg","qPCR":"neg","Serology":"neg","Source":"Ramasindrazana et al. 2025. PLoS Negl Trop Dis 19(11):e0013710 (journal_pntd_0013710_s001.xlsx)","Longitude":48.987392999999997,"Latitude":-15.512826}},{"type":"Feature","id":574,"geometry":{"type":"Point","coordinates":[48.957122000000027,-15.36500499999994]},"properties":{"OBJECTID":574,"ID":"TRB89","Date":"2022-08-07","Fokontany":"Tsarabanjina","Habitat":"House","Genus":"Rattus","Species":"Rattus rattus","Sex":"F","Number_of_Fleas":13,"X__cheopis_Count":0,"X__brasiliensis_Count":15,"S__fonquerniei_Count":0,"C__felis_Count":0,"E__gallinacea_Count":0,"F1_RDT":"neg","Bacteriology":"neg","qPCR":"neg","Serology":"neg","Source":"Ramasindrazana et al. 2025. PLoS Negl Trop Dis 19(11):e0013710 (journal_pntd_0013710_s001.xlsx)","Longitude":48.957121999999998,"Latitude":-15.365005}},{"type":"Feature","id":575,"geometry":{"type":"Point","coordinates":[48.957083000000068,-15.364608999999973]},"properties":{"OBJECTID":575,"ID":"TRB90","Date":"2022-08-07","Fokontany":"Tsarabanjina","Habitat":"House","Genus":"Rattus","Species":"Rattus rattus","Sex":"F","Number_of_Fleas":5,"X__cheopis_Count":0,"X__brasiliensis_Count":5,"S__fonquerniei_Count":0,"C__felis_Count":0,"E__gallinacea_Count":0,"F1_RDT":"neg","Bacteriology":"neg","qPCR":"neg","Serology":"neg","Source":"Ramasindrazana et al. 2025. PLoS Negl Trop Dis 19(11):e0013710 (journal_pntd_0013710_s001.xlsx)","Longitude":48.957082999999997,"Latitude":-15.364609}},{"type":"Feature","id":576,"geometry":{"type":"Point","coordinates":[48.957282000000077,-15.364800999999943]},"properties":{"OBJECTID":576,"ID":"TRB91","Date":"2022-08-07","Fokontany":"Tsarabanjina","Habitat":"House","Genus":"Rattus","Species":"Rattus rattus","Sex":"F","Number_of_Fleas":9,"X__cheopis_Count":0,"X__brasiliensis_Count":10,"S__fonquerniei_Count":0,"C__felis_Count":0,"E__gallinacea_Count":0,"F1_RDT":"neg","Bacteriology":"neg","qPCR":"neg","Serology":"neg","Source":"Ramasindrazana et al. 2025. PLoS Negl Trop Dis 19(11):e0013710 (journal_pntd_0013710_s001.xlsx)","Longitude":48.957281999999999,"Latitude":-15.364801}},{"type":"Feature","id":577,"geometry":{"type":"Point","coordinates":[48.956900000000076,-15.364546999999959]},"properties":{"OBJECTID":577,"ID":"TRB92","Date":"2022-08-07","Fokontany":"Tsarabanjina","Habitat":"House","Genus":"Rattus","Species":"Rattus rattus","Sex":"M","Number_of_Fleas":4,"X__cheopis_Count":0,"X__brasiliensis_Count":3,"S__fonquerniei_Count":0,"C__felis_Count":0,"E__gallinacea_Count":0,"F1_RDT":"neg","Bacteriology":"neg","qPCR":"neg","Serology":"neg","Source":"Ramasindrazana et al. 2025. PLoS Negl Trop Dis 19(11):e0013710 (journal_pntd_0013710_s001.xlsx)","Longitude":48.956899999999997,"Latitude":-15.364547}},{"type":"Feature","id":578,"geometry":{"type":"Point","coordinates":[48.955925000000036,-15.36429499999997]},"properties":{"OBJECTID":578,"ID":"TRB93","Date":"2022-08-07","Fokontany":"Tsarabanjina","Habitat":"House","Genus":"Rattus","Species":"Rattus rattus","Sex":"F","Number_of_Fleas":8,"X__cheopis_Count":0,"X__brasiliensis_Count":8,"S__fonquerniei_Count":0,"C__felis_Count":0,"E__gallinacea_Count":0,"F1_RDT":"neg","Bacteriology":"neg","qPCR":"neg","Serology":"neg","Source":"Ramasindrazana et al. 2025. PLoS Negl Trop Dis 19(11):e0013710 (journal_pntd_0013710_s001.xlsx)","Longitude":48.955925000000001,"Latitude":-15.364295}},{"type":"Feature","id":579,"geometry":{"type":"Point","coordinates":[48.956332000000032,-15.36424999999997]},"properties":{"OBJECTID":579,"ID":"TRB94","Date":"2022-08-07","Fokontany":"Tsarabanjina","Habitat":"House","Genus":"Rattus","Species":"Rattus rattus","Sex":"F","Number_of_Fleas":0,"X__cheopis_Count":0,"X__brasiliensis_Count":0,"S__fonquerniei_Count":0,"C__felis_Count":0,"E__gallinacea_Count":0,"F1_RDT":"neg","Bacteriology":"neg","qPCR":"neg","Serology":"neg","Source":"Ramasindrazana et al. 2025. PLoS Negl Trop Dis 19(11):e0013710 (journal_pntd_0013710_s001.xlsx)","Longitude":48.956332000000003,"Latitude":-15.36425}},{"type":"Feature","id":580,"geometry":{"type":"Point","coordinates":[48.956489000000033,-15.364365999999961]},"properties":{"OBJECTID":580,"ID":"TRB95","Date":"2022-08-07","Fokontany":"Tsarabanjina","Habitat":"House","Genus":"Rattus","Species":"Rattus rattus","Sex":"F","Number_of_Fleas":29,"X__cheopis_Count":0,"X__brasiliensis_Count":30,"S__fonquerniei_Count":0,"C__felis_Count":0,"E__gallinacea_Count":1,"F1_RDT":"neg","Bacteriology":"neg","qPCR":"neg","Serology":"neg","Source":"Ramasindrazana et al. 2025. PLoS Negl Trop Dis 19(11):e0013710 (journal_pntd_0013710_s001.xlsx)","Longitude":48.956488999999998,"Latitude":-15.364366}},{"type":"Feature","id":581,"geometry":{"type":"Point","coordinates":[48.956950000000063,-15.364427999999975]},"properties":{"OBJECTID":581,"ID":"TRB96","Date":"2022-08-07","Fokontany":"Tsarabanjina","Habitat":"House","Genus":"Rattus","Species":"Rattus rattus","Sex":"F","Number_of_Fleas":8,"X__cheopis_Count":0,"X__brasiliensis_Count":9,"S__fonquerniei_Count":0,"C__felis_Count":0,"E__gallinacea_Count":0,"F1_RDT":"neg","Bacteriology":"neg","qPCR":"neg","Serology":"neg","Source":"Ramasindrazana et al. 2025. PLoS Negl Trop Dis 19(11):e0013710 (journal_pntd_0013710_s001.xlsx)","Longitude":48.956949999999999,"Latitude":-15.364428}},{"type":"Feature","id":582,"geometry":{"type":"Point","coordinates":[48.957541000000049,-15.364299999999957]},"properties":{"OBJECTID":582,"ID":"TRB97","Date":"2022-08-07","Fokontany":"Tsarabanjina","Habitat":"House","Genus":"Rattus","Species":"Rattus rattus","Sex":"M","Number_of_Fleas":2,"X__cheopis_Count":0,"X__brasiliensis_Count":2,"S__fonquerniei_Count":0,"C__felis_Count":0,"E__gallinacea_Count":0,"F1_RDT":"neg","Bacteriology":"neg","qPCR":"neg","Serology":"neg","Source":"Ramasindrazana et al. 2025. PLoS Negl Trop Dis 19(11):e0013710 (journal_pntd_0013710_s001.xlsx)","Longitude":48.957540999999999,"Latitude":-15.3643}},{"type":"Feature","id":583,"geometry":{"type":"Point","coordinates":[48.957840000000033,-15.364449999999977]},"properties":{"OBJECTID":583,"ID":"TRB98","Date":"2022-08-07","Fokontany":"Tsarabanjina","Habitat":"House","Genus":"Rattus","Species":"Rattus rattus","Sex":"M","Number_of_Fleas":2,"X__cheopis_Count":0,"X__brasiliensis_Count":2,"S__fonquerniei_Count":0,"C__felis_Count":0,"E__gallinacea_Count":0,"F1_RDT":"neg","Bacteriology":"neg","qPCR":"neg","Serology":"neg","Source":"Ramasindrazana et al. 2025. PLoS Negl Trop Dis 19(11):e0013710 (journal_pntd_0013710_s001.xlsx)","Longitude":48.957839999999997,"Latitude":-15.36445}},{"type":"Feature","id":584,"geometry":{"type":"Point","coordinates":[48.957566000000043,-15.364671999999928]},"properties":{"OBJECTID":584,"ID":"TRB99","Date":"2022-08-07","Fokontany":"Tsarabanjina","Habitat":"House","Genus":"Rattus","Species":"Rattus rattus","Sex":"F","Number_of_Fleas":36,"X__cheopis_Count":0,"X__brasiliensis_Count":35,"S__fonquerniei_Count":0,"C__felis_Count":0,"E__gallinacea_Count":0,"F1_RDT":"neg","Bacteriology":"neg","qPCR":"neg","Serology":"neg","Source":"Ramasindrazana et al. 2025. PLoS Negl Trop Dis 19(11):e0013710 (journal_pntd_0013710_s001.xlsx)","Longitude":48.957566,"Latitude":-15.364672000000001}},{"type":"Feature","id":585,"geometry":{"type":"Point","coordinates":[48.960185000000081,-15.365029999999933]},"properties":{"OBJECTID":585,"ID":"TRB100","Date":"2022-08-07","Fokontany":"Tsarabanjina","Habitat":"House","Genus":"Rattus","Species":"Rattus rattus","Sex":"F","Number_of_Fleas":1,"X__cheopis_Count":0,"X__brasiliensis_Count":1,"S__fonquerniei_Count":0,"C__felis_Count":0,"E__gallinacea_Count":0,"F1_RDT":"neg","Bacteriology":"neg","qPCR":"neg","Serology":"neg","Source":"Ramasindrazana et al. 2025. PLoS Negl Trop Dis 19(11):e0013710 (journal_pntd_0013710_s001.xlsx)","Longitude":48.960185000000003,"Latitude":-15.365030000000001}},{"type":"Feature","id":586,"geometry":{"type":"Point","coordinates":[48.95445200000006,-15.363722999999936]},"properties":{"OBJECTID":586,"ID":"TRB101","Date":"2022-08-08","Fokontany":"Tsarabanjina","Habitat":"outside","Genus":"Rattus","Species":"Rattus rattus","Sex":"M","Number_of_Fleas":0,"X__cheopis_Count":0,"X__brasiliensis_Count":0,"S__fonquerniei_Count":0,"C__felis_Count":0,"E__gallinacea_Count":0,"F1_RDT":"neg","Bacteriology":"neg","qPCR":"neg","Serology":"neg","Source":"Ramasindrazana et al. 2025. PLoS Negl Trop Dis 19(11):e0013710 (journal_pntd_0013710_s001.xlsx)","Longitude":48.954452000000003,"Latitude":-15.363723}},{"type":"Feature","id":587,"geometry":{"type":"Point","coordinates":[48.954631000000063,-15.363269999999943]},"properties":{"OBJECTID":587,"ID":"TRB102","Date":"2022-08-08","Fokontany":"Tsarabanjina","Habitat":"outside","Genus":"Rattus","Species":"Rattus rattus","Sex":"F","Number_of_Fleas":0,"X__cheopis_Count":0,"X__brasiliensis_Count":0,"S__fonquerniei_Count":0,"C__felis_Count":0,"E__gallinacea_Count":0,"F1_RDT":"neg","Bacteriology":"neg","qPCR":"neg","Serology":"neg","Source":"Ramasindrazana et al. 2025. PLoS Negl Trop Dis 19(11):e0013710 (journal_pntd_0013710_s001.xlsx)","Longitude":48.954630999999999,"Latitude":-15.36327}},{"type":"Feature","id":588,"geometry":{"type":"Point","coordinates":[48.954766000000063,-15.363081999999963]},"properties":{"OBJECTID":588,"ID":"TRB103","Date":"2022-08-08","Fokontany":"Tsarabanjina","Habitat":"outside","Genus":"Rattus","Species":"Rattus rattus","Sex":"M","Number_of_Fleas":0,"X__cheopis_Count":0,"X__brasiliensis_Count":0,"S__fonquerniei_Count":0,"C__felis_Count":0,"E__gallinacea_Count":0,"F1_RDT":"neg","Bacteriology":"neg","qPCR":"neg","Serology":"neg","Source":"Ramasindrazana et al. 2025. PLoS Negl Trop Dis 19(11):e0013710 (journal_pntd_0013710_s001.xlsx)","Longitude":48.954765999999999,"Latitude":-15.363082}},{"type":"Feature","id":589,"geometry":{"type":"Point","coordinates":[48.954785000000072,-15.362972999999954]},"properties":{"OBJECTID":589,"ID":"TRB104","Date":"2022-08-08","Fokontany":"Tsarabanjina","Habitat":"outside","Genus":"Rattus","Species":"Rattus rattus","Sex":"M","Number_of_Fleas":0,"X__cheopis_Count":0,"X__brasiliensis_Count":0,"S__fonquerniei_Count":0,"C__felis_Count":0,"E__gallinacea_Count":0,"F1_RDT":"neg","Bacteriology":"neg","qPCR":"neg","Serology":"neg","Source":"Ramasindrazana et al. 2025. PLoS Negl Trop Dis 19(11):e0013710 (journal_pntd_0013710_s001.xlsx)","Longitude":48.954785000000001,"Latitude":-15.362973}},{"type":"Feature","id":590,"geometry":{"type":"Point","coordinates":[48.954361000000063,-15.362617999999941]},"properties":{"OBJECTID":590,"ID":"TRB105","Date":"2022-08-08","Fokontany":"Tsarabanjina","Habitat":"outside","Genus":"Rattus","Species":"Rattus rattus","Sex":"F","Number_of_Fleas":0,"X__cheopis_Count":0,"X__brasiliensis_Count":0,"S__fonquerniei_Count":0,"C__felis_Count":0,"E__gallinacea_Count":0,"F1_RDT":"neg","Bacteriology":"neg","qPCR":"neg","Serology":"neg","Source":"Ramasindrazana et al. 2025. PLoS Negl Trop Dis 19(11):e0013710 (journal_pntd_0013710_s001.xlsx)","Longitude":48.954360999999999,"Latitude":-15.362617999999999}},{"type":"Feature","id":591,"geometry":{"type":"Point","coordinates":[48.954055000000039,-15.362361999999962]},"properties":{"OBJECTID":591,"ID":"TRB106","Date":"2022-08-08","Fokontany":"Tsarabanjina","Habitat":"outside","Genus":"Rattus","Species":"Rattus rattus","Sex":"F","Number_of_Fleas":0,"X__cheopis_Count":0,"X__brasiliensis_Count":0,"S__fonquerniei_Count":0,"C__felis_Count":0,"E__gallinacea_Count":0,"F1_RDT":"neg","Bacteriology":"neg","qPCR":"neg","Serology":"neg","Source":"Ramasindrazana et al. 2025. PLoS Negl Trop Dis 19(11):e0013710 (journal_pntd_0013710_s001.xlsx)","Longitude":48.954054999999997,"Latitude":-15.362361999999999}},{"type":"Feature","id":592,"geometry":{"type":"Point","coordinates":[48.953912000000059,-15.362407999999959]},"properties":{"OBJECTID":592,"ID":"TRB107","Date":"2022-08-08","Fokontany":"Tsarabanjina","Habitat":"outside","Genus":"Rattus","Species":"Rattus rattus","Sex":"M","Number_of_Fleas":0,"X__cheopis_Count":0,"X__brasiliensis_Count":0,"S__fonquerniei_Count":0,"C__felis_Count":0,"E__gallinacea_Count":0,"F1_RDT":"neg","Bacteriology":"neg","qPCR":"neg","Serology":"neg","Source":"Ramasindrazana et al. 2025. PLoS Negl Trop Dis 19(11):e0013710 (journal_pntd_0013710_s001.xlsx)","Longitude":48.953912000000003,"Latitude":-15.362408}},{"type":"Feature","id":593,"geometry":{"type":"Point","coordinates":[48.954304000000036,-15.361915999999951]},"properties":{"OBJECTID":593,"ID":"TRB108","Date":"2022-08-08","Fokontany":"Tsarabanjina","Habitat":"outside","Genus":"Rattus","Species":"Rattus rattus","Sex":"F","Number_of_Fleas":0,"X__cheopis_Count":0,"X__brasiliensis_Count":0,"S__fonquerniei_Count":0,"C__felis_Count":0,"E__gallinacea_Count":0,"F1_RDT":"neg","Bacteriology":"neg","qPCR":"neg","Serology":"neg","Source":"Ramasindrazana et al. 2025. PLoS Negl Trop Dis 19(11):e0013710 (journal_pntd_0013710_s001.xlsx)","Longitude":48.954304,"Latitude":-15.361916000000001}},{"type":"Feature","id":594,"geometry":{"type":"Point","coordinates":[48.956208000000061,-15.364837999999963]},"properties":{"OBJECTID":594,"ID":"TRB109","Date":"2022-08-08","Fokontany":"Tsarabanjina","Habitat":"House","Genus":"Mus","Species":"Mus musculus","Sex":"M","Number_of_Fleas":0,"X__cheopis_Count":0,"X__brasiliensis_Count":0,"S__fonquerniei_Count":0,"C__felis_Count":0,"E__gallinacea_Count":0,"F1_RDT":"neg","Bacteriology":"neg","qPCR":"neg","Serology":"neg","Source":"Ramasindrazana et al. 2025. PLoS Negl Trop Dis 19(11):e0013710 (journal_pntd_0013710_s001.xlsx)","Longitude":48.956207999999997,"Latitude":-15.364838000000001}},{"type":"Feature","id":595,"geometry":{"type":"Point","coordinates":[48.956172000000038,-15.36443799999995]},"properties":{"OBJECTID":595,"ID":"TRB110","Date":"2022-08-08","Fokontany":"Tsarabanjina","Habitat":"House","Genus":"Rattus","Species":"Rattus rattus","Sex":"F","Number_of_Fleas":14,"X__cheopis_Count":0,"X__brasiliensis_Count":14,"S__fonquerniei_Count":0,"C__felis_Count":0,"E__gallinacea_Count":0,"F1_RDT":"neg","Bacteriology":"neg","qPCR":"neg","Serology":"neg","Source":"Ramasindrazana et al. 2025. PLoS Negl Trop Dis 19(11):e0013710 (journal_pntd_0013710_s001.xlsx)","Longitude":48.956172000000002,"Latitude":-15.364438}},{"type":"Feature","id":596,"geometry":{"type":"Point","coordinates":[48.956311000000028,-15.364905999999962]},"properties":{"OBJECTID":596,"ID":"TRB111","Date":"2022-08-08","Fokontany":"Tsarabanjina","Habitat":"House","Genus":"Rattus","Species":"Rattus rattus","Sex":"M","Number_of_Fleas":3,"X__cheopis_Count":0,"X__brasiliensis_Count":3,"S__fonquerniei_Count":0,"C__felis_Count":0,"E__gallinacea_Count":0,"F1_RDT":"neg","Bacteriology":"neg","qPCR":"neg","Serology":"neg","Source":"Ramasindrazana et al. 2025. PLoS Negl Trop Dis 19(11):e0013710 (journal_pntd_0013710_s001.xlsx)","Longitude":48.956310999999999,"Latitude":-15.364906}},{"type":"Feature","id":597,"geometry":{"type":"Point","coordinates":[48.956551000000047,-15.364588999999967]},"properties":{"OBJECTID":597,"ID":"TRB112","Date":"2022-08-08","Fokontany":"Tsarabanjina","Habitat":"House","Genus":"Rattus","Species":"Rattus rattus","Sex":"M","Number_of_Fleas":14,"X__cheopis_Count":0,"X__brasiliensis_Count":18,"S__fonquerniei_Count":0,"C__felis_Count":0,"E__gallinacea_Count":0,"F1_RDT":"neg","Bacteriology":"neg","qPCR":"neg","Serology":"neg","Source":"Ramasindrazana et al. 2025. PLoS Negl Trop Dis 19(11):e0013710 (journal_pntd_0013710_s001.xlsx)","Longitude":48.956550999999997,"Latitude":-15.364589}},{"type":"Feature","id":598,"geometry":{"type":"Point","coordinates":[48.956720000000075,-15.364554999999939]},"properties":{"OBJECTID":598,"ID":"TRB113","Date":"2022-08-08","Fokontany":"Tsarabanjina","Habitat":"House","Genus":"Mus","Species":"Mus musculus","Sex":"M","Number_of_Fleas":0,"X__cheopis_Count":0,"X__brasiliensis_Count":0,"S__fonquerniei_Count":0,"C__felis_Count":0,"E__gallinacea_Count":0,"F1_RDT":"neg","Bacteriology":"neg","qPCR":"neg","Serology":"neg","Source":"Ramasindrazana et al. 2025. PLoS Negl Trop Dis 19(11):e0013710 (journal_pntd_0013710_s001.xlsx)","Longitude":48.956719999999997,"Latitude":-15.364554999999999}},{"type":"Feature","id":599,"geometry":{"type":"Point","coordinates":[48.956716000000029,-15.364956999999947]},"properties":{"OBJECTID":599,"ID":"TRB114","Date":"2022-08-08","Fokontany":"Tsarabanjina","Habitat":"House","Genus":"Rattus","Species":"Rattus rattus","Sex":"M","Number_of_Fleas":10,"X__cheopis_Count":0,"X__brasiliensis_Count":11,"S__fonquerniei_Count":0,"C__felis_Count":0,"E__gallinacea_Count":0,"F1_RDT":"neg","Bacteriology":"neg","qPCR":"neg","Serology":"neg","Source":"Ramasindrazana et al. 2025. PLoS Negl Trop Dis 19(11):e0013710 (journal_pntd_0013710_s001.xlsx)","Longitude":48.956716,"Latitude":-15.364957}},{"type":"Feature","id":600,"geometry":{"type":"Point","coordinates":[48.957192000000077,-15.36503399999998]},"properties":{"OBJECTID":600,"ID":"TRB115","Date":"2022-08-08","Fokontany":"Tsarabanjina","Habitat":"House","Genus":"Rattus","Species":"Rattus rattus","Sex":"F","Number_of_Fleas":7,"X__cheopis_Count":0,"X__brasiliensis_Count":6,"S__fonquerniei_Count":0,"C__felis_Count":0,"E__gallinacea_Count":0,"F1_RDT":"neg","Bacteriology":"neg","qPCR":"neg","Serology":"neg","Source":"Ramasindrazana et al. 2025. PLoS Negl Trop Dis 19(11):e0013710 (journal_pntd_0013710_s001.xlsx)","Longitude":48.957191999999999,"Latitude":-15.365034}},{"type":"Feature","id":601,"geometry":{"type":"Point","coordinates":[48.957328000000075,-15.365046999999947]},"properties":{"OBJECTID":601,"ID":"TRB116","Date":"2022-08-08","Fokontany":"Tsarabanjina","Habitat":"House","Genus":"Mus","Species":"Mus musculus","Sex":"M","Number_of_Fleas":0,"X__cheopis_Count":0,"X__brasiliensis_Count":0,"S__fonquerniei_Count":0,"C__felis_Count":0,"E__gallinacea_Count":0,"F1_RDT":"neg","Bacteriology":"neg","qPCR":"neg","Serology":"neg","Source":"Ramasindrazana et al. 2025. PLoS Negl Trop Dis 19(11):e0013710 (journal_pntd_0013710_s001.xlsx)","Longitude":48.957327999999997,"Latitude":-15.365047000000001}},{"type":"Feature","id":602,"geometry":{"type":"Point","coordinates":[48.955925000000036,-15.36429499999997]},"properties":{"OBJECTID":602,"ID":"TRB117","Date":"2022-08-08","Fokontany":"Tsarabanjina","Habitat":"House","Genus":"Rattus","Species":"Rattus rattus","Sex":"M","Number_of_Fleas":13,"X__cheopis_Count":0,"X__brasiliensis_Count":15,"S__fonquerniei_Count":0,"C__felis_Count":0,"E__gallinacea_Count":0,"F1_RDT":"neg","Bacteriology":"neg","qPCR":"neg","Serology":"neg","Source":"Ramasindrazana et al. 2025. PLoS Negl Trop Dis 19(11):e0013710 (journal_pntd_0013710_s001.xlsx)","Longitude":48.955925000000001,"Latitude":-15.364295}},{"type":"Feature","id":603,"geometry":{"type":"Point","coordinates":[48.956332000000032,-15.36424999999997]},"properties":{"OBJECTID":603,"ID":"TRB118","Date":"2022-08-08","Fokontany":"Tsarabanjina","Habitat":"House","Genus":"Rattus","Species":"Rattus rattus","Sex":"F","Number_of_Fleas":1,"X__cheopis_Count":0,"X__brasiliensis_Count":1,"S__fonquerniei_Count":0,"C__felis_Count":0,"E__gallinacea_Count":0,"F1_RDT":"neg","Bacteriology":"neg","qPCR":"neg","Serology":"neg","Source":"Ramasindrazana et al. 2025. PLoS Negl Trop Dis 19(11):e0013710 (journal_pntd_0013710_s001.xlsx)","Longitude":48.956332000000003,"Latitude":-15.36425}},{"type":"Feature","id":604,"geometry":{"type":"Point","coordinates":[48.956504000000052,-15.364404999999977]},"properties":{"OBJECTID":604,"ID":"TRB119","Date":"2022-08-08","Fokontany":"Tsarabanjina","Habitat":"House","Genus":"Rattus","Species":"Rattus rattus","Sex":"F","Number_of_Fleas":9,"X__cheopis_Count":0,"X__brasiliensis_Count":12,"S__fonquerniei_Count":0,"C__felis_Count":0,"E__gallinacea_Count":0,"F1_RDT":"neg","Bacteriology":"neg","qPCR":"neg","Serology":"neg","Source":"Ramasindrazana et al. 2025. PLoS Negl Trop Dis 19(11):e0013710 (journal_pntd_0013710_s001.xlsx)","Longitude":48.956504000000002,"Latitude":-15.364405}},{"type":"Feature","id":605,"geometry":{"type":"Point","coordinates":[48.956950000000063,-15.364427999999975]},"properties":{"OBJECTID":605,"ID":"TRB120","Date":"2022-08-08","Fokontany":"Tsarabanjina","Habitat":"House","Genus":"Rattus","Species":"Rattus rattus","Sex":"M","Number_of_Fleas":4,"X__cheopis_Count":0,"X__brasiliensis_Count":4,"S__fonquerniei_Count":0,"C__felis_Count":0,"E__gallinacea_Count":0,"F1_RDT":"neg","Bacteriology":"neg","qPCR":"neg","Serology":"neg","Source":"Ramasindrazana et al. 2025. PLoS Negl Trop Dis 19(11):e0013710 (journal_pntd_0013710_s001.xlsx)","Longitude":48.956949999999999,"Latitude":-15.364428}},{"type":"Feature","id":606,"geometry":{"type":"Point","coordinates":[48.957180000000051,-15.364221999999927]},"properties":{"OBJECTID":606,"ID":"TRB121","Date":"2022-08-08","Fokontany":"Tsarabanjina","Habitat":"House","Genus":"Rattus","Species":"Rattus rattus","Sex":"M","Number_of_Fleas":2,"X__cheopis_Count":0,"X__brasiliensis_Count":2,"S__fonquerniei_Count":0,"C__felis_Count":0,"E__gallinacea_Count":0,"F1_RDT":"neg","Bacteriology":"neg","qPCR":"neg","Serology":"neg","Source":"Ramasindrazana et al. 2025. PLoS Negl Trop Dis 19(11):e0013710 (journal_pntd_0013710_s001.xlsx)","Longitude":48.957180000000001,"Latitude":-15.364222}},{"type":"Feature","id":607,"geometry":{"type":"Point","coordinates":[48.957180000000051,-15.364221999999927]},"properties":{"OBJECTID":607,"ID":"TRB122","Date":"2022-08-08","Fokontany":"Tsarabanjina","Habitat":"House","Genus":"Rattus","Species":"Rattus rattus","Sex":"M","Number_of_Fleas":24,"X__cheopis_Count":0,"X__brasiliensis_Count":26,"S__fonquerniei_Count":0,"C__felis_Count":0,"E__gallinacea_Count":0,"F1_RDT":"neg","Bacteriology":"neg","qPCR":"neg","Serology":"neg","Source":"Ramasindrazana et al. 2025. PLoS Negl Trop Dis 19(11):e0013710 (journal_pntd_0013710_s001.xlsx)","Longitude":48.957180000000001,"Latitude":-15.364222}},{"type":"Feature","id":608,"geometry":{"type":"Point","coordinates":[48.957541000000049,-15.364299999999957]},"properties":{"OBJECTID":608,"ID":"TRB123","Date":"2022-08-08","Fokontany":"Tsarabanjina","Habitat":"House","Genus":"Rattus","Species":"Rattus rattus","Sex":"F","Number_of_Fleas":6,"X__cheopis_Count":0,"X__brasiliensis_Count":6,"S__fonquerniei_Count":0,"C__felis_Count":0,"E__gallinacea_Count":0,"F1_RDT":"neg","Bacteriology":"neg","qPCR":"neg","Serology":"neg","Source":"Ramasindrazana et al. 2025. PLoS Negl Trop Dis 19(11):e0013710 (journal_pntd_0013710_s001.xlsx)","Longitude":48.957540999999999,"Latitude":-15.3643}},{"type":"Feature","id":609,"geometry":{"type":"Point","coordinates":[48.957840000000033,-15.364449999999977]},"properties":{"OBJECTID":609,"ID":"TRB124","Date":"2022-08-08","Fokontany":"Tsarabanjina","Habitat":"House","Genus":"Rattus","Species":"Rattus rattus","Sex":"M","Number_of_Fleas":9,"X__cheopis_Count":0,"X__brasiliensis_Count":8,"S__fonquerniei_Count":0,"C__felis_Count":0,"E__gallinacea_Count":0,"F1_RDT":"neg","Bacteriology":"neg","qPCR":"neg","Serology":"neg","Source":"Ramasindrazana et al. 2025. PLoS Negl Trop Dis 19(11):e0013710 (journal_pntd_0013710_s001.xlsx)","Longitude":48.957839999999997,"Latitude":-15.36445}},{"type":"Feature","id":610,"geometry":{"type":"Point","coordinates":[48.956031000000053,-15.364636999999959]},"properties":{"OBJECTID":610,"ID":"TRB125","Date":"2022-08-08","Fokontany":"Tsarabanjina","Habitat":"House","Genus":"Rattus","Species":"Rattus rattus","Sex":"F","Number_of_Fleas":1,"X__cheopis_Count":0,"X__brasiliensis_Count":0,"S__fonquerniei_Count":0,"C__felis_Count":0,"E__gallinacea_Count":0,"F1_RDT":"neg","Bacteriology":"neg","qPCR":"neg","Serology":"neg","Source":"Ramasindrazana et al. 2025. PLoS Negl Trop Dis 19(11):e0013710 (journal_pntd_0013710_s001.xlsx)","Longitude":48.956031000000003,"Latitude":-15.364637}},{"type":"Feature","id":611,"geometry":{"type":"Point","coordinates":[48.957632000000046,-15.364530999999943]},"properties":{"OBJECTID":611,"ID":"TRB126","Date":"2022-08-08","Fokontany":"Tsarabanjina","Habitat":"House","Genus":"Rattus","Species":"Rattus rattus","Sex":"M","Number_of_Fleas":0,"X__cheopis_Count":0,"X__brasiliensis_Count":0,"S__fonquerniei_Count":0,"C__felis_Count":0,"E__gallinacea_Count":0,"F1_RDT":"neg","Bacteriology":"neg","qPCR":"neg","Serology":"neg","Source":"Ramasindrazana et al. 2025. PLoS Negl Trop Dis 19(11):e0013710 (journal_pntd_0013710_s001.xlsx)","Longitude":48.957631999999997,"Latitude":-15.364530999999999}},{"type":"Feature","id":612,"geometry":{"type":"Point","coordinates":[48.957566000000043,-15.364671999999928]},"properties":{"OBJECTID":612,"ID":"TRB127","Date":"2022-08-08","Fokontany":"Tsarabanjina","Habitat":"House","Genus":"Rattus","Species":"Rattus rattus","Sex":"M","Number_of_Fleas":36,"X__cheopis_Count":0,"X__brasiliensis_Count":79,"S__fonquerniei_Count":0,"C__felis_Count":0,"E__gallinacea_Count":0,"F1_RDT":"neg","Bacteriology":"neg","qPCR":"neg","Serology":"neg","Source":"Ramasindrazana et al. 2025. PLoS Negl Trop Dis 19(11):e0013710 (journal_pntd_0013710_s001.xlsx)","Longitude":48.957566,"Latitude":-15.364672000000001}},{"type":"Feature","id":613,"geometry":{"type":"Point","coordinates":[48.959701000000052,-15.365558999999962]},"properties":{"OBJECTID":613,"ID":"TRB128","Date":"2022-08-08","Fokontany":"Tsarabanjina","Habitat":"House","Genus":"Rattus","Species":"Rattus rattus","Sex":"F","Number_of_Fleas":2,"X__cheopis_Count":0,"X__brasiliensis_Count":2,"S__fonquerniei_Count":0,"C__felis_Count":0,"E__gallinacea_Count":0,"F1_RDT":"neg","Bacteriology":"neg","qPCR":"neg","Serology":"neg","Source":"Ramasindrazana et al. 2025. PLoS Negl Trop Dis 19(11):e0013710 (journal_pntd_0013710_s001.xlsx)","Longitude":48.959701000000003,"Latitude":-15.365558999999999}},{"type":"Feature","id":614,"geometry":{"type":"Point","coordinates":[48.960185000000081,-15.365029999999933]},"properties":{"OBJECTID":614,"ID":"TRB129","Date":"2022-08-08","Fokontany":"Tsarabanjina","Habitat":"House","Genus":"Rattus","Species":"Rattus rattus","Sex":"F","Number_of_Fleas":2,"X__cheopis_Count":0,"X__brasiliensis_Count":2,"S__fonquerniei_Count":0,"C__felis_Count":0,"E__gallinacea_Count":0,"F1_RDT":"neg","Bacteriology":"neg","qPCR":"neg","Serology":"neg","Source":"Ramasindrazana et al. 2025. PLoS Negl Trop Dis 19(11):e0013710 (journal_pntd_0013710_s001.xlsx)","Longitude":48.960185000000003,"Latitude":-15.365030000000001}}]}